Host: node0397.palmetto.clemson.edu
CUDA_VISIBLE_DEVICES=0
Sat Oct  3 14:03:54 2026       
+-----------------------------------------------------------------------------------------+
| NVIDIA-SMI 580.178.04             Driver Version: 580.178.04     CUDA Version: 13.0     |
+-----------------------------------------+------------------------+----------------------+
| GPU  Name                 Persistence-M | Bus-Id          Disp.A | Volatile Uncorr. ECC |
| Fan  Temp   Perf          Pwr:Usage/Cap |           Memory-Usage | GPU-Util  Compute M. |
|                                         |                        |               MIG M. |
|=========================================+========================+======================|
|   0  NVIDIA A100 80GB PCIe          Off |   00000000:CA:00.0 Off |                    0 |
| N/A   21C    P0             41W /  300W |     232MiB /  81920MiB |      0%      Default |
|                                         |                        |             Disabled |
+-----------------------------------------+------------------------+----------------------+

+-----------------------------------------------------------------------------------------+
| Processes:                                                                              |
|  GPU   GI   CI              PID   Type   Process name                        GPU Memory |
|        ID   ID                                                               Usage      |
|=========================================================================================|
|    0   N/A  N/A            4179      G   /usr/libexec/Xorg                       106MiB |
|    0   N/A  N/A           58304      G   /usr/libexec/Xorg                       106MiB |
+-----------------------------------------------------------------------------------------+
Job Summary
-----------
              Job ID: 16586959            
            Job Name: ngc4151-dc3-ec1000  
               Nodes: 1                   
     Total CPU Cores: 2                   
           Total Mem: 240.00 GiB          
          Total GPUs: 1                   
  Walltime Requested: 72h0m0s             
              Status: RUNNING             

No usage available
Per Node Stats Over Whole Job
--------------------------
            CPU Cores                     Memory                        
Node        Requested   Avg Used          Requested   Max Used          
node0397    2           0.30 (14.88 %)    240.00 GiB  99.45 MiB (0.04 %)

Current Per Node Stats -- Oct  3 14:03:55
--------------------------
            CPU Cores                     Memory                        
Node        Requested   Usage             Requested   Current Use    Max Used            
node0397    2           0.19 (9.60 %)     240.00 GiB  96.93 MiB      99.45 MiB (0.04 %)  

Node        GPU Model                     Compute Usage  Memory Usage   
node0397    NVIDIA A100 80GB PCIe         0 %            232.00 MiB     

activating heasoft in /home/parshap/miniforge3/heasoft

Current Per Node Stats -- Oct  3 14:04:55
--------------------------
            CPU Cores                     Memory                        
Node        Requested   Usage             Requested   Current Use    Max Used            
node0397    2           0.18 (8.83 %)     240.00 GiB  1.54 GiB       1.54 GiB (0.64 %)   

Node        GPU Model                     Compute Usage  Memory Usage   
node0397    NVIDIA A100 80GB PCIe         0 %            235.00 MiB     


Current Per Node Stats -- Oct  3 14:05:55
--------------------------
            CPU Cores                     Memory                        
Node        Requested   Usage             Requested   Current Use    Max Used            
node0397    2           0.22 (10.97 %)    240.00 GiB  27.06 GiB      27.06 GiB (11.28 %) 

Node        GPU Model                     Compute Usage  Memory Usage   
node0397    NVIDIA A100 80GB PCIe         0 %            235.00 MiB     


Current Per Node Stats -- Oct  3 14:06:55
--------------------------
            CPU Cores                     Memory                        
Node        Requested   Usage             Requested   Current Use    Max Used            
node0397    2           1.00 (49.92 %)    240.00 GiB  33.97 GiB      43.53 GiB (18.14 %) 

Node        GPU Model                     Compute Usage  Memory Usage   
node0397    NVIDIA A100 80GB PCIe         0 %            235.00 MiB     


Current Per Node Stats -- Oct  3 14:07:55
--------------------------
            CPU Cores                     Memory                        
Node        Requested   Usage             Requested   Current Use    Max Used            
node0397    2           1.00 (49.91 %)    240.00 GiB  52.19 GiB      52.20 GiB (21.75 %) 

Node        GPU Model                     Compute Usage  Memory Usage   
node0397    NVIDIA A100 80GB PCIe         0 %            235.00 MiB     


Current Per Node Stats -- Oct  3 14:08:55
--------------------------
            CPU Cores                     Memory                        
Node        Requested   Usage             Requested   Current Use    Max Used            
node0397    2           0.97 (48.55 %)    240.00 GiB  46.35 GiB      53.14 GiB (22.14 %) 

Node        GPU Model                     Compute Usage  Memory Usage   
node0397    NVIDIA A100 80GB PCIe         0 %            235.00 MiB     


Current Per Node Stats -- Oct  3 14:09:55
--------------------------
            CPU Cores                     Memory                        
Node        Requested   Usage             Requested   Current Use    Max Used            
node0397    2           1.00 (49.92 %)    240.00 GiB  49.06 GiB      55.15 GiB (22.98 %) 

Node        GPU Model                     Compute Usage  Memory Usage   
node0397    NVIDIA A100 80GB PCIe         0 %            235.00 MiB     


Current Per Node Stats -- Oct  3 14:10:55
--------------------------
            CPU Cores                     Memory                        
Node        Requested   Usage             Requested   Current Use    Max Used            
node0397    2           1.00 (49.94 %)    240.00 GiB  53.63 GiB      57.68 GiB (24.03 %) 

Node        GPU Model                     Compute Usage  Memory Usage   
node0397    NVIDIA A100 80GB PCIe         0 %            235.00 MiB     


Current Per Node Stats -- Oct  3 14:11:55
--------------------------
            CPU Cores                     Memory                        
Node        Requested   Usage             Requested   Current Use    Max Used            
node0397    2           1.00 (49.90 %)    240.00 GiB  69.89 GiB      69.89 GiB (29.12 %) 

Node        GPU Model                     Compute Usage  Memory Usage   
node0397    NVIDIA A100 80GB PCIe         0 %            235.00 MiB     


Current Per Node Stats -- Oct  3 14:12:55
--------------------------
            CPU Cores                     Memory                        
Node        Requested   Usage             Requested   Current Use    Max Used            
node0397    2           1.00 (49.91 %)    240.00 GiB  73.29 GiB      73.29 GiB (30.54 %) 

Node        GPU Model                     Compute Usage  Memory Usage   
node0397    NVIDIA A100 80GB PCIe         0 %            235.00 MiB     


Current Per Node Stats -- Oct  3 14:13:55
--------------------------
            CPU Cores                     Memory                        
Node        Requested   Usage             Requested   Current Use    Max Used            
node0397    2           1.00 (49.89 %)    240.00 GiB  77.47 GiB      77.47 GiB (32.28 %) 

Node        GPU Model                     Compute Usage  Memory Usage   
node0397    NVIDIA A100 80GB PCIe         0 %            235.00 MiB     


Current Per Node Stats -- Oct  3 14:14:55
--------------------------
            CPU Cores                     Memory                        
Node        Requested   Usage             Requested   Current Use    Max Used            
node0397    2           1.00 (49.92 %)    240.00 GiB  80.14 GiB      80.14 GiB (33.39 %) 

Node        GPU Model                     Compute Usage  Memory Usage   
node0397    NVIDIA A100 80GB PCIe         0 %            235.00 MiB     


Current Per Node Stats -- Oct  3 14:15:55
--------------------------
            CPU Cores                     Memory                        
Node        Requested   Usage             Requested   Current Use    Max Used            
node0397    2           1.00 (49.92 %)    240.00 GiB  81.24 GiB      81.94 GiB (34.14 %) 

Node        GPU Model                     Compute Usage  Memory Usage   
node0397    NVIDIA A100 80GB PCIe         0 %            235.00 MiB     


Current Per Node Stats -- Oct  3 14:16:55
--------------------------
            CPU Cores                     Memory                        
Node        Requested   Usage             Requested   Current Use    Max Used            
node0397    2           1.00 (49.91 %)    240.00 GiB  83.84 GiB      83.84 GiB (34.94 %) 

Node        GPU Model                     Compute Usage  Memory Usage   
node0397    NVIDIA A100 80GB PCIe         0 %            235.00 MiB     


Current Per Node Stats -- Oct  3 14:17:55
--------------------------
            CPU Cores                     Memory                        
Node        Requested   Usage             Requested   Current Use    Max Used            
node0397    2           1.00 (49.91 %)    240.00 GiB  85.69 GiB      85.69 GiB (35.71 %) 

Node        GPU Model                     Compute Usage  Memory Usage   
node0397    NVIDIA A100 80GB PCIe         0 %            235.00 MiB     


Current Per Node Stats -- Oct  3 14:18:55
--------------------------
            CPU Cores                     Memory                        
Node        Requested   Usage             Requested   Current Use    Max Used            
node0397    2           1.00 (49.90 %)    240.00 GiB  42.02 GiB      86.08 GiB (35.87 %) 

Node        GPU Model                     Compute Usage  Memory Usage   
node0397    NVIDIA A100 80GB PCIe         0 %            235.00 MiB     


Current Per Node Stats -- Oct  3 14:19:55
--------------------------
            CPU Cores                     Memory                        
Node        Requested   Usage             Requested   Current Use    Max Used            
node0397    2           0.88 (44.06 %)    240.00 GiB  56.76 GiB      86.08 GiB (35.87 %) 

Node        GPU Model                     Compute Usage  Memory Usage   
node0397    NVIDIA A100 80GB PCIe         0 %            235.00 MiB     


Current Per Node Stats -- Oct  3 14:20:55
--------------------------
            CPU Cores                     Memory                        
Node        Requested   Usage             Requested   Current Use    Max Used            
node0397    2           0.88 (44.23 %)    240.00 GiB  69.66 GiB      86.08 GiB (35.87 %) 

Node        GPU Model                     Compute Usage  Memory Usage   
node0397    NVIDIA A100 80GB PCIe         0 %            235.00 MiB     


Current Per Node Stats -- Oct  3 14:21:55
--------------------------
            CPU Cores                     Memory                        
Node        Requested   Usage             Requested   Current Use    Max Used            
node0397    2           0.88 (44.13 %)    240.00 GiB  82.01 GiB      86.08 GiB (35.87 %) 

Node        GPU Model                     Compute Usage  Memory Usage   
node0397    NVIDIA A100 80GB PCIe         0 %            235.00 MiB     


Current Per Node Stats -- Oct  3 14:22:55
--------------------------
            CPU Cores                     Memory                        
Node        Requested   Usage             Requested   Current Use    Max Used            
node0397    2           0.89 (44.26 %)    240.00 GiB  95.24 GiB      95.24 GiB (39.68 %) 

Node        GPU Model                     Compute Usage  Memory Usage   
node0397    NVIDIA A100 80GB PCIe         0 %            235.00 MiB     


Current Per Node Stats -- Oct  3 14:23:55
--------------------------
            CPU Cores                     Memory                        
Node        Requested   Usage             Requested   Current Use    Max Used            
node0397    2           0.81 (40.59 %)    240.00 GiB  107.24 GiB     107.24 GiB (44.68 %)

Node        GPU Model                     Compute Usage  Memory Usage   
node0397    NVIDIA A100 80GB PCIe         0 %            235.00 MiB     


Current Per Node Stats -- Oct  3 14:24:55
--------------------------
            CPU Cores                     Memory                        
Node        Requested   Usage             Requested   Current Use    Max Used            
node0397    2           0.81 (40.65 %)    240.00 GiB  106.61 GiB     109.40 GiB (45.58 %)

Node        GPU Model                     Compute Usage  Memory Usage   
node0397    NVIDIA A100 80GB PCIe         0 %            235.00 MiB     


Current Per Node Stats -- Oct  3 14:25:55
--------------------------
            CPU Cores                     Memory                        
Node        Requested   Usage             Requested   Current Use    Max Used            
node0397    2           0.82 (41.12 %)    240.00 GiB  109.86 GiB     110.73 GiB (46.14 %)

Node        GPU Model                     Compute Usage  Memory Usage   
node0397    NVIDIA A100 80GB PCIe         0 %            235.00 MiB     


Current Per Node Stats -- Oct  3 14:26:55
--------------------------
            CPU Cores                     Memory                        
Node        Requested   Usage             Requested   Current Use    Max Used            
node0397    2           0.87 (43.55 %)    240.00 GiB  110.21 GiB     110.83 GiB (46.18 %)

Node        GPU Model                     Compute Usage  Memory Usage   
node0397    NVIDIA A100 80GB PCIe         0 %            235.00 MiB     


Current Per Node Stats -- Oct  3 14:27:55
--------------------------
            CPU Cores                     Memory                        
Node        Requested   Usage             Requested   Current Use    Max Used            
node0397    2           0.91 (45.31 %)    240.00 GiB  110.01 GiB     110.83 GiB (46.18 %)

Node        GPU Model                     Compute Usage  Memory Usage   
node0397    NVIDIA A100 80GB PCIe         0 %            235.00 MiB     


Current Per Node Stats -- Oct  3 14:28:55
--------------------------
            CPU Cores                     Memory                        
Node        Requested   Usage             Requested   Current Use    Max Used            
node0397    2           0.95 (47.28 %)    240.00 GiB  110.26 GiB     110.83 GiB (46.18 %)

Node        GPU Model                     Compute Usage  Memory Usage   
node0397    NVIDIA A100 80GB PCIe         0 %            235.00 MiB     


Current Per Node Stats -- Oct  3 14:29:55
--------------------------
            CPU Cores                     Memory                        
Node        Requested   Usage             Requested   Current Use    Max Used            
node0397    2           0.95 (47.69 %)    240.00 GiB  110.43 GiB     110.83 GiB (46.18 %)

Node        GPU Model                     Compute Usage  Memory Usage   
node0397    NVIDIA A100 80GB PCIe         0 %            235.00 MiB     


Current Per Node Stats -- Oct  3 14:30:55
--------------------------
            CPU Cores                     Memory                        
Node        Requested   Usage             Requested   Current Use    Max Used            
node0397    2           0.96 (47.82 %)    240.00 GiB  110.67 GiB     110.83 GiB (46.18 %)

Node        GPU Model                     Compute Usage  Memory Usage   
node0397    NVIDIA A100 80GB PCIe         0 %            235.00 MiB     


Current Per Node Stats -- Oct  3 14:31:55
--------------------------
            CPU Cores                     Memory                        
Node        Requested   Usage             Requested   Current Use    Max Used            
node0397    2           0.95 (47.57 %)    240.00 GiB  110.89 GiB     110.90 GiB (46.21 %)

Node        GPU Model                     Compute Usage  Memory Usage   
node0397    NVIDIA A100 80GB PCIe         0 %            235.00 MiB     


Current Per Node Stats -- Oct  3 14:32:55
--------------------------
            CPU Cores                     Memory                        
Node        Requested   Usage             Requested   Current Use    Max Used            
node0397    2           0.95 (47.55 %)    240.00 GiB  111.14 GiB     111.15 GiB (46.31 %)

Node        GPU Model                     Compute Usage  Memory Usage   
node0397    NVIDIA A100 80GB PCIe         0 %            235.00 MiB     


Current Per Node Stats -- Oct  3 14:33:55
--------------------------
            CPU Cores                     Memory                        
Node        Requested   Usage             Requested   Current Use    Max Used            
node0397    2           0.96 (48.01 %)    240.00 GiB  111.47 GiB     111.48 GiB (46.45 %)

Node        GPU Model                     Compute Usage  Memory Usage   
node0397    NVIDIA A100 80GB PCIe         0 %            235.00 MiB     


Current Per Node Stats -- Oct  3 14:34:55
--------------------------
            CPU Cores                     Memory                        
Node        Requested   Usage             Requested   Current Use    Max Used            
node0397    2           0.94 (47.14 %)    240.00 GiB  112.33 GiB     112.33 GiB (46.80 %)

Node        GPU Model                     Compute Usage  Memory Usage   
node0397    NVIDIA A100 80GB PCIe         0 %            235.00 MiB     


Current Per Node Stats -- Oct  3 14:35:55
--------------------------
            CPU Cores                     Memory                        
Node        Requested   Usage             Requested   Current Use    Max Used            
node0397    2           0.96 (47.76 %)    240.00 GiB  113.22 GiB     113.22 GiB (47.18 %)

Node        GPU Model                     Compute Usage  Memory Usage   
node0397    NVIDIA A100 80GB PCIe         0 %            235.00 MiB     


Current Per Node Stats -- Oct  3 14:36:55
--------------------------
            CPU Cores                     Memory                        
Node        Requested   Usage             Requested   Current Use    Max Used            
node0397    2           0.95 (47.47 %)    240.00 GiB  114.24 GiB     114.24 GiB (47.60 %)

Node        GPU Model                     Compute Usage  Memory Usage   
node0397    NVIDIA A100 80GB PCIe         0 %            235.00 MiB     


Current Per Node Stats -- Oct  3 14:37:55
--------------------------
            CPU Cores                     Memory                        
Node        Requested   Usage             Requested   Current Use    Max Used            
node0397    2           0.96 (47.76 %)    240.00 GiB  115.31 GiB     115.31 GiB (48.05 %)

Node        GPU Model                     Compute Usage  Memory Usage   
node0397    NVIDIA A100 80GB PCIe         0 %            235.00 MiB     


Current Per Node Stats -- Oct  3 14:38:55
--------------------------
            CPU Cores                     Memory                        
Node        Requested   Usage             Requested   Current Use    Max Used            
node0397    2           0.92 (46.16 %)    240.00 GiB  116.60 GiB     116.60 GiB (48.59 %)

Node        GPU Model                     Compute Usage  Memory Usage   
node0397    NVIDIA A100 80GB PCIe         0 %            235.00 MiB     


Current Per Node Stats -- Oct  3 14:39:55
--------------------------
            CPU Cores                     Memory                        
Node        Requested   Usage             Requested   Current Use    Max Used            
node0397    2           0.95 (47.73 %)    240.00 GiB  117.78 GiB     117.78 GiB (49.08 %)

Node        GPU Model                     Compute Usage  Memory Usage   
node0397    NVIDIA A100 80GB PCIe         0 %            235.00 MiB     


Current Per Node Stats -- Oct  3 14:40:55
--------------------------
            CPU Cores                     Memory                        
Node        Requested   Usage             Requested   Current Use    Max Used            
node0397    2           0.95 (47.56 %)    240.00 GiB  119.04 GiB     119.04 GiB (49.60 %)

Node        GPU Model                     Compute Usage  Memory Usage   
node0397    NVIDIA A100 80GB PCIe         0 %            235.00 MiB     


Current Per Node Stats -- Oct  3 14:41:55
--------------------------
            CPU Cores                     Memory                        
Node        Requested   Usage             Requested   Current Use    Max Used            
node0397    2           0.96 (47.99 %)    240.00 GiB  120.15 GiB     120.15 GiB (50.06 %)

Node        GPU Model                     Compute Usage  Memory Usage   
node0397    NVIDIA A100 80GB PCIe         0 %            235.00 MiB     


Current Per Node Stats -- Oct  3 14:42:55
--------------------------
            CPU Cores                     Memory                        
Node        Requested   Usage             Requested   Current Use    Max Used            
node0397    2           0.96 (48.14 %)    240.00 GiB  121.12 GiB     121.12 GiB (50.47 %)

Node        GPU Model                     Compute Usage  Memory Usage   
node0397    NVIDIA A100 80GB PCIe         0 %            235.00 MiB     


Current Per Node Stats -- Oct  3 14:43:55
--------------------------
            CPU Cores                     Memory                        
Node        Requested   Usage             Requested   Current Use    Max Used            
node0397    2           0.98 (49.13 %)    240.00 GiB  124.70 GiB     133.96 GiB (55.82 %)

Node        GPU Model                     Compute Usage  Memory Usage   
node0397    NVIDIA A100 80GB PCIe         0 %            235.00 MiB     


Current Per Node Stats -- Oct  3 14:44:55
--------------------------
            CPU Cores                     Memory                        
Node        Requested   Usage             Requested   Current Use    Max Used            
node0397    2           0.69 (34.25 %)    240.00 GiB  127.44 GiB     133.96 GiB (55.82 %)

Node        GPU Model                     Compute Usage  Memory Usage   
node0397    NVIDIA A100 80GB PCIe         0 %            1.34 GiB       


Current Per Node Stats -- Oct  3 14:45:55
--------------------------
            CPU Cores                     Memory                        
Node        Requested   Usage             Requested   Current Use    Max Used            
node0397    2           1.00 (49.89 %)    240.00 GiB  129.24 GiB     133.96 GiB (55.82 %)

Node        GPU Model                     Compute Usage  Memory Usage   
node0397    NVIDIA A100 80GB PCIe         0 %            1.34 GiB       


Current Per Node Stats -- Oct  3 14:46:55
--------------------------
            CPU Cores                     Memory                        
Node        Requested   Usage             Requested   Current Use    Max Used            
node0397    2           1.00 (49.91 %)    240.00 GiB  129.10 GiB     133.96 GiB (55.82 %)

Node        GPU Model                     Compute Usage  Memory Usage   
node0397    NVIDIA A100 80GB PCIe         0 %            1.34 GiB       


Current Per Node Stats -- Oct  3 14:47:55
--------------------------
            CPU Cores                     Memory                        
Node        Requested   Usage             Requested   Current Use    Max Used            
node0397    2           1.00 (49.92 %)    240.00 GiB  131.81 GiB     133.96 GiB (55.82 %)

Node        GPU Model                     Compute Usage  Memory Usage   
node0397    NVIDIA A100 80GB PCIe         0 %            1.34 GiB       


Current Per Node Stats -- Oct  3 14:48:55
--------------------------
            CPU Cores                     Memory                        
Node        Requested   Usage             Requested   Current Use    Max Used            
node0397    2           1.00 (49.94 %)    240.00 GiB  131.68 GiB     133.96 GiB (55.82 %)

Node        GPU Model                     Compute Usage  Memory Usage   
node0397    NVIDIA A100 80GB PCIe         0 %            1.34 GiB       


Current Per Node Stats -- Oct  3 14:49:55
--------------------------
            CPU Cores                     Memory                        
Node        Requested   Usage             Requested   Current Use    Max Used            
node0397    2           1.00 (49.93 %)    240.00 GiB  131.18 GiB     133.96 GiB (55.82 %)

Node        GPU Model                     Compute Usage  Memory Usage   
node0397    NVIDIA A100 80GB PCIe         0 %            1.34 GiB       


Current Per Node Stats -- Oct  3 14:50:55
--------------------------
            CPU Cores                     Memory                        
Node        Requested   Usage             Requested   Current Use    Max Used            
node0397    2           0.99 (49.46 %)    240.00 GiB  134.73 GiB     134.73 GiB (56.14 %)

Node        GPU Model                     Compute Usage  Memory Usage   
node0397    NVIDIA A100 80GB PCIe         99 %           12.25 GiB      


Current Per Node Stats -- Oct  3 14:51:55
--------------------------
            CPU Cores                     Memory                        
Node        Requested   Usage             Requested   Current Use    Max Used            
node0397    2           1.00 (50.05 %)    240.00 GiB  134.76 GiB     134.76 GiB (56.15 %)

Node        GPU Model                     Compute Usage  Memory Usage   
node0397    NVIDIA A100 80GB PCIe         99 %           12.25 GiB      


Current Per Node Stats -- Oct  3 14:52:55
--------------------------
            CPU Cores                     Memory                        
Node        Requested   Usage             Requested   Current Use    Max Used            
node0397    2           1.00 (50.05 %)    240.00 GiB  134.78 GiB     134.78 GiB (56.16 %)

Node        GPU Model                     Compute Usage  Memory Usage   
node0397    NVIDIA A100 80GB PCIe         99 %           12.25 GiB      


Current Per Node Stats -- Oct  3 14:53:55
--------------------------
            CPU Cores                     Memory                        
Node        Requested   Usage             Requested   Current Use    Max Used            
node0397    2           1.00 (50.05 %)    240.00 GiB  134.81 GiB     134.81 GiB (56.17 %)

Node        GPU Model                     Compute Usage  Memory Usage   
node0397    NVIDIA A100 80GB PCIe         99 %           12.25 GiB      


Current Per Node Stats -- Oct  3 14:54:55
--------------------------
            CPU Cores                     Memory                        
Node        Requested   Usage             Requested   Current Use    Max Used            
node0397    2           1.00 (50.13 %)    240.00 GiB  134.83 GiB     134.86 GiB (56.19 %)

Node        GPU Model                     Compute Usage  Memory Usage   
node0397    NVIDIA A100 80GB PCIe         99 %           12.25 GiB      


Current Per Node Stats -- Oct  3 14:55:55
--------------------------
            CPU Cores                     Memory                        
Node        Requested   Usage             Requested   Current Use    Max Used            
node0397    2           1.00 (50.05 %)    240.00 GiB  134.86 GiB     134.86 GiB (56.19 %)

Node        GPU Model                     Compute Usage  Memory Usage   
node0397    NVIDIA A100 80GB PCIe         99 %           12.25 GiB      


Current Per Node Stats -- Oct  3 14:56:55
--------------------------
            CPU Cores                     Memory                        
Node        Requested   Usage             Requested   Current Use    Max Used            
node0397    2           1.00 (50.05 %)    240.00 GiB  134.88 GiB     134.88 GiB (56.20 %)

Node        GPU Model                     Compute Usage  Memory Usage   
node0397    NVIDIA A100 80GB PCIe         99 %           12.25 GiB      


Current Per Node Stats -- Oct  3 14:57:55
--------------------------
            CPU Cores                     Memory                        
Node        Requested   Usage             Requested   Current Use    Max Used            
node0397    2           1.00 (50.06 %)    240.00 GiB  134.91 GiB     134.91 GiB (56.21 %)

Node        GPU Model                     Compute Usage  Memory Usage   
node0397    NVIDIA A100 80GB PCIe         99 %           12.25 GiB      


Current Per Node Stats -- Oct  3 14:58:55
--------------------------
            CPU Cores                     Memory                        
Node        Requested   Usage             Requested   Current Use    Max Used            
node0397    2           1.00 (50.04 %)    240.00 GiB  134.94 GiB     134.94 GiB (56.22 %)

Node        GPU Model                     Compute Usage  Memory Usage   
node0397    NVIDIA A100 80GB PCIe         99 %           12.25 GiB      


Current Per Node Stats -- Oct  3 14:59:55
--------------------------
            CPU Cores                     Memory                        
Node        Requested   Usage             Requested   Current Use    Max Used            
node0397    2           1.00 (50.05 %)    240.00 GiB  134.96 GiB     134.96 GiB (56.23 %)

Node        GPU Model                     Compute Usage  Memory Usage   
node0397    NVIDIA A100 80GB PCIe         99 %           12.25 GiB      


Current Per Node Stats -- Oct  3 15:00:55
--------------------------
            CPU Cores                     Memory                        
Node        Requested   Usage             Requested   Current Use    Max Used            
node0397    2           1.00 (50.19 %)    240.00 GiB  134.99 GiB     134.99 GiB (56.25 %)

Node        GPU Model                     Compute Usage  Memory Usage   
node0397    NVIDIA A100 80GB PCIe         99 %           12.25 GiB      


Current Per Node Stats -- Oct  3 15:01:55
--------------------------
            CPU Cores                     Memory                        
Node        Requested   Usage             Requested   Current Use    Max Used            
node0397    2           1.00 (50.05 %)    240.00 GiB  135.01 GiB     135.01 GiB (56.26 %)

Node        GPU Model                     Compute Usage  Memory Usage   
node0397    NVIDIA A100 80GB PCIe         99 %           12.25 GiB      


Current Per Node Stats -- Oct  3 15:02:55
--------------------------
            CPU Cores                     Memory                        
Node        Requested   Usage             Requested   Current Use    Max Used            
node0397    2           1.00 (50.05 %)    240.00 GiB  135.04 GiB     135.04 GiB (56.27 %)

Node        GPU Model                     Compute Usage  Memory Usage   
node0397    NVIDIA A100 80GB PCIe         98 %           12.25 GiB      


Current Per Node Stats -- Oct  3 15:03:55
--------------------------
            CPU Cores                     Memory                        
Node        Requested   Usage             Requested   Current Use    Max Used            
node0397    2           1.00 (50.05 %)    240.00 GiB  135.06 GiB     135.06 GiB (56.28 %)

Node        GPU Model                     Compute Usage  Memory Usage   
node0397    NVIDIA A100 80GB PCIe         99 %           12.25 GiB      


Current Per Node Stats -- Oct  3 15:04:55
--------------------------
            CPU Cores                     Memory                        
Node        Requested   Usage             Requested   Current Use    Max Used            
node0397    2           1.00 (50.05 %)    240.00 GiB  135.09 GiB     135.09 GiB (56.29 %)

Node        GPU Model                     Compute Usage  Memory Usage   
node0397    NVIDIA A100 80GB PCIe         98 %           12.25 GiB      


Current Per Node Stats -- Oct  3 15:05:55
--------------------------
            CPU Cores                     Memory                        
Node        Requested   Usage             Requested   Current Use    Max Used            
node0397    2           1.00 (50.05 %)    240.00 GiB  135.12 GiB     135.12 GiB (56.30 %)

Node        GPU Model                     Compute Usage  Memory Usage   
node0397    NVIDIA A100 80GB PCIe         99 %           12.25 GiB      


Current Per Node Stats -- Oct  3 15:06:55
--------------------------
            CPU Cores                     Memory                        
Node        Requested   Usage             Requested   Current Use    Max Used            
node0397    2           1.00 (50.04 %)    240.00 GiB  135.14 GiB     135.14 GiB (56.31 %)

Node        GPU Model                     Compute Usage  Memory Usage   
node0397    NVIDIA A100 80GB PCIe         99 %           12.25 GiB      


Current Per Node Stats -- Oct  3 15:07:55
--------------------------
            CPU Cores                     Memory                        
Node        Requested   Usage             Requested   Current Use    Max Used            
node0397    2           1.00 (50.05 %)    240.00 GiB  135.17 GiB     135.17 GiB (56.32 %)

Node        GPU Model                     Compute Usage  Memory Usage   
node0397    NVIDIA A100 80GB PCIe         99 %           12.25 GiB      


Current Per Node Stats -- Oct  3 15:08:55
--------------------------
            CPU Cores                     Memory                        
Node        Requested   Usage             Requested   Current Use    Max Used            
node0397    2           1.00 (50.05 %)    240.00 GiB  135.19 GiB     135.19 GiB (56.33 %)

Node        GPU Model                     Compute Usage  Memory Usage   
node0397    NVIDIA A100 80GB PCIe         99 %           12.25 GiB      


Current Per Node Stats -- Oct  3 15:09:55
--------------------------
            CPU Cores                     Memory                        
Node        Requested   Usage             Requested   Current Use    Max Used            
node0397    2           1.00 (50.05 %)    240.00 GiB  135.22 GiB     135.22 GiB (56.34 %)

Node        GPU Model                     Compute Usage  Memory Usage   
node0397    NVIDIA A100 80GB PCIe         99 %           12.25 GiB      


Current Per Node Stats -- Oct  3 15:10:55
--------------------------
            CPU Cores                     Memory                        
Node        Requested   Usage             Requested   Current Use    Max Used            
node0397    2           1.00 (50.05 %)    240.00 GiB  135.24 GiB     135.24 GiB (56.35 %)

Node        GPU Model                     Compute Usage  Memory Usage   
node0397    NVIDIA A100 80GB PCIe         99 %           12.25 GiB      


Current Per Node Stats -- Oct  3 15:11:55
--------------------------
            CPU Cores                     Memory                        
Node        Requested   Usage             Requested   Current Use    Max Used            
node0397    2           1.00 (50.06 %)    240.00 GiB  135.27 GiB     135.27 GiB (56.36 %)

Node        GPU Model                     Compute Usage  Memory Usage   
node0397    NVIDIA A100 80GB PCIe         99 %           12.25 GiB      


Current Per Node Stats -- Oct  3 15:12:55
--------------------------
            CPU Cores                     Memory                        
Node        Requested   Usage             Requested   Current Use    Max Used            
node0397    2           1.00 (50.05 %)    240.00 GiB  135.30 GiB     135.30 GiB (56.37 %)

Node        GPU Model                     Compute Usage  Memory Usage   
node0397    NVIDIA A100 80GB PCIe         99 %           12.25 GiB      


Current Per Node Stats -- Oct  3 15:13:55
--------------------------
            CPU Cores                     Memory                        
Node        Requested   Usage             Requested   Current Use    Max Used            
node0397    2           1.00 (50.05 %)    240.00 GiB  135.32 GiB     135.32 GiB (56.38 %)

Node        GPU Model                     Compute Usage  Memory Usage   
node0397    NVIDIA A100 80GB PCIe         99 %           12.25 GiB      


Current Per Node Stats -- Oct  3 15:14:55
--------------------------
            CPU Cores                     Memory                        
Node        Requested   Usage             Requested   Current Use    Max Used            
node0397    2           1.00 (49.98 %)    240.00 GiB  135.69 GiB     140.36 GiB (58.49 %)

Node        GPU Model                     Compute Usage  Memory Usage   
node0397    NVIDIA A100 80GB PCIe         0 %            12.25 GiB      


Current Per Node Stats -- Oct  3 15:15:55
--------------------------
            CPU Cores                     Memory                        
Node        Requested   Usage             Requested   Current Use    Max Used            
node0397    2           0.95 (47.39 %)    240.00 GiB  125.73 GiB     140.36 GiB (58.49 %)

Node        GPU Model                     Compute Usage  Memory Usage   
node0397    NVIDIA A100 80GB PCIe         19 %           879.00 MiB     


Current Per Node Stats -- Oct  3 15:16:55
--------------------------
            CPU Cores                     Memory                        
Node        Requested   Usage             Requested   Current Use    Max Used            
node0397    2           1.00 (49.90 %)    240.00 GiB  132.25 GiB     140.36 GiB (58.49 %)

Node        GPU Model                     Compute Usage  Memory Usage   
node0397    NVIDIA A100 80GB PCIe         0 %            879.00 MiB     


Current Per Node Stats -- Oct  3 15:17:55
--------------------------
            CPU Cores                     Memory                        
Node        Requested   Usage             Requested   Current Use    Max Used            
node0397    2           1.00 (49.88 %)    240.00 GiB  121.15 GiB     140.36 GiB (58.49 %)

Node        GPU Model                     Compute Usage  Memory Usage   
node0397    NVIDIA A100 80GB PCIe         20 %           879.00 MiB     


Current Per Node Stats -- Oct  3 15:18:55
--------------------------
            CPU Cores                     Memory                        
Node        Requested   Usage             Requested   Current Use    Max Used            
node0397    2           1.00 (49.88 %)    240.00 GiB  127.95 GiB     140.36 GiB (58.49 %)

Node        GPU Model                     Compute Usage  Memory Usage   
node0397    NVIDIA A100 80GB PCIe         17 %           927.00 MiB     


Current Per Node Stats -- Oct  3 15:19:55
--------------------------
            CPU Cores                     Memory                        
Node        Requested   Usage             Requested   Current Use    Max Used            
node0397    2           1.00 (49.93 %)    240.00 GiB  133.70 GiB     140.36 GiB (58.49 %)

Node        GPU Model                     Compute Usage  Memory Usage   
node0397    NVIDIA A100 80GB PCIe         0 %            927.00 MiB     


Current Per Node Stats -- Oct  3 15:20:55
--------------------------
            CPU Cores                     Memory                        
Node        Requested   Usage             Requested   Current Use    Max Used            
node0397    2           1.00 (49.86 %)    240.00 GiB  128.08 GiB     140.36 GiB (58.49 %)

Node        GPU Model                     Compute Usage  Memory Usage   
node0397    NVIDIA A100 80GB PCIe         21 %           927.00 MiB     


Current Per Node Stats -- Oct  3 15:21:55
--------------------------
            CPU Cores                     Memory                        
Node        Requested   Usage             Requested   Current Use    Max Used            
node0397    2           1.00 (49.90 %)    240.00 GiB  134.83 GiB     140.36 GiB (58.49 %)

Node        GPU Model                     Compute Usage  Memory Usage   
node0397    NVIDIA A100 80GB PCIe         0 %            927.00 MiB     


Current Per Node Stats -- Oct  3 15:22:55
--------------------------
            CPU Cores                     Memory                        
Node        Requested   Usage             Requested   Current Use    Max Used            
node0397    2           1.00 (49.86 %)    240.00 GiB  133.95 GiB     140.36 GiB (58.49 %)

Node        GPU Model                     Compute Usage  Memory Usage   
node0397    NVIDIA A100 80GB PCIe         21 %           951.00 MiB     


Current Per Node Stats -- Oct  3 15:23:55
--------------------------
            CPU Cores                     Memory                        
Node        Requested   Usage             Requested   Current Use    Max Used            
node0397    2           1.00 (49.88 %)    240.00 GiB  138.23 GiB     140.36 GiB (58.49 %)

Node        GPU Model                     Compute Usage  Memory Usage   
node0397    NVIDIA A100 80GB PCIe         0 %            951.00 MiB     


Current Per Node Stats -- Oct  3 15:24:55
--------------------------
            CPU Cores                     Memory                        
Node        Requested   Usage             Requested   Current Use    Max Used            
node0397    2           1.00 (49.94 %)    240.00 GiB  139.86 GiB     140.36 GiB (58.49 %)

Node        GPU Model                     Compute Usage  Memory Usage   
node0397    NVIDIA A100 80GB PCIe         0 %            951.00 MiB     


Current Per Node Stats -- Oct  3 15:25:55
--------------------------
            CPU Cores                     Memory                        
Node        Requested   Usage             Requested   Current Use    Max Used            
node0397    2           1.00 (49.94 %)    240.00 GiB  141.62 GiB     141.62 GiB (59.01 %)

Node        GPU Model                     Compute Usage  Memory Usage   
node0397    NVIDIA A100 80GB PCIe         0 %            951.00 MiB     


Current Per Node Stats -- Oct  3 15:26:55
--------------------------
            CPU Cores                     Memory                        
Node        Requested   Usage             Requested   Current Use    Max Used            
node0397    2           1.00 (49.88 %)    240.00 GiB  133.37 GiB     141.77 GiB (59.07 %)

Node        GPU Model                     Compute Usage  Memory Usage   
node0397    NVIDIA A100 80GB PCIe         21 %           951.00 MiB     


Current Per Node Stats -- Oct  3 15:27:55
--------------------------
            CPU Cores                     Memory                        
Node        Requested   Usage             Requested   Current Use    Max Used            
node0397    2           1.00 (49.91 %)    240.00 GiB  140.30 GiB     141.77 GiB (59.07 %)

Node        GPU Model                     Compute Usage  Memory Usage   
node0397    NVIDIA A100 80GB PCIe         0 %            951.00 MiB     


Current Per Node Stats -- Oct  3 15:28:55
--------------------------
            CPU Cores                     Memory                        
Node        Requested   Usage             Requested   Current Use    Max Used            
node0397    2           1.00 (49.94 %)    240.00 GiB  127.95 GiB     141.77 GiB (59.07 %)

Node        GPU Model                     Compute Usage  Memory Usage   
node0397    NVIDIA A100 80GB PCIe         24 %           951.00 MiB     


Current Per Node Stats -- Oct  3 15:29:55
--------------------------
            CPU Cores                     Memory                        
Node        Requested   Usage             Requested   Current Use    Max Used            
node0397    2           1.00 (49.88 %)    240.00 GiB  134.74 GiB     141.77 GiB (59.07 %)

Node        GPU Model                     Compute Usage  Memory Usage   
node0397    NVIDIA A100 80GB PCIe         20 %           951.00 MiB     


Current Per Node Stats -- Oct  3 15:30:55
--------------------------
            CPU Cores                     Memory                        
Node        Requested   Usage             Requested   Current Use    Max Used            
node0397    2           1.00 (49.92 %)    240.00 GiB  140.78 GiB     141.77 GiB (59.07 %)

Node        GPU Model                     Compute Usage  Memory Usage   
node0397    NVIDIA A100 80GB PCIe         0 %            951.00 MiB     


Current Per Node Stats -- Oct  3 15:31:55
--------------------------
            CPU Cores                     Memory                        
Node        Requested   Usage             Requested   Current Use    Max Used            
node0397    2           1.00 (49.93 %)    240.00 GiB  134.22 GiB     142.93 GiB (59.55 %)

Node        GPU Model                     Compute Usage  Memory Usage   
node0397    NVIDIA A100 80GB PCIe         25 %           951.00 MiB     


Current Per Node Stats -- Oct  3 15:32:55
--------------------------
            CPU Cores                     Memory                        
Node        Requested   Usage             Requested   Current Use    Max Used            
node0397    2           0.99 (49.63 %)    240.00 GiB  141.09 GiB     142.93 GiB (59.55 %)

Node        GPU Model                     Compute Usage  Memory Usage   
node0397    NVIDIA A100 80GB PCIe         0 %            951.00 MiB     


Current Per Node Stats -- Oct  3 15:33:55
--------------------------
            CPU Cores                     Memory                        
Node        Requested   Usage             Requested   Current Use    Max Used            
node0397    2           1.00 (49.90 %)    240.00 GiB  140.96 GiB     142.93 GiB (59.55 %)

Node        GPU Model                     Compute Usage  Memory Usage   
node0397    NVIDIA A100 80GB PCIe         0 %            951.00 MiB     


Current Per Node Stats -- Oct  3 15:34:55
--------------------------
            CPU Cores                     Memory                        
Node        Requested   Usage             Requested   Current Use    Max Used            
node0397    2           1.00 (49.93 %)    240.00 GiB  142.66 GiB     142.93 GiB (59.55 %)

Node        GPU Model                     Compute Usage  Memory Usage   
node0397    NVIDIA A100 80GB PCIe         0 %            951.00 MiB     


Current Per Node Stats -- Oct  3 15:35:55
--------------------------
            CPU Cores                     Memory                        
Node        Requested   Usage             Requested   Current Use    Max Used            
node0397    2           1.00 (49.91 %)    240.00 GiB  143.97 GiB     143.97 GiB (59.99 %)

Node        GPU Model                     Compute Usage  Memory Usage   
node0397    NVIDIA A100 80GB PCIe         0 %            975.00 MiB     


Current Per Node Stats -- Oct  3 15:36:55
--------------------------
            CPU Cores                     Memory                        
Node        Requested   Usage             Requested   Current Use    Max Used            
node0397    2           1.00 (49.94 %)    240.00 GiB  145.18 GiB     145.37 GiB (60.57 %)

Node        GPU Model                     Compute Usage  Memory Usage   
node0397    NVIDIA A100 80GB PCIe         0 %            975.00 MiB     


Current Per Node Stats -- Oct  3 15:37:55
--------------------------
            CPU Cores                     Memory                        
Node        Requested   Usage             Requested   Current Use    Max Used            
node0397    2           1.00 (49.93 %)    240.00 GiB  146.70 GiB     146.70 GiB (61.13 %)

Node        GPU Model                     Compute Usage  Memory Usage   
node0397    NVIDIA A100 80GB PCIe         0 %            975.00 MiB     


Current Per Node Stats -- Oct  3 15:38:55
--------------------------
            CPU Cores                     Memory                        
Node        Requested   Usage             Requested   Current Use    Max Used            
node0397    2           1.00 (49.93 %)    240.00 GiB  148.62 GiB     148.62 GiB (61.92 %)

Node        GPU Model                     Compute Usage  Memory Usage   
node0397    NVIDIA A100 80GB PCIe         0 %            975.00 MiB     


Current Per Node Stats -- Oct  3 15:39:55
--------------------------
            CPU Cores                     Memory                        
Node        Requested   Usage             Requested   Current Use    Max Used            
node0397    2           1.00 (49.90 %)    240.00 GiB  146.22 GiB     149.07 GiB (62.11 %)

Node        GPU Model                     Compute Usage  Memory Usage   
node0397    NVIDIA A100 80GB PCIe         0 %            975.00 MiB     


Current Per Node Stats -- Oct  3 15:40:55
--------------------------
            CPU Cores                     Memory                        
Node        Requested   Usage             Requested   Current Use    Max Used            
node0397    2           1.00 (49.94 %)    240.00 GiB  147.17 GiB     149.07 GiB (62.11 %)

Node        GPU Model                     Compute Usage  Memory Usage   
node0397    NVIDIA A100 80GB PCIe         0 %            975.00 MiB     


Current Per Node Stats -- Oct  3 15:41:55
--------------------------
            CPU Cores                     Memory                        
Node        Requested   Usage             Requested   Current Use    Max Used            
node0397    2           1.00 (49.95 %)    240.00 GiB  148.93 GiB     149.07 GiB (62.11 %)

Node        GPU Model                     Compute Usage  Memory Usage   
node0397    NVIDIA A100 80GB PCIe         0 %            975.00 MiB     


Current Per Node Stats -- Oct  3 15:42:55
--------------------------
            CPU Cores                     Memory                        
Node        Requested   Usage             Requested   Current Use    Max Used            
node0397    2           1.00 (49.89 %)    240.00 GiB  120.73 GiB     149.07 GiB (62.11 %)

Node        GPU Model                     Compute Usage  Memory Usage   
node0397    NVIDIA A100 80GB PCIe         20 %           975.00 MiB     


Current Per Node Stats -- Oct  3 15:43:55
--------------------------
            CPU Cores                     Memory                        
Node        Requested   Usage             Requested   Current Use    Max Used            
node0397    2           1.00 (49.89 %)    240.00 GiB  131.86 GiB     149.07 GiB (62.11 %)

Node        GPU Model                     Compute Usage  Memory Usage   
node0397    NVIDIA A100 80GB PCIe         0 %            975.00 MiB     


Current Per Node Stats -- Oct  3 15:44:55
--------------------------
            CPU Cores                     Memory                        
Node        Requested   Usage             Requested   Current Use    Max Used            
node0397    2           1.00 (49.89 %)    240.00 GiB  128.45 GiB     149.07 GiB (62.11 %)

Node        GPU Model                     Compute Usage  Memory Usage   
node0397    NVIDIA A100 80GB PCIe         0 %            975.00 MiB     


Current Per Node Stats -- Oct  3 15:45:55
--------------------------
            CPU Cores                     Memory                        
Node        Requested   Usage             Requested   Current Use    Max Used            
node0397    2           1.00 (49.91 %)    240.00 GiB  128.40 GiB     149.07 GiB (62.11 %)

Node        GPU Model                     Compute Usage  Memory Usage   
node0397    NVIDIA A100 80GB PCIe         26 %           975.00 MiB     


Current Per Node Stats -- Oct  3 15:46:55
--------------------------
            CPU Cores                     Memory                        
Node        Requested   Usage             Requested   Current Use    Max Used            
node0397    2           1.00 (49.90 %)    240.00 GiB  131.21 GiB     149.07 GiB (62.11 %)

Node        GPU Model                     Compute Usage  Memory Usage   
node0397    NVIDIA A100 80GB PCIe         0 %            975.00 MiB     


Current Per Node Stats -- Oct  3 15:47:55
--------------------------
            CPU Cores                     Memory                        
Node        Requested   Usage             Requested   Current Use    Max Used            
node0397    2           1.00 (49.90 %)    240.00 GiB  134.82 GiB     149.07 GiB (62.11 %)

Node        GPU Model                     Compute Usage  Memory Usage   
node0397    NVIDIA A100 80GB PCIe         24 %           975.00 MiB     


Current Per Node Stats -- Oct  3 15:48:55
--------------------------
            CPU Cores                     Memory                        
Node        Requested   Usage             Requested   Current Use    Max Used            
node0397    2           1.00 (49.90 %)    240.00 GiB  134.37 GiB     149.07 GiB (62.11 %)

Node        GPU Model                     Compute Usage  Memory Usage   
node0397    NVIDIA A100 80GB PCIe         0 %            975.00 MiB     


Current Per Node Stats -- Oct  3 15:49:55
--------------------------
            CPU Cores                     Memory                        
Node        Requested   Usage             Requested   Current Use    Max Used            
node0397    2           1.00 (49.90 %)    240.00 GiB  129.96 GiB     149.07 GiB (62.11 %)

Node        GPU Model                     Compute Usage  Memory Usage   
node0397    NVIDIA A100 80GB PCIe         21 %           975.00 MiB     


Current Per Node Stats -- Oct  3 15:50:55
--------------------------
            CPU Cores                     Memory                        
Node        Requested   Usage             Requested   Current Use    Max Used            
node0397    2           1.00 (49.91 %)    240.00 GiB  140.88 GiB     149.07 GiB (62.11 %)

Node        GPU Model                     Compute Usage  Memory Usage   
node0397    NVIDIA A100 80GB PCIe         0 %            975.00 MiB     


Current Per Node Stats -- Oct  3 15:51:55
--------------------------
            CPU Cores                     Memory                        
Node        Requested   Usage             Requested   Current Use    Max Used            
node0397    2           1.00 (49.89 %)    240.00 GiB  142.49 GiB     149.07 GiB (62.11 %)

Node        GPU Model                     Compute Usage  Memory Usage   
node0397    NVIDIA A100 80GB PCIe         20 %           975.00 MiB     


Current Per Node Stats -- Oct  3 15:52:55
--------------------------
            CPU Cores                     Memory                        
Node        Requested   Usage             Requested   Current Use    Max Used            
node0397    2           1.00 (49.91 %)    240.00 GiB  150.39 GiB     150.39 GiB (62.66 %)

Node        GPU Model                     Compute Usage  Memory Usage   
node0397    NVIDIA A100 80GB PCIe         0 %            975.00 MiB     


Current Per Node Stats -- Oct  3 15:53:55
--------------------------
            CPU Cores                     Memory                        
Node        Requested   Usage             Requested   Current Use    Max Used            
node0397    2           1.00 (49.90 %)    240.00 GiB  141.94 GiB     150.66 GiB (62.78 %)

Node        GPU Model                     Compute Usage  Memory Usage   
node0397    NVIDIA A100 80GB PCIe         25 %           975.00 MiB     


Current Per Node Stats -- Oct  3 15:54:55
--------------------------
            CPU Cores                     Memory                        
Node        Requested   Usage             Requested   Current Use    Max Used            
node0397    2           1.00 (49.91 %)    240.00 GiB  149.92 GiB     150.66 GiB (62.78 %)

Node        GPU Model                     Compute Usage  Memory Usage   
node0397    NVIDIA A100 80GB PCIe         0 %            975.00 MiB     


Current Per Node Stats -- Oct  3 15:55:55
--------------------------
            CPU Cores                     Memory                        
Node        Requested   Usage             Requested   Current Use    Max Used            
node0397    2           1.00 (49.91 %)    240.00 GiB  137.75 GiB     150.68 GiB (62.78 %)

Node        GPU Model                     Compute Usage  Memory Usage   
node0397    NVIDIA A100 80GB PCIe         22 %           975.00 MiB     


Current Per Node Stats -- Oct  3 15:56:55
--------------------------
            CPU Cores                     Memory                        
Node        Requested   Usage             Requested   Current Use    Max Used            
node0397    2           1.00 (49.89 %)    240.00 GiB  150.04 GiB     150.68 GiB (62.78 %)

Node        GPU Model                     Compute Usage  Memory Usage   
node0397    NVIDIA A100 80GB PCIe         0 %            975.00 MiB     


Current Per Node Stats -- Oct  3 15:57:55
--------------------------
            CPU Cores                     Memory                        
Node        Requested   Usage             Requested   Current Use    Max Used            
node0397    2           1.00 (49.96 %)    240.00 GiB  151.62 GiB     151.62 GiB (63.18 %)

Node        GPU Model                     Compute Usage  Memory Usage   
node0397    NVIDIA A100 80GB PCIe         0 %            975.00 MiB     


Current Per Node Stats -- Oct  3 15:58:55
--------------------------
            CPU Cores                     Memory                        
Node        Requested   Usage             Requested   Current Use    Max Used            
node0397    2           1.00 (49.90 %)    240.00 GiB  150.12 GiB     151.90 GiB (63.29 %)

Node        GPU Model                     Compute Usage  Memory Usage   
node0397    NVIDIA A100 80GB PCIe         0 %            975.00 MiB     


Current Per Node Stats -- Oct  3 15:59:55
--------------------------
            CPU Cores                     Memory                        
Node        Requested   Usage             Requested   Current Use    Max Used            
node0397    2           1.00 (49.91 %)    240.00 GiB  150.10 GiB     151.90 GiB (63.29 %)

Node        GPU Model                     Compute Usage  Memory Usage   
node0397    NVIDIA A100 80GB PCIe         0 %            975.00 MiB     


Current Per Node Stats -- Oct  3 16:00:55
--------------------------
            CPU Cores                     Memory                        
Node        Requested   Usage             Requested   Current Use    Max Used            
node0397    2           1.00 (49.94 %)    240.00 GiB  149.41 GiB     151.90 GiB (63.29 %)

Node        GPU Model                     Compute Usage  Memory Usage   
node0397    NVIDIA A100 80GB PCIe         18 %           999.00 MiB     


Current Per Node Stats -- Oct  3 16:01:55
--------------------------
            CPU Cores                     Memory                        
Node        Requested   Usage             Requested   Current Use    Max Used            
node0397    2           1.00 (49.92 %)    240.00 GiB  153.15 GiB     153.15 GiB (63.81 %)

Node        GPU Model                     Compute Usage  Memory Usage   
node0397    NVIDIA A100 80GB PCIe         0 %            999.00 MiB     


Current Per Node Stats -- Oct  3 16:02:55
--------------------------
            CPU Cores                     Memory                        
Node        Requested   Usage             Requested   Current Use    Max Used            
node0397    2           1.00 (49.83 %)    240.00 GiB  143.22 GiB     158.13 GiB (65.89 %)

Node        GPU Model                     Compute Usage  Memory Usage   
node0397    NVIDIA A100 80GB PCIe         20 %           999.00 MiB     


Current Per Node Stats -- Oct  3 16:03:55
--------------------------
            CPU Cores                     Memory                        
Node        Requested   Usage             Requested   Current Use    Max Used            
node0397    2           1.00 (49.91 %)    240.00 GiB  156.04 GiB     158.13 GiB (65.89 %)

Node        GPU Model                     Compute Usage  Memory Usage   
node0397    NVIDIA A100 80GB PCIe         0 %            999.00 MiB     


Current Per Node Stats -- Oct  3 16:04:55
--------------------------
            CPU Cores                     Memory                        
Node        Requested   Usage             Requested   Current Use    Max Used            
node0397    2           1.00 (49.91 %)    240.00 GiB  145.25 GiB     158.13 GiB (65.89 %)

Node        GPU Model                     Compute Usage  Memory Usage   
node0397    NVIDIA A100 80GB PCIe         21 %           999.00 MiB     


Current Per Node Stats -- Oct  3 16:05:55
--------------------------
            CPU Cores                     Memory                        
Node        Requested   Usage             Requested   Current Use    Max Used            
node0397    2           1.00 (49.90 %)    240.00 GiB  157.32 GiB     158.13 GiB (65.89 %)

Node        GPU Model                     Compute Usage  Memory Usage   
node0397    NVIDIA A100 80GB PCIe         0 %            999.00 MiB     


Current Per Node Stats -- Oct  3 16:06:55
--------------------------
            CPU Cores                     Memory                        
Node        Requested   Usage             Requested   Current Use    Max Used            
node0397    2           1.00 (49.95 %)    240.00 GiB  159.08 GiB     159.08 GiB (66.28 %)

Node        GPU Model                     Compute Usage  Memory Usage   
node0397    NVIDIA A100 80GB PCIe         0 %            999.00 MiB     


Current Per Node Stats -- Oct  3 16:07:55
--------------------------
            CPU Cores                     Memory                        
Node        Requested   Usage             Requested   Current Use    Max Used            
node0397    2           1.00 (49.89 %)    240.00 GiB  120.50 GiB     159.18 GiB (66.33 %)

Node        GPU Model                     Compute Usage  Memory Usage   
node0397    NVIDIA A100 80GB PCIe         22 %           999.00 MiB     


Current Per Node Stats -- Oct  3 16:08:55
--------------------------
            CPU Cores                     Memory                        
Node        Requested   Usage             Requested   Current Use    Max Used            
node0397    2           1.00 (49.89 %)    240.00 GiB  129.59 GiB     159.18 GiB (66.33 %)

Node        GPU Model                     Compute Usage  Memory Usage   
node0397    NVIDIA A100 80GB PCIe         0 %            999.00 MiB     


Current Per Node Stats -- Oct  3 16:09:55
--------------------------
            CPU Cores                     Memory                        
Node        Requested   Usage             Requested   Current Use    Max Used            
node0397    2           1.00 (49.88 %)    240.00 GiB  126.80 GiB     159.18 GiB (66.33 %)

Node        GPU Model                     Compute Usage  Memory Usage   
node0397    NVIDIA A100 80GB PCIe         22 %           999.00 MiB     


Current Per Node Stats -- Oct  3 16:10:55
--------------------------
            CPU Cores                     Memory                        
Node        Requested   Usage             Requested   Current Use    Max Used            
node0397    2           1.00 (49.89 %)    240.00 GiB  122.43 GiB     159.18 GiB (66.33 %)

Node        GPU Model                     Compute Usage  Memory Usage   
node0397    NVIDIA A100 80GB PCIe         23 %           999.00 MiB     


Current Per Node Stats -- Oct  3 16:11:55
--------------------------
            CPU Cores                     Memory                        
Node        Requested   Usage             Requested   Current Use    Max Used            
node0397    2           1.00 (49.88 %)    240.00 GiB  128.04 GiB     159.18 GiB (66.33 %)

Node        GPU Model                     Compute Usage  Memory Usage   
node0397    NVIDIA A100 80GB PCIe         28 %           999.00 MiB     


Current Per Node Stats -- Oct  3 16:12:55
--------------------------
            CPU Cores                     Memory                        
Node        Requested   Usage             Requested   Current Use    Max Used            
node0397    2           1.00 (49.89 %)    240.00 GiB  134.34 GiB     159.18 GiB (66.33 %)

Node        GPU Model                     Compute Usage  Memory Usage   
node0397    NVIDIA A100 80GB PCIe         0 %            999.00 MiB     


Current Per Node Stats -- Oct  3 16:13:55
--------------------------
            CPU Cores                     Memory                        
Node        Requested   Usage             Requested   Current Use    Max Used            
node0397    2           1.00 (49.90 %)    240.00 GiB  134.58 GiB     159.18 GiB (66.33 %)

Node        GPU Model                     Compute Usage  Memory Usage   
node0397    NVIDIA A100 80GB PCIe         28 %           999.00 MiB     


Current Per Node Stats -- Oct  3 16:14:55
--------------------------
            CPU Cores                     Memory                        
Node        Requested   Usage             Requested   Current Use    Max Used            
node0397    2           1.00 (49.90 %)    240.00 GiB  135.24 GiB     159.18 GiB (66.33 %)

Node        GPU Model                     Compute Usage  Memory Usage   
node0397    NVIDIA A100 80GB PCIe         24 %           999.00 MiB     


Current Per Node Stats -- Oct  3 16:15:55
--------------------------
            CPU Cores                     Memory                        
Node        Requested   Usage             Requested   Current Use    Max Used            
node0397    2           1.00 (49.90 %)    240.00 GiB  136.16 GiB     159.18 GiB (66.33 %)

Node        GPU Model                     Compute Usage  Memory Usage   
node0397    NVIDIA A100 80GB PCIe         23 %           999.00 MiB     


Current Per Node Stats -- Oct  3 16:16:55
--------------------------
            CPU Cores                     Memory                        
Node        Requested   Usage             Requested   Current Use    Max Used            
node0397    2           1.00 (49.89 %)    240.00 GiB  141.76 GiB     159.18 GiB (66.33 %)

Node        GPU Model                     Compute Usage  Memory Usage   
node0397    NVIDIA A100 80GB PCIe         23 %           999.00 MiB     


Current Per Node Stats -- Oct  3 16:17:55
--------------------------
            CPU Cores                     Memory                        
Node        Requested   Usage             Requested   Current Use    Max Used            
node0397    2           1.00 (49.87 %)    240.00 GiB  136.21 GiB     159.18 GiB (66.33 %)

Node        GPU Model                     Compute Usage  Memory Usage   
node0397    NVIDIA A100 80GB PCIe         23 %           999.00 MiB     


Current Per Node Stats -- Oct  3 16:18:55
--------------------------
            CPU Cores                     Memory                        
Node        Requested   Usage             Requested   Current Use    Max Used            
node0397    2           1.00 (49.88 %)    240.00 GiB  137.03 GiB     159.18 GiB (66.33 %)

Node        GPU Model                     Compute Usage  Memory Usage   
node0397    NVIDIA A100 80GB PCIe         21 %           999.00 MiB     


Current Per Node Stats -- Oct  3 16:19:55
--------------------------
            CPU Cores                     Memory                        
Node        Requested   Usage             Requested   Current Use    Max Used            
node0397    2           1.00 (49.89 %)    240.00 GiB  149.24 GiB     159.18 GiB (66.33 %)

Node        GPU Model                     Compute Usage  Memory Usage   
node0397    NVIDIA A100 80GB PCIe         0 %            999.00 MiB     


Current Per Node Stats -- Oct  3 16:20:55
--------------------------
            CPU Cores                     Memory                        
Node        Requested   Usage             Requested   Current Use    Max Used            
node0397    2           1.00 (49.89 %)    240.00 GiB  143.56 GiB     159.18 GiB (66.33 %)

Node        GPU Model                     Compute Usage  Memory Usage   
node0397    NVIDIA A100 80GB PCIe         28 %           999.00 MiB     


Current Per Node Stats -- Oct  3 16:21:55
--------------------------
            CPU Cores                     Memory                        
Node        Requested   Usage             Requested   Current Use    Max Used            
node0397    2           1.00 (49.90 %)    240.00 GiB  157.55 GiB     159.18 GiB (66.33 %)

Node        GPU Model                     Compute Usage  Memory Usage   
node0397    NVIDIA A100 80GB PCIe         0 %            999.00 MiB     


Current Per Node Stats -- Oct  3 16:22:55
--------------------------
            CPU Cores                     Memory                        
Node        Requested   Usage             Requested   Current Use    Max Used            
node0397    2           1.00 (49.91 %)    240.00 GiB  149.58 GiB     159.18 GiB (66.33 %)

Node        GPU Model                     Compute Usage  Memory Usage   
node0397    NVIDIA A100 80GB PCIe         23 %           999.00 MiB     


Current Per Node Stats -- Oct  3 16:23:55
--------------------------
            CPU Cores                     Memory                        
Node        Requested   Usage             Requested   Current Use    Max Used            
node0397    2           1.00 (49.90 %)    240.00 GiB  151.08 GiB     159.18 GiB (66.33 %)

Node        GPU Model                     Compute Usage  Memory Usage   
node0397    NVIDIA A100 80GB PCIe         19 %           999.00 MiB     


Current Per Node Stats -- Oct  3 16:24:55
--------------------------
            CPU Cores                     Memory                        
Node        Requested   Usage             Requested   Current Use    Max Used            
node0397    2           1.00 (49.92 %)    240.00 GiB  159.12 GiB     159.18 GiB (66.33 %)

Node        GPU Model                     Compute Usage  Memory Usage   
node0397    NVIDIA A100 80GB PCIe         0 %            999.00 MiB     


Current Per Node Stats -- Oct  3 16:25:55
--------------------------
            CPU Cores                     Memory                        
Node        Requested   Usage             Requested   Current Use    Max Used            
node0397    2           1.00 (49.90 %)    240.00 GiB  120.85 GiB     159.34 GiB (66.39 %)

Node        GPU Model                     Compute Usage  Memory Usage   
node0397    NVIDIA A100 80GB PCIe         19 %           999.00 MiB     


Current Per Node Stats -- Oct  3 16:26:55
--------------------------
            CPU Cores                     Memory                        
Node        Requested   Usage             Requested   Current Use    Max Used            
node0397    2           1.00 (49.91 %)    240.00 GiB  127.67 GiB     159.34 GiB (66.39 %)

Node        GPU Model                     Compute Usage  Memory Usage   
node0397    NVIDIA A100 80GB PCIe         20 %           999.00 MiB     


Current Per Node Stats -- Oct  3 16:27:55
--------------------------
            CPU Cores                     Memory                        
Node        Requested   Usage             Requested   Current Use    Max Used            
node0397    2           1.00 (49.90 %)    240.00 GiB  126.82 GiB     159.34 GiB (66.39 %)

Node        GPU Model                     Compute Usage  Memory Usage   
node0397    NVIDIA A100 80GB PCIe         21 %           999.00 MiB     


Current Per Node Stats -- Oct  3 16:28:55
--------------------------
            CPU Cores                     Memory                        
Node        Requested   Usage             Requested   Current Use    Max Used            
node0397    2           1.00 (49.89 %)    240.00 GiB  122.29 GiB     159.34 GiB (66.39 %)

Node        GPU Model                     Compute Usage  Memory Usage   
node0397    NVIDIA A100 80GB PCIe         20 %           999.00 MiB     


Current Per Node Stats -- Oct  3 16:29:55
--------------------------
            CPU Cores                     Memory                        
Node        Requested   Usage             Requested   Current Use    Max Used            
node0397    2           1.00 (49.90 %)    240.00 GiB  129.17 GiB     159.34 GiB (66.39 %)

Node        GPU Model                     Compute Usage  Memory Usage   
node0397    NVIDIA A100 80GB PCIe         20 %           999.00 MiB     


Current Per Node Stats -- Oct  3 16:30:55
--------------------------
            CPU Cores                     Memory                        
Node        Requested   Usage             Requested   Current Use    Max Used            
node0397    2           1.00 (49.91 %)    240.00 GiB  128.56 GiB     159.34 GiB (66.39 %)

Node        GPU Model                     Compute Usage  Memory Usage   
node0397    NVIDIA A100 80GB PCIe         23 %           999.00 MiB     


Current Per Node Stats -- Oct  3 16:31:55
--------------------------
            CPU Cores                     Memory                        
Node        Requested   Usage             Requested   Current Use    Max Used            
node0397    2           1.00 (49.90 %)    240.00 GiB  135.44 GiB     159.34 GiB (66.39 %)

Node        GPU Model                     Compute Usage  Memory Usage   
node0397    NVIDIA A100 80GB PCIe         20 %           999.00 MiB     


Current Per Node Stats -- Oct  3 16:32:55
--------------------------
            CPU Cores                     Memory                        
Node        Requested   Usage             Requested   Current Use    Max Used            
node0397    2           1.00 (49.90 %)    240.00 GiB  134.55 GiB     159.34 GiB (66.39 %)

Node        GPU Model                     Compute Usage  Memory Usage   
node0397    NVIDIA A100 80GB PCIe         21 %           999.00 MiB     


Current Per Node Stats -- Oct  3 16:33:55
--------------------------
            CPU Cores                     Memory                        
Node        Requested   Usage             Requested   Current Use    Max Used            
node0397    2           1.00 (49.90 %)    240.00 GiB  130.06 GiB     159.34 GiB (66.39 %)

Node        GPU Model                     Compute Usage  Memory Usage   
node0397    NVIDIA A100 80GB PCIe         20 %           999.00 MiB     


Current Per Node Stats -- Oct  3 16:34:55
--------------------------
            CPU Cores                     Memory                        
Node        Requested   Usage             Requested   Current Use    Max Used            
node0397    2           1.00 (49.90 %)    240.00 GiB  138.68 GiB     159.34 GiB (66.39 %)

Node        GPU Model                     Compute Usage  Memory Usage   
node0397    NVIDIA A100 80GB PCIe         0 %            999.00 MiB     


Current Per Node Stats -- Oct  3 16:35:55
--------------------------
            CPU Cores                     Memory                        
Node        Requested   Usage             Requested   Current Use    Max Used            
node0397    2           1.00 (49.89 %)    240.00 GiB  142.32 GiB     159.34 GiB (66.39 %)

Node        GPU Model                     Compute Usage  Memory Usage   
node0397    NVIDIA A100 80GB PCIe         21 %           999.00 MiB     


Current Per Node Stats -- Oct  3 16:36:55
--------------------------
            CPU Cores                     Memory                        
Node        Requested   Usage             Requested   Current Use    Max Used            
node0397    2           1.00 (49.89 %)    240.00 GiB  136.43 GiB     159.34 GiB (66.39 %)

Node        GPU Model                     Compute Usage  Memory Usage   
node0397    NVIDIA A100 80GB PCIe         24 %           999.00 MiB     


Current Per Node Stats -- Oct  3 16:37:55
--------------------------
            CPU Cores                     Memory                        
Node        Requested   Usage             Requested   Current Use    Max Used            
node0397    2           1.00 (49.89 %)    240.00 GiB  136.86 GiB     159.34 GiB (66.39 %)

Node        GPU Model                     Compute Usage  Memory Usage   
node0397    NVIDIA A100 80GB PCIe         24 %           999.00 MiB     


Current Per Node Stats -- Oct  3 16:38:55
--------------------------
            CPU Cores                     Memory                        
Node        Requested   Usage             Requested   Current Use    Max Used            
node0397    2           1.00 (49.90 %)    240.00 GiB  143.71 GiB     159.34 GiB (66.39 %)

Node        GPU Model                     Compute Usage  Memory Usage   
node0397    NVIDIA A100 80GB PCIe         20 %           999.00 MiB     


Current Per Node Stats -- Oct  3 16:39:55
--------------------------
            CPU Cores                     Memory                        
Node        Requested   Usage             Requested   Current Use    Max Used            
node0397    2           1.00 (49.89 %)    240.00 GiB  144.26 GiB     159.34 GiB (66.39 %)

Node        GPU Model                     Compute Usage  Memory Usage   
node0397    NVIDIA A100 80GB PCIe         20 %           999.00 MiB     


Current Per Node Stats -- Oct  3 16:40:55
--------------------------
            CPU Cores                     Memory                        
Node        Requested   Usage             Requested   Current Use    Max Used            
node0397    2           1.00 (49.89 %)    240.00 GiB  149.61 GiB     159.34 GiB (66.39 %)

Node        GPU Model                     Compute Usage  Memory Usage   
node0397    NVIDIA A100 80GB PCIe         21 %           999.00 MiB     


Current Per Node Stats -- Oct  3 16:41:55
--------------------------
            CPU Cores                     Memory                        
Node        Requested   Usage             Requested   Current Use    Max Used            
node0397    2           1.00 (49.90 %)    240.00 GiB  143.77 GiB     159.34 GiB (66.39 %)

Node        GPU Model                     Compute Usage  Memory Usage   
node0397    NVIDIA A100 80GB PCIe         20 %           999.00 MiB     


Current Per Node Stats -- Oct  3 16:42:55
--------------------------
            CPU Cores                     Memory                        
Node        Requested   Usage             Requested   Current Use    Max Used            
node0397    2           1.00 (49.91 %)    240.00 GiB  150.58 GiB     159.34 GiB (66.39 %)

Node        GPU Model                     Compute Usage  Memory Usage   
node0397    NVIDIA A100 80GB PCIe         20 %           999.00 MiB     


Current Per Node Stats -- Oct  3 16:43:55
--------------------------
            CPU Cores                     Memory                        
Node        Requested   Usage             Requested   Current Use    Max Used            
node0397    2           1.00 (49.91 %)    240.00 GiB  145.62 GiB     159.34 GiB (66.39 %)

Node        GPU Model                     Compute Usage  Memory Usage   
node0397    NVIDIA A100 80GB PCIe         20 %           999.00 MiB     


Current Per Node Stats -- Oct  3 16:44:55
--------------------------
            CPU Cores                     Memory                        
Node        Requested   Usage             Requested   Current Use    Max Used            
node0397    2           1.00 (49.92 %)    240.00 GiB  158.56 GiB     159.34 GiB (66.39 %)

Node        GPU Model                     Compute Usage  Memory Usage   
node0397    NVIDIA A100 80GB PCIe         0 %            999.00 MiB     


Current Per Node Stats -- Oct  3 16:45:55
--------------------------
            CPU Cores                     Memory                        
Node        Requested   Usage             Requested   Current Use    Max Used            
node0397    2           1.00 (49.91 %)    240.00 GiB  121.68 GiB     159.61 GiB (66.50 %)

Node        GPU Model                     Compute Usage  Memory Usage   
node0397    NVIDIA A100 80GB PCIe         19 %           999.00 MiB     


Current Per Node Stats -- Oct  3 16:46:55
--------------------------
            CPU Cores                     Memory                        
Node        Requested   Usage             Requested   Current Use    Max Used            
node0397    2           1.00 (49.89 %)    240.00 GiB  120.55 GiB     159.61 GiB (66.50 %)

Node        GPU Model                     Compute Usage  Memory Usage   
node0397    NVIDIA A100 80GB PCIe         23 %           999.00 MiB     


Current Per Node Stats -- Oct  3 16:47:55
--------------------------
            CPU Cores                     Memory                        
Node        Requested   Usage             Requested   Current Use    Max Used            
node0397    2           1.00 (49.88 %)    240.00 GiB  127.27 GiB     159.61 GiB (66.50 %)

Node        GPU Model                     Compute Usage  Memory Usage   
node0397    NVIDIA A100 80GB PCIe         19 %           999.00 MiB     


Current Per Node Stats -- Oct  3 16:48:55
--------------------------
            CPU Cores                     Memory                        
Node        Requested   Usage             Requested   Current Use    Max Used            
node0397    2           1.00 (49.90 %)    240.00 GiB  122.58 GiB     159.61 GiB (66.50 %)

Node        GPU Model                     Compute Usage  Memory Usage   
node0397    NVIDIA A100 80GB PCIe         20 %           999.00 MiB     


Current Per Node Stats -- Oct  3 16:49:55
--------------------------
            CPU Cores                     Memory                        
Node        Requested   Usage             Requested   Current Use    Max Used            
node0397    2           1.00 (49.89 %)    240.00 GiB  127.95 GiB     159.61 GiB (66.50 %)

Node        GPU Model                     Compute Usage  Memory Usage   
node0397    NVIDIA A100 80GB PCIe         23 %           999.00 MiB     


Current Per Node Stats -- Oct  3 16:50:55
--------------------------
            CPU Cores                     Memory                        
Node        Requested   Usage             Requested   Current Use    Max Used            
node0397    2           1.00 (49.89 %)    240.00 GiB  128.52 GiB     159.61 GiB (66.50 %)

Node        GPU Model                     Compute Usage  Memory Usage   
node0397    NVIDIA A100 80GB PCIe         19 %           999.00 MiB     


Current Per Node Stats -- Oct  3 16:51:55
--------------------------
            CPU Cores                     Memory                        
Node        Requested   Usage             Requested   Current Use    Max Used            
node0397    2           1.00 (49.89 %)    240.00 GiB  135.33 GiB     159.61 GiB (66.50 %)

Node        GPU Model                     Compute Usage  Memory Usage   
node0397    NVIDIA A100 80GB PCIe         19 %           999.00 MiB     


Current Per Node Stats -- Oct  3 16:52:55
--------------------------
            CPU Cores                     Memory                        
Node        Requested   Usage             Requested   Current Use    Max Used            
node0397    2           1.00 (49.89 %)    240.00 GiB  134.48 GiB     159.61 GiB (66.50 %)

Node        GPU Model                     Compute Usage  Memory Usage   
node0397    NVIDIA A100 80GB PCIe         23 %           999.00 MiB     


Current Per Node Stats -- Oct  3 16:53:55
--------------------------
            CPU Cores                     Memory                        
Node        Requested   Usage             Requested   Current Use    Max Used            
node0397    2           1.00 (49.89 %)    240.00 GiB  129.77 GiB     159.61 GiB (66.50 %)

Node        GPU Model                     Compute Usage  Memory Usage   
node0397    NVIDIA A100 80GB PCIe         20 %           999.00 MiB     


Current Per Node Stats -- Oct  3 16:54:55
--------------------------
            CPU Cores                     Memory                        
Node        Requested   Usage             Requested   Current Use    Max Used            
node0397    2           1.00 (49.89 %)    240.00 GiB  136.60 GiB     159.61 GiB (66.50 %)

Node        GPU Model                     Compute Usage  Memory Usage   
node0397    NVIDIA A100 80GB PCIe         19 %           999.00 MiB     


Current Per Node Stats -- Oct  3 16:55:55
--------------------------
            CPU Cores                     Memory                        
Node        Requested   Usage             Requested   Current Use    Max Used            
node0397    2           1.00 (49.89 %)    240.00 GiB  135.64 GiB     159.61 GiB (66.50 %)

Node        GPU Model                     Compute Usage  Memory Usage   
node0397    NVIDIA A100 80GB PCIe         23 %           999.00 MiB     


Current Per Node Stats -- Oct  3 16:56:55
--------------------------
            CPU Cores                     Memory                        
Node        Requested   Usage             Requested   Current Use    Max Used            
node0397    2           1.00 (49.88 %)    240.00 GiB  142.46 GiB     159.61 GiB (66.50 %)

Node        GPU Model                     Compute Usage  Memory Usage   
node0397    NVIDIA A100 80GB PCIe         19 %           999.00 MiB     


Current Per Node Stats -- Oct  3 16:57:55
--------------------------
            CPU Cores                     Memory                        
Node        Requested   Usage             Requested   Current Use    Max Used            
node0397    2           1.00 (49.88 %)    240.00 GiB  136.57 GiB     159.61 GiB (66.50 %)

Node        GPU Model                     Compute Usage  Memory Usage   
node0397    NVIDIA A100 80GB PCIe         19 %           999.00 MiB     


Current Per Node Stats -- Oct  3 16:58:55
--------------------------
            CPU Cores                     Memory                        
Node        Requested   Usage             Requested   Current Use    Max Used            
node0397    2           1.00 (49.89 %)    240.00 GiB  148.32 GiB     159.61 GiB (66.50 %)

Node        GPU Model                     Compute Usage  Memory Usage   
node0397    NVIDIA A100 80GB PCIe         0 %            999.00 MiB     


Current Per Node Stats -- Oct  3 16:59:55
--------------------------
            CPU Cores                     Memory                        
Node        Requested   Usage             Requested   Current Use    Max Used            
node0397    2           1.00 (49.89 %)    240.00 GiB  143.62 GiB     159.61 GiB (66.50 %)

Node        GPU Model                     Compute Usage  Memory Usage   
node0397    NVIDIA A100 80GB PCIe         23 %           999.00 MiB     


Current Per Node Stats -- Oct  3 17:00:55
--------------------------
            CPU Cores                     Memory                        
Node        Requested   Usage             Requested   Current Use    Max Used            
node0397    2           1.00 (49.90 %)    240.00 GiB  144.03 GiB     159.61 GiB (66.50 %)

Node        GPU Model                     Compute Usage  Memory Usage   
node0397    NVIDIA A100 80GB PCIe         19 %           999.00 MiB     


Current Per Node Stats -- Oct  3 17:01:55
--------------------------
            CPU Cores                     Memory                        
Node        Requested   Usage             Requested   Current Use    Max Used            
node0397    2           1.00 (49.90 %)    240.00 GiB  150.79 GiB     159.61 GiB (66.50 %)

Node        GPU Model                     Compute Usage  Memory Usage   
node0397    NVIDIA A100 80GB PCIe         20 %           999.00 MiB     


Current Per Node Stats -- Oct  3 17:02:55
--------------------------
            CPU Cores                     Memory                        
Node        Requested   Usage             Requested   Current Use    Max Used            
node0397    2           1.00 (49.91 %)    240.00 GiB  144.75 GiB     159.61 GiB (66.50 %)

Node        GPU Model                     Compute Usage  Memory Usage   
node0397    NVIDIA A100 80GB PCIe         11 %           999.00 MiB     


Current Per Node Stats -- Oct  3 17:03:55
--------------------------
            CPU Cores                     Memory                        
Node        Requested   Usage             Requested   Current Use    Max Used            
node0397    2           1.00 (49.90 %)    240.00 GiB  144.54 GiB     159.61 GiB (66.50 %)

Node        GPU Model                     Compute Usage  Memory Usage   
node0397    NVIDIA A100 80GB PCIe         24 %           999.00 MiB     


Current Per Node Stats -- Oct  3 17:04:55
--------------------------
            CPU Cores                     Memory                        
Node        Requested   Usage             Requested   Current Use    Max Used            
node0397    2           1.00 (49.88 %)    240.00 GiB  151.40 GiB     159.61 GiB (66.50 %)

Node        GPU Model                     Compute Usage  Memory Usage   
node0397    NVIDIA A100 80GB PCIe         19 %           999.00 MiB     


Current Per Node Stats -- Oct  3 17:05:55
--------------------------
            CPU Cores                     Memory                        
Node        Requested   Usage             Requested   Current Use    Max Used            
node0397    2           1.00 (49.92 %)    240.00 GiB  120.37 GiB     159.61 GiB (66.50 %)

Node        GPU Model                     Compute Usage  Memory Usage   
node0397    NVIDIA A100 80GB PCIe         23 %           999.00 MiB     


Current Per Node Stats -- Oct  3 17:06:55
--------------------------
            CPU Cores                     Memory                        
Node        Requested   Usage             Requested   Current Use    Max Used            
node0397    2           1.00 (49.89 %)    240.00 GiB  120.80 GiB     159.61 GiB (66.50 %)

Node        GPU Model                     Compute Usage  Memory Usage   
node0397    NVIDIA A100 80GB PCIe         19 %           999.00 MiB     


Current Per Node Stats -- Oct  3 17:07:55
--------------------------
            CPU Cores                     Memory                        
Node        Requested   Usage             Requested   Current Use    Max Used            
node0397    2           1.00 (49.89 %)    240.00 GiB  127.74 GiB     159.61 GiB (66.50 %)

Node        GPU Model                     Compute Usage  Memory Usage   
node0397    NVIDIA A100 80GB PCIe         19 %           999.00 MiB     


Current Per Node Stats -- Oct  3 17:08:55
--------------------------
            CPU Cores                     Memory                        
Node        Requested   Usage             Requested   Current Use    Max Used            
node0397    2           1.00 (49.90 %)    240.00 GiB  126.66 GiB     159.61 GiB (66.50 %)

Node        GPU Model                     Compute Usage  Memory Usage   
node0397    NVIDIA A100 80GB PCIe         23 %           999.00 MiB     


Current Per Node Stats -- Oct  3 17:09:55
--------------------------
            CPU Cores                     Memory                        
Node        Requested   Usage             Requested   Current Use    Max Used            
node0397    2           1.00 (49.89 %)    240.00 GiB  122.24 GiB     159.61 GiB (66.50 %)

Node        GPU Model                     Compute Usage  Memory Usage   
node0397    NVIDIA A100 80GB PCIe         20 %           999.00 MiB     


Current Per Node Stats -- Oct  3 17:10:55
--------------------------
            CPU Cores                     Memory                        
Node        Requested   Usage             Requested   Current Use    Max Used            
node0397    2           1.00 (49.89 %)    240.00 GiB  128.88 GiB     159.61 GiB (66.50 %)

Node        GPU Model                     Compute Usage  Memory Usage   
node0397    NVIDIA A100 80GB PCIe         20 %           999.00 MiB     


Current Per Node Stats -- Oct  3 17:11:55
--------------------------
            CPU Cores                     Memory                        
Node        Requested   Usage             Requested   Current Use    Max Used            
node0397    2           1.00 (49.90 %)    240.00 GiB  129.05 GiB     159.61 GiB (66.50 %)

Node        GPU Model                     Compute Usage  Memory Usage   
node0397    NVIDIA A100 80GB PCIe         19 %           999.00 MiB     


Current Per Node Stats -- Oct  3 17:12:55
--------------------------
            CPU Cores                     Memory                        
Node        Requested   Usage             Requested   Current Use    Max Used            
node0397    2           1.00 (49.89 %)    240.00 GiB  129.37 GiB     159.61 GiB (66.50 %)

Node        GPU Model                     Compute Usage  Memory Usage   
node0397    NVIDIA A100 80GB PCIe         20 %           999.00 MiB     


Current Per Node Stats -- Oct  3 17:13:55
--------------------------
            CPU Cores                     Memory                        
Node        Requested   Usage             Requested   Current Use    Max Used            
node0397    2           1.00 (49.89 %)    240.00 GiB  136.16 GiB     159.61 GiB (66.50 %)

Node        GPU Model                     Compute Usage  Memory Usage   
node0397    NVIDIA A100 80GB PCIe         20 %           999.00 MiB     


Current Per Node Stats -- Oct  3 17:14:55
--------------------------
            CPU Cores                     Memory                        
Node        Requested   Usage             Requested   Current Use    Max Used            
node0397    2           1.00 (49.89 %)    240.00 GiB  130.28 GiB     159.61 GiB (66.50 %)

Node        GPU Model                     Compute Usage  Memory Usage   
node0397    NVIDIA A100 80GB PCIe         19 %           999.00 MiB     


Current Per Node Stats -- Oct  3 17:15:55
--------------------------
            CPU Cores                     Memory                        
Node        Requested   Usage             Requested   Current Use    Max Used            
node0397    2           1.00 (49.89 %)    240.00 GiB  142.11 GiB     159.61 GiB (66.50 %)

Node        GPU Model                     Compute Usage  Memory Usage   
node0397    NVIDIA A100 80GB PCIe         23 %           999.00 MiB     


Current Per Node Stats -- Oct  3 17:16:55
--------------------------
            CPU Cores                     Memory                        
Node        Requested   Usage             Requested   Current Use    Max Used            
node0397    2           1.00 (49.89 %)    240.00 GiB  136.17 GiB     159.61 GiB (66.50 %)

Node        GPU Model                     Compute Usage  Memory Usage   
node0397    NVIDIA A100 80GB PCIe         19 %           999.00 MiB     


Current Per Node Stats -- Oct  3 17:17:55
--------------------------
            CPU Cores                     Memory                        
Node        Requested   Usage             Requested   Current Use    Max Used            
node0397    2           1.00 (49.89 %)    240.00 GiB  142.97 GiB     159.61 GiB (66.50 %)

Node        GPU Model                     Compute Usage  Memory Usage   
node0397    NVIDIA A100 80GB PCIe         20 %           999.00 MiB     


Current Per Node Stats -- Oct  3 17:18:55
--------------------------
            CPU Cores                     Memory                        
Node        Requested   Usage             Requested   Current Use    Max Used            
node0397    2           1.00 (49.89 %)    240.00 GiB  142.11 GiB     159.61 GiB (66.50 %)

Node        GPU Model                     Compute Usage  Memory Usage   
node0397    NVIDIA A100 80GB PCIe         24 %           999.00 MiB     


Current Per Node Stats -- Oct  3 17:19:55
--------------------------
            CPU Cores                     Memory                        
Node        Requested   Usage             Requested   Current Use    Max Used            
node0397    2           1.00 (49.88 %)    240.00 GiB  137.43 GiB     159.61 GiB (66.50 %)

Node        GPU Model                     Compute Usage  Memory Usage   
node0397    NVIDIA A100 80GB PCIe         19 %           999.00 MiB     


Current Per Node Stats -- Oct  3 17:20:55
--------------------------
            CPU Cores                     Memory                        
Node        Requested   Usage             Requested   Current Use    Max Used            
node0397    2           1.00 (49.89 %)    240.00 GiB  144.26 GiB     159.61 GiB (66.50 %)

Node        GPU Model                     Compute Usage  Memory Usage   
node0397    NVIDIA A100 80GB PCIe         20 %           999.00 MiB     


Current Per Node Stats -- Oct  3 17:21:55
--------------------------
            CPU Cores                     Memory                        
Node        Requested   Usage             Requested   Current Use    Max Used            
node0397    2           1.00 (49.89 %)    240.00 GiB  143.33 GiB     159.61 GiB (66.50 %)

Node        GPU Model                     Compute Usage  Memory Usage   
node0397    NVIDIA A100 80GB PCIe         23 %           999.00 MiB     


Current Per Node Stats -- Oct  3 17:22:55
--------------------------
            CPU Cores                     Memory                        
Node        Requested   Usage             Requested   Current Use    Max Used            
node0397    2           1.00 (49.88 %)    240.00 GiB  150.23 GiB     159.61 GiB (66.50 %)

Node        GPU Model                     Compute Usage  Memory Usage   
node0397    NVIDIA A100 80GB PCIe         22 %           999.00 MiB     


Current Per Node Stats -- Oct  3 17:23:55
--------------------------
            CPU Cores                     Memory                        
Node        Requested   Usage             Requested   Current Use    Max Used            
node0397    2           1.00 (49.89 %)    240.00 GiB  144.30 GiB     159.61 GiB (66.50 %)

Node        GPU Model                     Compute Usage  Memory Usage   
node0397    NVIDIA A100 80GB PCIe         20 %           999.00 MiB     


Current Per Node Stats -- Oct  3 17:24:55
--------------------------
            CPU Cores                     Memory                        
Node        Requested   Usage             Requested   Current Use    Max Used            
node0397    2           1.00 (49.89 %)    240.00 GiB  158.36 GiB     159.61 GiB (66.50 %)

Node        GPU Model                     Compute Usage  Memory Usage   
node0397    NVIDIA A100 80GB PCIe         0 %            999.00 MiB     


Current Per Node Stats -- Oct  3 17:25:55
--------------------------
            CPU Cores                     Memory                        
Node        Requested   Usage             Requested   Current Use    Max Used            
node0397    2           1.00 (49.89 %)    240.00 GiB  127.31 GiB     159.61 GiB (66.50 %)

Node        GPU Model                     Compute Usage  Memory Usage   
node0397    NVIDIA A100 80GB PCIe         20 %           999.00 MiB     


Current Per Node Stats -- Oct  3 17:26:55
--------------------------
            CPU Cores                     Memory                        
Node        Requested   Usage             Requested   Current Use    Max Used            
node0397    2           1.00 (49.90 %)    240.00 GiB  127.86 GiB     159.61 GiB (66.50 %)

Node        GPU Model                     Compute Usage  Memory Usage   
node0397    NVIDIA A100 80GB PCIe         20 %           999.00 MiB     


Current Per Node Stats -- Oct  3 17:27:55
--------------------------
            CPU Cores                     Memory                        
Node        Requested   Usage             Requested   Current Use    Max Used            
node0397    2           1.00 (49.90 %)    240.00 GiB  133.19 GiB     159.61 GiB (66.50 %)

Node        GPU Model                     Compute Usage  Memory Usage   
node0397    NVIDIA A100 80GB PCIe         23 %           999.00 MiB     


Current Per Node Stats -- Oct  3 17:28:55
--------------------------
            CPU Cores                     Memory                        
Node        Requested   Usage             Requested   Current Use    Max Used            
node0397    2           1.00 (49.89 %)    240.00 GiB  127.38 GiB     159.61 GiB (66.50 %)

Node        GPU Model                     Compute Usage  Memory Usage   
node0397    NVIDIA A100 80GB PCIe         20 %           999.00 MiB     


Current Per Node Stats -- Oct  3 17:29:55
--------------------------
            CPU Cores                     Memory                        
Node        Requested   Usage             Requested   Current Use    Max Used            
node0397    2           1.00 (49.90 %)    240.00 GiB  134.13 GiB     159.61 GiB (66.50 %)

Node        GPU Model                     Compute Usage  Memory Usage   
node0397    NVIDIA A100 80GB PCIe         19 %           999.00 MiB     


Current Per Node Stats -- Oct  3 17:30:55
--------------------------
            CPU Cores                     Memory                        
Node        Requested   Usage             Requested   Current Use    Max Used            
node0397    2           1.00 (49.90 %)    240.00 GiB  134.25 GiB     159.61 GiB (66.50 %)

Node        GPU Model                     Compute Usage  Memory Usage   
node0397    NVIDIA A100 80GB PCIe         23 %           999.00 MiB     


Current Per Node Stats -- Oct  3 17:31:55
--------------------------
            CPU Cores                     Memory                        
Node        Requested   Usage             Requested   Current Use    Max Used            
node0397    2           1.00 (49.89 %)    240.00 GiB  134.81 GiB     159.61 GiB (66.50 %)

Node        GPU Model                     Compute Usage  Memory Usage   
node0397    NVIDIA A100 80GB PCIe         23 %           999.00 MiB     


Current Per Node Stats -- Oct  3 17:32:55
--------------------------
            CPU Cores                     Memory                        
Node        Requested   Usage             Requested   Current Use    Max Used            
node0397    2           1.00 (49.88 %)    240.00 GiB  135.30 GiB     159.61 GiB (66.50 %)

Node        GPU Model                     Compute Usage  Memory Usage   
node0397    NVIDIA A100 80GB PCIe         19 %           999.00 MiB     


Current Per Node Stats -- Oct  3 17:33:55
--------------------------
            CPU Cores                     Memory                        
Node        Requested   Usage             Requested   Current Use    Max Used            
node0397    2           1.00 (49.89 %)    240.00 GiB  134.45 GiB     159.61 GiB (66.50 %)

Node        GPU Model                     Compute Usage  Memory Usage   
node0397    NVIDIA A100 80GB PCIe         20 %           999.00 MiB     


Current Per Node Stats -- Oct  3 17:34:55
--------------------------
            CPU Cores                     Memory                        
Node        Requested   Usage             Requested   Current Use    Max Used            
node0397    2           1.00 (49.89 %)    240.00 GiB  141.31 GiB     159.61 GiB (66.50 %)

Node        GPU Model                     Compute Usage  Memory Usage   
node0397    NVIDIA A100 80GB PCIe         20 %           999.00 MiB     


Current Per Node Stats -- Oct  3 17:35:55
--------------------------
            CPU Cores                     Memory                        
Node        Requested   Usage             Requested   Current Use    Max Used            
node0397    2           1.00 (49.89 %)    240.00 GiB  136.73 GiB     159.61 GiB (66.50 %)

Node        GPU Model                     Compute Usage  Memory Usage   
node0397    NVIDIA A100 80GB PCIe         19 %           999.00 MiB     


Current Per Node Stats -- Oct  3 17:36:55
--------------------------
            CPU Cores                     Memory                        
Node        Requested   Usage             Requested   Current Use    Max Used            
node0397    2           1.00 (49.89 %)    240.00 GiB  141.99 GiB     159.61 GiB (66.50 %)

Node        GPU Model                     Compute Usage  Memory Usage   
node0397    NVIDIA A100 80GB PCIe         20 %           999.00 MiB     


Current Per Node Stats -- Oct  3 17:37:55
--------------------------
            CPU Cores                     Memory                        
Node        Requested   Usage             Requested   Current Use    Max Used            
node0397    2           1.00 (49.89 %)    240.00 GiB  142.47 GiB     159.61 GiB (66.50 %)

Node        GPU Model                     Compute Usage  Memory Usage   
node0397    NVIDIA A100 80GB PCIe         20 %           999.00 MiB     


Current Per Node Stats -- Oct  3 17:38:55
--------------------------
            CPU Cores                     Memory                        
Node        Requested   Usage             Requested   Current Use    Max Used            
node0397    2           1.00 (49.88 %)    240.00 GiB  149.27 GiB     159.61 GiB (66.50 %)

Node        GPU Model                     Compute Usage  Memory Usage   
node0397    NVIDIA A100 80GB PCIe         20 %           999.00 MiB     


Current Per Node Stats -- Oct  3 17:39:55
--------------------------
            CPU Cores                     Memory                        
Node        Requested   Usage             Requested   Current Use    Max Used            
node0397    2           1.00 (49.89 %)    240.00 GiB  148.22 GiB     159.61 GiB (66.50 %)

Node        GPU Model                     Compute Usage  Memory Usage   
node0397    NVIDIA A100 80GB PCIe         24 %           999.00 MiB     


Current Per Node Stats -- Oct  3 17:40:55
--------------------------
            CPU Cores                     Memory                        
Node        Requested   Usage             Requested   Current Use    Max Used            
node0397    2           1.00 (49.89 %)    240.00 GiB  143.59 GiB     159.61 GiB (66.50 %)

Node        GPU Model                     Compute Usage  Memory Usage   
node0397    NVIDIA A100 80GB PCIe         20 %           999.00 MiB     


Current Per Node Stats -- Oct  3 17:41:55
--------------------------
            CPU Cores                     Memory                        
Node        Requested   Usage             Requested   Current Use    Max Used            
node0397    2           1.00 (49.90 %)    240.00 GiB  150.40 GiB     159.61 GiB (66.50 %)

Node        GPU Model                     Compute Usage  Memory Usage   
node0397    NVIDIA A100 80GB PCIe         19 %           999.00 MiB     


Current Per Node Stats -- Oct  3 17:42:55
--------------------------
            CPU Cores                     Memory                        
Node        Requested   Usage             Requested   Current Use    Max Used            
node0397    2           1.00 (49.89 %)    240.00 GiB  149.53 GiB     159.61 GiB (66.50 %)

Node        GPU Model                     Compute Usage  Memory Usage   
node0397    NVIDIA A100 80GB PCIe         21 %           999.00 MiB     


Current Per Node Stats -- Oct  3 17:43:55
--------------------------
            CPU Cores                     Memory                        
Node        Requested   Usage             Requested   Current Use    Max Used            
node0397    2           1.00 (49.89 %)    240.00 GiB  156.31 GiB     159.61 GiB (66.50 %)

Node        GPU Model                     Compute Usage  Memory Usage   
node0397    NVIDIA A100 80GB PCIe         20 %           1023.00 MiB    


Current Per Node Stats -- Oct  3 17:44:55
--------------------------
            CPU Cores                     Memory                        
Node        Requested   Usage             Requested   Current Use    Max Used            
node0397    2           0.99 (49.71 %)    240.00 GiB  160.57 GiB     160.57 GiB (66.91 %)

Node        GPU Model                     Compute Usage  Memory Usage   
node0397    NVIDIA A100 80GB PCIe         0 %            1023.00 MiB    


Current Per Node Stats -- Oct  3 17:45:55
--------------------------
            CPU Cores                     Memory                        
Node        Requested   Usage             Requested   Current Use    Max Used            
node0397    2           1.00 (49.93 %)    240.00 GiB  163.01 GiB     163.01 GiB (67.92 %)

Node        GPU Model                     Compute Usage  Memory Usage   
node0397    NVIDIA A100 80GB PCIe         0 %            1023.00 MiB    


Current Per Node Stats -- Oct  3 17:46:55
--------------------------
            CPU Cores                     Memory                        
Node        Requested   Usage             Requested   Current Use    Max Used            
node0397    2           1.00 (49.91 %)    240.00 GiB  150.26 GiB     164.46 GiB (68.52 %)

Node        GPU Model                     Compute Usage  Memory Usage   
node0397    NVIDIA A100 80GB PCIe         19 %           1023.00 MiB    


Current Per Node Stats -- Oct  3 17:47:55
--------------------------
            CPU Cores                     Memory                        
Node        Requested   Usage             Requested   Current Use    Max Used            
node0397    2           1.00 (49.88 %)    240.00 GiB  160.14 GiB     164.46 GiB (68.52 %)

Node        GPU Model                     Compute Usage  Memory Usage   
node0397    NVIDIA A100 80GB PCIe         0 %            1023.00 MiB    


Current Per Node Stats -- Oct  3 17:48:55
--------------------------
            CPU Cores                     Memory                        
Node        Requested   Usage             Requested   Current Use    Max Used            
node0397    2           1.00 (49.95 %)    240.00 GiB  162.99 GiB     164.46 GiB (68.52 %)

Node        GPU Model                     Compute Usage  Memory Usage   
node0397    NVIDIA A100 80GB PCIe         0 %            1023.00 MiB    


Current Per Node Stats -- Oct  3 17:49:55
--------------------------
            CPU Cores                     Memory                        
Node        Requested   Usage             Requested   Current Use    Max Used            
node0397    2           1.00 (49.94 %)    240.00 GiB  126.79 GiB     164.57 GiB (68.57 %)

Node        GPU Model                     Compute Usage  Memory Usage   
node0397    NVIDIA A100 80GB PCIe         20 %           1023.00 MiB    


Current Per Node Stats -- Oct  3 17:50:55
--------------------------
            CPU Cores                     Memory                        
Node        Requested   Usage             Requested   Current Use    Max Used            
node0397    2           1.00 (49.91 %)    240.00 GiB  133.59 GiB     164.57 GiB (68.57 %)

Node        GPU Model                     Compute Usage  Memory Usage   
node0397    NVIDIA A100 80GB PCIe         20 %           1023.00 MiB    


Current Per Node Stats -- Oct  3 17:51:55
--------------------------
            CPU Cores                     Memory                        
Node        Requested   Usage             Requested   Current Use    Max Used            
node0397    2           1.00 (49.89 %)    240.00 GiB  133.82 GiB     164.57 GiB (68.57 %)

Node        GPU Model                     Compute Usage  Memory Usage   
node0397    NVIDIA A100 80GB PCIe         17 %           1023.00 MiB    


Current Per Node Stats -- Oct  3 17:52:55
--------------------------
            CPU Cores                     Memory                        
Node        Requested   Usage             Requested   Current Use    Max Used            
node0397    2           1.00 (49.89 %)    240.00 GiB  139.86 GiB     164.57 GiB (68.57 %)

Node        GPU Model                     Compute Usage  Memory Usage   
node0397    NVIDIA A100 80GB PCIe         0 %            1023.00 MiB    


Current Per Node Stats -- Oct  3 17:53:55
--------------------------
            CPU Cores                     Memory                        
Node        Requested   Usage             Requested   Current Use    Max Used            
node0397    2           1.00 (49.89 %)    240.00 GiB  133.22 GiB     164.57 GiB (68.57 %)

Node        GPU Model                     Compute Usage  Memory Usage   
node0397    NVIDIA A100 80GB PCIe         21 %           1023.00 MiB    


Current Per Node Stats -- Oct  3 17:54:55
--------------------------
            CPU Cores                     Memory                        
Node        Requested   Usage             Requested   Current Use    Max Used            
node0397    2           1.00 (49.89 %)    240.00 GiB  140.04 GiB     164.57 GiB (68.57 %)

Node        GPU Model                     Compute Usage  Memory Usage   
node0397    NVIDIA A100 80GB PCIe         20 %           1023.00 MiB    


Current Per Node Stats -- Oct  3 17:55:55
--------------------------
            CPU Cores                     Memory                        
Node        Requested   Usage             Requested   Current Use    Max Used            
node0397    2           1.00 (49.90 %)    240.00 GiB  142.16 GiB     164.57 GiB (68.57 %)

Node        GPU Model                     Compute Usage  Memory Usage   
node0397    NVIDIA A100 80GB PCIe         0 %            1023.00 MiB    


Current Per Node Stats -- Oct  3 17:56:55
--------------------------
            CPU Cores                     Memory                        
Node        Requested   Usage             Requested   Current Use    Max Used            
node0397    2           1.00 (49.88 %)    240.00 GiB  140.85 GiB     164.57 GiB (68.57 %)

Node        GPU Model                     Compute Usage  Memory Usage   
node0397    NVIDIA A100 80GB PCIe         20 %           1023.00 MiB    


Current Per Node Stats -- Oct  3 17:57:55
--------------------------
            CPU Cores                     Memory                        
Node        Requested   Usage             Requested   Current Use    Max Used            
node0397    2           1.00 (49.89 %)    240.00 GiB  141.47 GiB     164.57 GiB (68.57 %)

Node        GPU Model                     Compute Usage  Memory Usage   
node0397    NVIDIA A100 80GB PCIe         19 %           1023.00 MiB    


Current Per Node Stats -- Oct  3 17:58:55
--------------------------
            CPU Cores                     Memory                        
Node        Requested   Usage             Requested   Current Use    Max Used            
node0397    2           1.00 (49.89 %)    240.00 GiB  152.05 GiB     164.57 GiB (68.57 %)

Node        GPU Model                     Compute Usage  Memory Usage   
node0397    NVIDIA A100 80GB PCIe         0 %            1023.00 MiB    


Current Per Node Stats -- Oct  3 17:59:55
--------------------------
            CPU Cores                     Memory                        
Node        Requested   Usage             Requested   Current Use    Max Used            
node0397    2           1.00 (49.89 %)    240.00 GiB  147.28 GiB     164.57 GiB (68.57 %)

Node        GPU Model                     Compute Usage  Memory Usage   
node0397    NVIDIA A100 80GB PCIe         23 %           1023.00 MiB    


Current Per Node Stats -- Oct  3 18:00:55
--------------------------
            CPU Cores                     Memory                        
Node        Requested   Usage             Requested   Current Use    Max Used            
node0397    2           1.00 (49.89 %)    240.00 GiB  142.61 GiB     164.57 GiB (68.57 %)

Node        GPU Model                     Compute Usage  Memory Usage   
node0397    NVIDIA A100 80GB PCIe         19 %           1023.00 MiB    


Current Per Node Stats -- Oct  3 18:01:55
--------------------------
            CPU Cores                     Memory                        
Node        Requested   Usage             Requested   Current Use    Max Used            
node0397    2           1.00 (49.88 %)    240.00 GiB  149.41 GiB     164.57 GiB (68.57 %)

Node        GPU Model                     Compute Usage  Memory Usage   
node0397    NVIDIA A100 80GB PCIe         19 %           1023.00 MiB    


Current Per Node Stats -- Oct  3 18:02:55
--------------------------
            CPU Cores                     Memory                        
Node        Requested   Usage             Requested   Current Use    Max Used            
node0397    2           1.00 (49.88 %)    240.00 GiB  148.43 GiB     164.57 GiB (68.57 %)

Node        GPU Model                     Compute Usage  Memory Usage   
node0397    NVIDIA A100 80GB PCIe         19 %           1023.00 MiB    


Current Per Node Stats -- Oct  3 18:03:55
--------------------------
            CPU Cores                     Memory                        
Node        Requested   Usage             Requested   Current Use    Max Used            
node0397    2           1.00 (49.88 %)    240.00 GiB  155.30 GiB     164.57 GiB (68.57 %)

Node        GPU Model                     Compute Usage  Memory Usage   
node0397    NVIDIA A100 80GB PCIe         19 %           1023.00 MiB    


Current Per Node Stats -- Oct  3 18:04:55
--------------------------
            CPU Cores                     Memory                        
Node        Requested   Usage             Requested   Current Use    Max Used            
node0397    2           1.00 (49.93 %)    240.00 GiB  162.52 GiB     164.57 GiB (68.57 %)

Node        GPU Model                     Compute Usage  Memory Usage   
node0397    NVIDIA A100 80GB PCIe         0 %            1023.00 MiB    


Current Per Node Stats -- Oct  3 18:05:55
--------------------------
            CPU Cores                     Memory                        
Node        Requested   Usage             Requested   Current Use    Max Used            
node0397    2           1.00 (49.93 %)    240.00 GiB  149.02 GiB     164.57 GiB (68.57 %)

Node        GPU Model                     Compute Usage  Memory Usage   
node0397    NVIDIA A100 80GB PCIe         19 %           1023.00 MiB    


Current Per Node Stats -- Oct  3 18:06:55
--------------------------
            CPU Cores                     Memory                        
Node        Requested   Usage             Requested   Current Use    Max Used            
node0397    2           1.00 (49.88 %)    240.00 GiB  155.76 GiB     164.57 GiB (68.57 %)

Node        GPU Model                     Compute Usage  Memory Usage   
node0397    NVIDIA A100 80GB PCIe         19 %           1023.00 MiB    


Current Per Node Stats -- Oct  3 18:07:55
--------------------------
            CPU Cores                     Memory                        
Node        Requested   Usage             Requested   Current Use    Max Used            
node0397    2           1.00 (49.94 %)    240.00 GiB  162.86 GiB     164.57 GiB (68.57 %)

Node        GPU Model                     Compute Usage  Memory Usage   
node0397    NVIDIA A100 80GB PCIe         0 %            1023.00 MiB    


Current Per Node Stats -- Oct  3 18:08:55
--------------------------
            CPU Cores                     Memory                        
Node        Requested   Usage             Requested   Current Use    Max Used            
node0397    2           1.00 (49.91 %)    240.00 GiB  150.53 GiB     164.57 GiB (68.57 %)

Node        GPU Model                     Compute Usage  Memory Usage   
node0397    NVIDIA A100 80GB PCIe         19 %           1023.00 MiB    


Current Per Node Stats -- Oct  3 18:09:55
--------------------------
            CPU Cores                     Memory                        
Node        Requested   Usage             Requested   Current Use    Max Used            
node0397    2           1.00 (49.89 %)    240.00 GiB  162.14 GiB     164.57 GiB (68.57 %)

Node        GPU Model                     Compute Usage  Memory Usage   
node0397    NVIDIA A100 80GB PCIe         0 %            1023.00 MiB    


Current Per Node Stats -- Oct  3 18:10:55
--------------------------
            CPU Cores                     Memory                        
Node        Requested   Usage             Requested   Current Use    Max Used            
node0397    2           1.00 (49.95 %)    240.00 GiB  163.48 GiB     164.57 GiB (68.57 %)

Node        GPU Model                     Compute Usage  Memory Usage   
node0397    NVIDIA A100 80GB PCIe         0 %            1023.00 MiB    


Current Per Node Stats -- Oct  3 18:11:55
--------------------------
            CPU Cores                     Memory                        
Node        Requested   Usage             Requested   Current Use    Max Used            
node0397    2           1.00 (49.96 %)    240.00 GiB  162.52 GiB     164.68 GiB (68.62 %)

Node        GPU Model                     Compute Usage  Memory Usage   
node0397    NVIDIA A100 80GB PCIe         0 %            1023.00 MiB    


Current Per Node Stats -- Oct  3 18:12:55
--------------------------
            CPU Cores                     Memory                        
Node        Requested   Usage             Requested   Current Use    Max Used            
node0397    2           1.00 (49.92 %)    240.00 GiB  162.98 GiB     164.68 GiB (68.62 %)

Node        GPU Model                     Compute Usage  Memory Usage   
node0397    NVIDIA A100 80GB PCIe         0 %            1023.00 MiB    


Current Per Node Stats -- Oct  3 18:13:55
--------------------------
            CPU Cores                     Memory                        
Node        Requested   Usage             Requested   Current Use    Max Used            
node0397    2           1.00 (49.91 %)    240.00 GiB  156.92 GiB     164.68 GiB (68.62 %)

Node        GPU Model                     Compute Usage  Memory Usage   
node0397    NVIDIA A100 80GB PCIe         19 %           1023.00 MiB    


Current Per Node Stats -- Oct  3 18:14:55
--------------------------
            CPU Cores                     Memory                        
Node        Requested   Usage             Requested   Current Use    Max Used            
node0397    2           1.00 (49.95 %)    240.00 GiB  163.95 GiB     164.68 GiB (68.62 %)

Node        GPU Model                     Compute Usage  Memory Usage   
node0397    NVIDIA A100 80GB PCIe         0 %            1023.00 MiB    


Current Per Node Stats -- Oct  3 18:15:55
--------------------------
            CPU Cores                     Memory                        
Node        Requested   Usage             Requested   Current Use    Max Used            
node0397    2           1.00 (49.91 %)    240.00 GiB  163.36 GiB     164.68 GiB (68.62 %)

Node        GPU Model                     Compute Usage  Memory Usage   
node0397    NVIDIA A100 80GB PCIe         20 %           1.02 GiB       


Current Per Node Stats -- Oct  3 18:16:55
--------------------------
            CPU Cores                     Memory                        
Node        Requested   Usage             Requested   Current Use    Max Used            
node0397    2           1.00 (49.95 %)    240.00 GiB  166.61 GiB     166.61 GiB (69.42 %)

Node        GPU Model                     Compute Usage  Memory Usage   
node0397    NVIDIA A100 80GB PCIe         0 %            1.02 GiB       


Current Per Node Stats -- Oct  3 18:17:55
--------------------------
            CPU Cores                     Memory                        
Node        Requested   Usage             Requested   Current Use    Max Used            
node0397    2           1.00 (49.93 %)    240.00 GiB  167.31 GiB     167.31 GiB (69.71 %)

Node        GPU Model                     Compute Usage  Memory Usage   
node0397    NVIDIA A100 80GB PCIe         0 %            1.02 GiB       


Current Per Node Stats -- Oct  3 18:18:55
--------------------------
            CPU Cores                     Memory                        
Node        Requested   Usage             Requested   Current Use    Max Used            
node0397    2           1.00 (49.94 %)    240.00 GiB  168.18 GiB     168.46 GiB (70.19 %)

Node        GPU Model                     Compute Usage  Memory Usage   
node0397    NVIDIA A100 80GB PCIe         0 %            1.02 GiB       


Current Per Node Stats -- Oct  3 18:19:55
--------------------------
            CPU Cores                     Memory                        
Node        Requested   Usage             Requested   Current Use    Max Used            
node0397    2           1.00 (49.94 %)    240.00 GiB  169.42 GiB     169.42 GiB (70.59 %)

Node        GPU Model                     Compute Usage  Memory Usage   
node0397    NVIDIA A100 80GB PCIe         0 %            1.02 GiB       


Current Per Node Stats -- Oct  3 18:20:55
--------------------------
            CPU Cores                     Memory                        
Node        Requested   Usage             Requested   Current Use    Max Used            
node0397    2           1.00 (49.93 %)    240.00 GiB  170.40 GiB     170.40 GiB (71.00 %)

Node        GPU Model                     Compute Usage  Memory Usage   
node0397    NVIDIA A100 80GB PCIe         0 %            1.02 GiB       


Current Per Node Stats -- Oct  3 18:21:55
--------------------------
            CPU Cores                     Memory                        
Node        Requested   Usage             Requested   Current Use    Max Used            
node0397    2           1.00 (49.93 %)    240.00 GiB  156.53 GiB     170.92 GiB (71.22 %)

Node        GPU Model                     Compute Usage  Memory Usage   
node0397    NVIDIA A100 80GB PCIe         20 %           1.02 GiB       


Current Per Node Stats -- Oct  3 18:22:55
--------------------------
            CPU Cores                     Memory                        
Node        Requested   Usage             Requested   Current Use    Max Used            
node0397    2           1.00 (49.90 %)    240.00 GiB  163.25 GiB     170.92 GiB (71.22 %)

Node        GPU Model                     Compute Usage  Memory Usage   
node0397    NVIDIA A100 80GB PCIe         19 %           1.02 GiB       


Current Per Node Stats -- Oct  3 18:23:55
--------------------------
            CPU Cores                     Memory                        
Node        Requested   Usage             Requested   Current Use    Max Used            
node0397    2           1.00 (49.95 %)    240.00 GiB  167.86 GiB     170.92 GiB (71.22 %)

Node        GPU Model                     Compute Usage  Memory Usage   
node0397    NVIDIA A100 80GB PCIe         0 %            1.02 GiB       


Current Per Node Stats -- Oct  3 18:24:55
--------------------------
            CPU Cores                     Memory                        
Node        Requested   Usage             Requested   Current Use    Max Used            
node0397    2           1.00 (49.95 %)    240.00 GiB  169.20 GiB     170.92 GiB (71.22 %)

Node        GPU Model                     Compute Usage  Memory Usage   
node0397    NVIDIA A100 80GB PCIe         0 %            1.02 GiB       


Current Per Node Stats -- Oct  3 18:25:55
--------------------------
            CPU Cores                     Memory                        
Node        Requested   Usage             Requested   Current Use    Max Used            
node0397    2           1.00 (49.94 %)    240.00 GiB  170.91 GiB     170.92 GiB (71.22 %)

Node        GPU Model                     Compute Usage  Memory Usage   
node0397    NVIDIA A100 80GB PCIe         0 %            1.02 GiB       


Current Per Node Stats -- Oct  3 18:26:55
--------------------------
            CPU Cores                     Memory                        
Node        Requested   Usage             Requested   Current Use    Max Used            
node0397    2           1.00 (49.89 %)    240.00 GiB  139.82 GiB     170.95 GiB (71.23 %)

Node        GPU Model                     Compute Usage  Memory Usage   
node0397    NVIDIA A100 80GB PCIe         21 %           1.02 GiB       


Current Per Node Stats -- Oct  3 18:27:55
--------------------------
            CPU Cores                     Memory                        
Node        Requested   Usage             Requested   Current Use    Max Used            
node0397    2           1.00 (49.90 %)    240.00 GiB  140.33 GiB     170.95 GiB (71.23 %)

Node        GPU Model                     Compute Usage  Memory Usage   
node0397    NVIDIA A100 80GB PCIe         20 %           1.02 GiB       


Current Per Node Stats -- Oct  3 18:28:55
--------------------------
            CPU Cores                     Memory                        
Node        Requested   Usage             Requested   Current Use    Max Used            
node0397    2           1.00 (49.89 %)    240.00 GiB  148.25 GiB     170.95 GiB (71.23 %)

Node        GPU Model                     Compute Usage  Memory Usage   
node0397    NVIDIA A100 80GB PCIe         0 %            1.02 GiB       


Current Per Node Stats -- Oct  3 18:29:55
--------------------------
            CPU Cores                     Memory                        
Node        Requested   Usage             Requested   Current Use    Max Used            
node0397    2           1.00 (49.89 %)    240.00 GiB  139.97 GiB     170.95 GiB (71.23 %)

Node        GPU Model                     Compute Usage  Memory Usage   
node0397    NVIDIA A100 80GB PCIe         20 %           1.02 GiB       


Current Per Node Stats -- Oct  3 18:30:55
--------------------------
            CPU Cores                     Memory                        
Node        Requested   Usage             Requested   Current Use    Max Used            
node0397    2           1.00 (49.89 %)    240.00 GiB  146.78 GiB     170.95 GiB (71.23 %)

Node        GPU Model                     Compute Usage  Memory Usage   
node0397    NVIDIA A100 80GB PCIe         20 %           1.02 GiB       


Current Per Node Stats -- Oct  3 18:31:55
--------------------------
            CPU Cores                     Memory                        
Node        Requested   Usage             Requested   Current Use    Max Used            
node0397    2           1.00 (49.91 %)    240.00 GiB  147.14 GiB     170.95 GiB (71.23 %)

Node        GPU Model                     Compute Usage  Memory Usage   
node0397    NVIDIA A100 80GB PCIe         24 %           1.02 GiB       


Current Per Node Stats -- Oct  3 18:32:55
--------------------------
            CPU Cores                     Memory                        
Node        Requested   Usage             Requested   Current Use    Max Used            
node0397    2           1.00 (49.90 %)    240.00 GiB  147.66 GiB     170.95 GiB (71.23 %)

Node        GPU Model                     Compute Usage  Memory Usage   
node0397    NVIDIA A100 80GB PCIe         20 %           1.02 GiB       


Current Per Node Stats -- Oct  3 18:33:55
--------------------------
            CPU Cores                     Memory                        
Node        Requested   Usage             Requested   Current Use    Max Used            
node0397    2           1.00 (49.90 %)    240.00 GiB  148.14 GiB     170.95 GiB (71.23 %)

Node        GPU Model                     Compute Usage  Memory Usage   
node0397    NVIDIA A100 80GB PCIe         19 %           1.02 GiB       


Current Per Node Stats -- Oct  3 18:34:55
--------------------------
            CPU Cores                     Memory                        
Node        Requested   Usage             Requested   Current Use    Max Used            
node0397    2           1.00 (49.90 %)    240.00 GiB  147.22 GiB     170.95 GiB (71.23 %)

Node        GPU Model                     Compute Usage  Memory Usage   
node0397    NVIDIA A100 80GB PCIe         21 %           1.02 GiB       


Current Per Node Stats -- Oct  3 18:35:55
--------------------------
            CPU Cores                     Memory                        
Node        Requested   Usage             Requested   Current Use    Max Used            
node0397    2           1.00 (49.89 %)    240.00 GiB  154.03 GiB     170.95 GiB (71.23 %)

Node        GPU Model                     Compute Usage  Memory Usage   
node0397    NVIDIA A100 80GB PCIe         20 %           1.02 GiB       


Current Per Node Stats -- Oct  3 18:36:55
--------------------------
            CPU Cores                     Memory                        
Node        Requested   Usage             Requested   Current Use    Max Used            
node0397    2           1.00 (49.89 %)    240.00 GiB  149.45 GiB     170.95 GiB (71.23 %)

Node        GPU Model                     Compute Usage  Memory Usage   
node0397    NVIDIA A100 80GB PCIe         20 %           1.02 GiB       


Current Per Node Stats -- Oct  3 18:37:55
--------------------------
            CPU Cores                     Memory                        
Node        Requested   Usage             Requested   Current Use    Max Used            
node0397    2           1.00 (49.90 %)    240.00 GiB  154.84 GiB     170.95 GiB (71.23 %)

Node        GPU Model                     Compute Usage  Memory Usage   
node0397    NVIDIA A100 80GB PCIe         20 %           1.02 GiB       


Current Per Node Stats -- Oct  3 18:38:55
--------------------------
            CPU Cores                     Memory                        
Node        Requested   Usage             Requested   Current Use    Max Used            
node0397    2           1.00 (49.89 %)    240.00 GiB  155.36 GiB     170.95 GiB (71.23 %)

Node        GPU Model                     Compute Usage  Memory Usage   
node0397    NVIDIA A100 80GB PCIe         20 %           1.02 GiB       


Current Per Node Stats -- Oct  3 18:39:55
--------------------------
            CPU Cores                     Memory                        
Node        Requested   Usage             Requested   Current Use    Max Used            
node0397    2           1.00 (49.90 %)    240.00 GiB  162.70 GiB     170.95 GiB (71.23 %)

Node        GPU Model                     Compute Usage  Memory Usage   
node0397    NVIDIA A100 80GB PCIe         0 %            1.02 GiB       


Current Per Node Stats -- Oct  3 18:40:55
--------------------------
            CPU Cores                     Memory                        
Node        Requested   Usage             Requested   Current Use    Max Used            
node0397    2           1.00 (49.96 %)    240.00 GiB  168.27 GiB     170.95 GiB (71.23 %)

Node        GPU Model                     Compute Usage  Memory Usage   
node0397    NVIDIA A100 80GB PCIe         0 %            1.02 GiB       


Current Per Node Stats -- Oct  3 18:41:55
--------------------------
            CPU Cores                     Memory                        
Node        Requested   Usage             Requested   Current Use    Max Used            
node0397    2           1.00 (49.94 %)    240.00 GiB  154.64 GiB     170.95 GiB (71.23 %)

Node        GPU Model                     Compute Usage  Memory Usage   
node0397    NVIDIA A100 80GB PCIe         24 %           1.02 GiB       


Current Per Node Stats -- Oct  3 18:42:55
--------------------------
            CPU Cores                     Memory                        
Node        Requested   Usage             Requested   Current Use    Max Used            
node0397    2           1.00 (49.89 %)    240.00 GiB  161.53 GiB     170.95 GiB (71.23 %)

Node        GPU Model                     Compute Usage  Memory Usage   
node0397    NVIDIA A100 80GB PCIe         20 %           1.02 GiB       


Current Per Node Stats -- Oct  3 18:43:55
--------------------------
            CPU Cores                     Memory                        
Node        Requested   Usage             Requested   Current Use    Max Used            
node0397    2           1.00 (49.93 %)    240.00 GiB  168.05 GiB     170.95 GiB (71.23 %)

Node        GPU Model                     Compute Usage  Memory Usage   
node0397    NVIDIA A100 80GB PCIe         0 %            1.02 GiB       


Current Per Node Stats -- Oct  3 18:44:55
--------------------------
            CPU Cores                     Memory                        
Node        Requested   Usage             Requested   Current Use    Max Used            
node0397    2           1.00 (49.96 %)    240.00 GiB  169.44 GiB     170.95 GiB (71.23 %)

Node        GPU Model                     Compute Usage  Memory Usage   
node0397    NVIDIA A100 80GB PCIe         0 %            1.02 GiB       


Current Per Node Stats -- Oct  3 18:45:55
--------------------------
            CPU Cores                     Memory                        
Node        Requested   Usage             Requested   Current Use    Max Used            
node0397    2           1.00 (49.91 %)    240.00 GiB  160.49 GiB     170.95 GiB (71.23 %)

Node        GPU Model                     Compute Usage  Memory Usage   
node0397    NVIDIA A100 80GB PCIe         0 %            1.02 GiB       


Current Per Node Stats -- Oct  3 18:46:55
--------------------------
            CPU Cores                     Memory                        
Node        Requested   Usage             Requested   Current Use    Max Used            
node0397    2           1.00 (49.91 %)    240.00 GiB  167.94 GiB     170.95 GiB (71.23 %)

Node        GPU Model                     Compute Usage  Memory Usage   
node0397    NVIDIA A100 80GB PCIe         0 %            1.02 GiB       


Current Per Node Stats -- Oct  3 18:47:55
--------------------------
            CPU Cores                     Memory                        
Node        Requested   Usage             Requested   Current Use    Max Used            
node0397    2           1.00 (49.95 %)    240.00 GiB  169.41 GiB     170.95 GiB (71.23 %)

Node        GPU Model                     Compute Usage  Memory Usage   
node0397    NVIDIA A100 80GB PCIe         0 %            1.02 GiB       


Current Per Node Stats -- Oct  3 18:48:55
--------------------------
            CPU Cores                     Memory                        
Node        Requested   Usage             Requested   Current Use    Max Used            
node0397    2           1.00 (49.95 %)    240.00 GiB  170.91 GiB     170.95 GiB (71.23 %)

Node        GPU Model                     Compute Usage  Memory Usage   
node0397    NVIDIA A100 80GB PCIe         0 %            1.02 GiB       


Current Per Node Stats -- Oct  3 18:49:55
--------------------------
            CPU Cores                     Memory                        
Node        Requested   Usage             Requested   Current Use    Max Used            
node0397    2           1.00 (49.90 %)    240.00 GiB  168.04 GiB     171.03 GiB (71.26 %)

Node        GPU Model                     Compute Usage  Memory Usage   
node0397    NVIDIA A100 80GB PCIe         0 %            1.02 GiB       


Current Per Node Stats -- Oct  3 18:50:55
--------------------------
            CPU Cores                     Memory                        
Node        Requested   Usage             Requested   Current Use    Max Used            
node0397    2           1.00 (49.96 %)    240.00 GiB  169.43 GiB     171.03 GiB (71.26 %)

Node        GPU Model                     Compute Usage  Memory Usage   
node0397    NVIDIA A100 80GB PCIe         0 %            1.02 GiB       


Current Per Node Stats -- Oct  3 18:51:55
--------------------------
            CPU Cores                     Memory                        
Node        Requested   Usage             Requested   Current Use    Max Used            
node0397    2           1.00 (49.91 %)    240.00 GiB  168.43 GiB     171.03 GiB (71.26 %)

Node        GPU Model                     Compute Usage  Memory Usage   
node0397    NVIDIA A100 80GB PCIe         0 %            1.02 GiB       


Current Per Node Stats -- Oct  3 18:52:55
--------------------------
            CPU Cores                     Memory                        
Node        Requested   Usage             Requested   Current Use    Max Used            
node0397    2           1.00 (49.96 %)    240.00 GiB  169.68 GiB     171.03 GiB (71.26 %)

Node        GPU Model                     Compute Usage  Memory Usage   
node0397    NVIDIA A100 80GB PCIe         0 %            1.02 GiB       


Current Per Node Stats -- Oct  3 18:53:55
--------------------------
            CPU Cores                     Memory                        
Node        Requested   Usage             Requested   Current Use    Max Used            
node0397    2           1.00 (49.95 %)    240.00 GiB  168.62 GiB     171.06 GiB (71.27 %)

Node        GPU Model                     Compute Usage  Memory Usage   
node0397    NVIDIA A100 80GB PCIe         24 %           1.05 GiB       


Current Per Node Stats -- Oct  3 18:54:55
--------------------------
            CPU Cores                     Memory                        
Node        Requested   Usage             Requested   Current Use    Max Used            
node0397    2           1.00 (49.90 %)    240.00 GiB  171.76 GiB     171.76 GiB (71.57 %)

Node        GPU Model                     Compute Usage  Memory Usage   
node0397    NVIDIA A100 80GB PCIe         0 %            1.05 GiB       


Current Per Node Stats -- Oct  3 18:55:55
--------------------------
            CPU Cores                     Memory                        
Node        Requested   Usage             Requested   Current Use    Max Used            
node0397    2           1.00 (49.95 %)    240.00 GiB  173.17 GiB     173.17 GiB (72.15 %)

Node        GPU Model                     Compute Usage  Memory Usage   
node0397    NVIDIA A100 80GB PCIe         0 %            1.05 GiB       


Current Per Node Stats -- Oct  3 18:56:55
--------------------------
            CPU Cores                     Memory                        
Node        Requested   Usage             Requested   Current Use    Max Used            
node0397    2           1.00 (49.92 %)    240.00 GiB  173.35 GiB     173.57 GiB (72.32 %)

Node        GPU Model                     Compute Usage  Memory Usage   
node0397    NVIDIA A100 80GB PCIe         0 %            1.05 GiB       


Current Per Node Stats -- Oct  3 18:57:55
--------------------------
            CPU Cores                     Memory                        
Node        Requested   Usage             Requested   Current Use    Max Used            
node0397    2           1.00 (49.86 %)    240.00 GiB  174.68 GiB     174.68 GiB (72.78 %)

Node        GPU Model                     Compute Usage  Memory Usage   
node0397    NVIDIA A100 80GB PCIe         0 %            1.05 GiB       


Current Per Node Stats -- Oct  3 18:58:55
--------------------------
            CPU Cores                     Memory                        
Node        Requested   Usage             Requested   Current Use    Max Used            
node0397    2           1.00 (49.94 %)    240.00 GiB  175.16 GiB     175.16 GiB (72.98 %)

Node        GPU Model                     Compute Usage  Memory Usage   
node0397    NVIDIA A100 80GB PCIe         0 %            1.05 GiB       


Current Per Node Stats -- Oct  3 18:59:55
--------------------------
            CPU Cores                     Memory                        
Node        Requested   Usage             Requested   Current Use    Max Used            
node0397    2           1.00 (49.86 %)    240.00 GiB  176.37 GiB     176.37 GiB (73.49 %)

Node        GPU Model                     Compute Usage  Memory Usage   
node0397    NVIDIA A100 80GB PCIe         0 %            1.05 GiB       


Current Per Node Stats -- Oct  3 19:00:55
--------------------------
            CPU Cores                     Memory                        
Node        Requested   Usage             Requested   Current Use    Max Used            
node0397    2           1.00 (49.89 %)    240.00 GiB  175.68 GiB     177.18 GiB (73.82 %)

Node        GPU Model                     Compute Usage  Memory Usage   
node0397    NVIDIA A100 80GB PCIe         0 %            1.05 GiB       


Current Per Node Stats -- Oct  3 19:01:55
--------------------------
            CPU Cores                     Memory                        
Node        Requested   Usage             Requested   Current Use    Max Used            
node0397    2           1.00 (49.86 %)    240.00 GiB  168.60 GiB     177.18 GiB (73.82 %)

Node        GPU Model                     Compute Usage  Memory Usage   
node0397    NVIDIA A100 80GB PCIe         20 %           1.05 GiB       


Current Per Node Stats -- Oct  3 19:02:55
--------------------------
            CPU Cores                     Memory                        
Node        Requested   Usage             Requested   Current Use    Max Used            
node0397    2           1.00 (49.82 %)    240.00 GiB  172.61 GiB     177.18 GiB (73.82 %)

Node        GPU Model                     Compute Usage  Memory Usage   
node0397    NVIDIA A100 80GB PCIe         0 %            1.05 GiB       


Current Per Node Stats -- Oct  3 19:03:55
--------------------------
            CPU Cores                     Memory                        
Node        Requested   Usage             Requested   Current Use    Max Used            
node0397    2           1.00 (49.87 %)    240.00 GiB  173.63 GiB     177.18 GiB (73.82 %)

Node        GPU Model                     Compute Usage  Memory Usage   
node0397    NVIDIA A100 80GB PCIe         0 %            1.05 GiB       


Current Per Node Stats -- Oct  3 19:04:55
--------------------------
            CPU Cores                     Memory                        
Node        Requested   Usage             Requested   Current Use    Max Used            
node0397    2           1.00 (49.95 %)    240.00 GiB  174.90 GiB     177.18 GiB (73.82 %)

Node        GPU Model                     Compute Usage  Memory Usage   
node0397    NVIDIA A100 80GB PCIe         0 %            1.05 GiB       


Current Per Node Stats -- Oct  3 19:05:55
--------------------------
            CPU Cores                     Memory                        
Node        Requested   Usage             Requested   Current Use    Max Used            
node0397    2           1.00 (49.94 %)    240.00 GiB  176.15 GiB     177.18 GiB (73.82 %)

Node        GPU Model                     Compute Usage  Memory Usage   
node0397    NVIDIA A100 80GB PCIe         0 %            1.05 GiB       


Current Per Node Stats -- Oct  3 19:06:55
--------------------------
            CPU Cores                     Memory                        
Node        Requested   Usage             Requested   Current Use    Max Used            
node0397    2           1.00 (49.94 %)    240.00 GiB  139.63 GiB     177.18 GiB (73.82 %)

Node        GPU Model                     Compute Usage  Memory Usage   
node0397    NVIDIA A100 80GB PCIe         25 %           1.05 GiB       


Current Per Node Stats -- Oct  3 19:07:55
--------------------------
            CPU Cores                     Memory                        
Node        Requested   Usage             Requested   Current Use    Max Used            
node0397    2           1.00 (49.89 %)    240.00 GiB  146.43 GiB     177.18 GiB (73.82 %)

Node        GPU Model                     Compute Usage  Memory Usage   
node0397    NVIDIA A100 80GB PCIe         20 %           1.05 GiB       


Current Per Node Stats -- Oct  3 19:08:55
--------------------------
            CPU Cores                     Memory                        
Node        Requested   Usage             Requested   Current Use    Max Used            
node0397    2           1.00 (49.91 %)    240.00 GiB  145.50 GiB     177.18 GiB (73.82 %)

Node        GPU Model                     Compute Usage  Memory Usage   
node0397    NVIDIA A100 80GB PCIe         24 %           1.05 GiB       


Current Per Node Stats -- Oct  3 19:09:55
--------------------------
            CPU Cores                     Memory                        
Node        Requested   Usage             Requested   Current Use    Max Used            
node0397    2           1.00 (49.90 %)    240.00 GiB  152.34 GiB     177.18 GiB (73.82 %)

Node        GPU Model                     Compute Usage  Memory Usage   
node0397    NVIDIA A100 80GB PCIe         20 %           1.05 GiB       


Current Per Node Stats -- Oct  3 19:10:55
--------------------------
            CPU Cores                     Memory                        
Node        Requested   Usage             Requested   Current Use    Max Used            
node0397    2           1.00 (49.90 %)    240.00 GiB  146.52 GiB     177.18 GiB (73.82 %)

Node        GPU Model                     Compute Usage  Memory Usage   
node0397    NVIDIA A100 80GB PCIe         20 %           1.05 GiB       


Current Per Node Stats -- Oct  3 19:11:55
--------------------------
            CPU Cores                     Memory                        
Node        Requested   Usage             Requested   Current Use    Max Used            
node0397    2           1.00 (49.90 %)    240.00 GiB  146.89 GiB     177.18 GiB (73.82 %)

Node        GPU Model                     Compute Usage  Memory Usage   
node0397    NVIDIA A100 80GB PCIe         24 %           1.05 GiB       


Current Per Node Stats -- Oct  3 19:12:55
--------------------------
            CPU Cores                     Memory                        
Node        Requested   Usage             Requested   Current Use    Max Used            
node0397    2           1.00 (49.90 %)    240.00 GiB  153.78 GiB     177.18 GiB (73.82 %)

Node        GPU Model                     Compute Usage  Memory Usage   
node0397    NVIDIA A100 80GB PCIe         23 %           1.05 GiB       


Current Per Node Stats -- Oct  3 19:13:55
--------------------------
            CPU Cores                     Memory                        
Node        Requested   Usage             Requested   Current Use    Max Used            
node0397    2           1.00 (49.90 %)    240.00 GiB  157.63 GiB     177.18 GiB (73.82 %)

Node        GPU Model                     Compute Usage  Memory Usage   
node0397    NVIDIA A100 80GB PCIe         0 %            1.05 GiB       


Current Per Node Stats -- Oct  3 19:14:55
--------------------------
            CPU Cores                     Memory                        
Node        Requested   Usage             Requested   Current Use    Max Used            
node0397    2           1.00 (49.90 %)    240.00 GiB  159.77 GiB     177.18 GiB (73.82 %)

Node        GPU Model                     Compute Usage  Memory Usage   
node0397    NVIDIA A100 80GB PCIe         20 %           1.05 GiB       


Current Per Node Stats -- Oct  3 19:15:55
--------------------------
            CPU Cores                     Memory                        
Node        Requested   Usage             Requested   Current Use    Max Used            
node0397    2           1.00 (49.90 %)    240.00 GiB  153.89 GiB     177.18 GiB (73.82 %)

Node        GPU Model                     Compute Usage  Memory Usage   
node0397    NVIDIA A100 80GB PCIe         20 %           1.05 GiB       


Current Per Node Stats -- Oct  3 19:16:55
--------------------------
            CPU Cores                     Memory                        
Node        Requested   Usage             Requested   Current Use    Max Used            
node0397    2           1.00 (49.91 %)    240.00 GiB  154.29 GiB     177.18 GiB (73.82 %)

Node        GPU Model                     Compute Usage  Memory Usage   
node0397    NVIDIA A100 80GB PCIe         24 %           1.05 GiB       


Current Per Node Stats -- Oct  3 19:17:55
--------------------------
            CPU Cores                     Memory                        
Node        Requested   Usage             Requested   Current Use    Max Used            
node0397    2           1.00 (49.90 %)    240.00 GiB  161.26 GiB     177.18 GiB (73.82 %)

Node        GPU Model                     Compute Usage  Memory Usage   
node0397    NVIDIA A100 80GB PCIe         20 %           1.05 GiB       


Current Per Node Stats -- Oct  3 19:18:55
--------------------------
            CPU Cores                     Memory                        
Node        Requested   Usage             Requested   Current Use    Max Used            
node0397    2           1.00 (49.90 %)    240.00 GiB  161.75 GiB     177.18 GiB (73.82 %)

Node        GPU Model                     Compute Usage  Memory Usage   
node0397    NVIDIA A100 80GB PCIe         20 %           1.05 GiB       


Current Per Node Stats -- Oct  3 19:19:55
--------------------------
            CPU Cores                     Memory                        
Node        Requested   Usage             Requested   Current Use    Max Used            
node0397    2           1.00 (49.90 %)    240.00 GiB  167.30 GiB     177.18 GiB (73.82 %)

Node        GPU Model                     Compute Usage  Memory Usage   
node0397    NVIDIA A100 80GB PCIe         24 %           1.05 GiB       


Current Per Node Stats -- Oct  3 19:20:55
--------------------------
            CPU Cores                     Memory                        
Node        Requested   Usage             Requested   Current Use    Max Used            
node0397    2           1.00 (49.93 %)    240.00 GiB  173.13 GiB     177.18 GiB (73.82 %)

Node        GPU Model                     Compute Usage  Memory Usage   
node0397    NVIDIA A100 80GB PCIe         0 %            1.05 GiB       


Current Per Node Stats -- Oct  3 19:21:55
--------------------------
            CPU Cores                     Memory                        
Node        Requested   Usage             Requested   Current Use    Max Used            
node0397    2           1.00 (49.96 %)    240.00 GiB  174.35 GiB     177.18 GiB (73.82 %)

Node        GPU Model                     Compute Usage  Memory Usage   
node0397    NVIDIA A100 80GB PCIe         0 %            1.05 GiB       


Current Per Node Stats -- Oct  3 19:22:55
--------------------------
            CPU Cores                     Memory                        
Node        Requested   Usage             Requested   Current Use    Max Used            
node0397    2           1.00 (49.93 %)    240.00 GiB  175.62 GiB     177.18 GiB (73.82 %)

Node        GPU Model                     Compute Usage  Memory Usage   
node0397    NVIDIA A100 80GB PCIe         0 %            1.05 GiB       


Current Per Node Stats -- Oct  3 19:23:55
--------------------------
            CPU Cores                     Memory                        
Node        Requested   Usage             Requested   Current Use    Max Used            
node0397    2           0.99 (49.73 %)    240.00 GiB  167.01 GiB     177.18 GiB (73.82 %)

Node        GPU Model                     Compute Usage  Memory Usage   
node0397    NVIDIA A100 80GB PCIe         23 %           1.05 GiB       


Current Per Node Stats -- Oct  3 19:24:55
--------------------------
            CPU Cores                     Memory                        
Node        Requested   Usage             Requested   Current Use    Max Used            
node0397    2           1.00 (49.86 %)    240.00 GiB  173.20 GiB     177.18 GiB (73.82 %)

Node        GPU Model                     Compute Usage  Memory Usage   
node0397    NVIDIA A100 80GB PCIe         0 %            1.05 GiB       


Current Per Node Stats -- Oct  3 19:25:55
--------------------------
            CPU Cores                     Memory                        
Node        Requested   Usage             Requested   Current Use    Max Used            
node0397    2           1.00 (49.75 %)    240.00 GiB  173.91 GiB     177.18 GiB (73.82 %)

Node        GPU Model                     Compute Usage  Memory Usage   
node0397    NVIDIA A100 80GB PCIe         0 %            1.05 GiB       


Current Per Node Stats -- Oct  3 19:26:55
--------------------------
            CPU Cores                     Memory                        
Node        Requested   Usage             Requested   Current Use    Max Used            
node0397    2           0.99 (49.65 %)    240.00 GiB  174.92 GiB     177.18 GiB (73.82 %)

Node        GPU Model                     Compute Usage  Memory Usage   
node0397    NVIDIA A100 80GB PCIe         0 %            1.05 GiB       


Current Per Node Stats -- Oct  3 19:27:55
--------------------------
            CPU Cores                     Memory                        
Node        Requested   Usage             Requested   Current Use    Max Used            
node0397    2           1.00 (49.87 %)    240.00 GiB  162.68 GiB     177.18 GiB (73.82 %)

Node        GPU Model                     Compute Usage  Memory Usage   
node0397    NVIDIA A100 80GB PCIe         2 %            1.05 GiB       


Current Per Node Stats -- Oct  3 19:28:55
--------------------------
            CPU Cores                     Memory                        
Node        Requested   Usage             Requested   Current Use    Max Used            
node0397    2           1.00 (49.90 %)    240.00 GiB  173.34 GiB     177.18 GiB (73.82 %)

Node        GPU Model                     Compute Usage  Memory Usage   
node0397    NVIDIA A100 80GB PCIe         0 %            1.05 GiB       


Current Per Node Stats -- Oct  3 19:29:55
--------------------------
            CPU Cores                     Memory                        
Node        Requested   Usage             Requested   Current Use    Max Used            
node0397    2           1.00 (49.80 %)    240.00 GiB  174.04 GiB     177.18 GiB (73.82 %)

Node        GPU Model                     Compute Usage  Memory Usage   
node0397    NVIDIA A100 80GB PCIe         0 %            1.05 GiB       


Current Per Node Stats -- Oct  3 19:30:55
--------------------------
            CPU Cores                     Memory                        
Node        Requested   Usage             Requested   Current Use    Max Used            
node0397    2           0.99 (49.72 %)    240.00 GiB  174.91 GiB     177.18 GiB (73.82 %)

Node        GPU Model                     Compute Usage  Memory Usage   
node0397    NVIDIA A100 80GB PCIe         0 %            1.05 GiB       


Current Per Node Stats -- Oct  3 19:31:55
--------------------------
            CPU Cores                     Memory                        
Node        Requested   Usage             Requested   Current Use    Max Used            
node0397    2           0.99 (49.75 %)    240.00 GiB  166.83 GiB     177.18 GiB (73.82 %)

Node        GPU Model                     Compute Usage  Memory Usage   
node0397    NVIDIA A100 80GB PCIe         24 %           1.05 GiB       


Current Per Node Stats -- Oct  3 19:32:55
--------------------------
            CPU Cores                     Memory                        
Node        Requested   Usage             Requested   Current Use    Max Used            
node0397    2           1.00 (49.85 %)    240.00 GiB  173.42 GiB     177.18 GiB (73.82 %)

Node        GPU Model                     Compute Usage  Memory Usage   
node0397    NVIDIA A100 80GB PCIe         0 %            1.05 GiB       


Current Per Node Stats -- Oct  3 19:33:55
--------------------------
            CPU Cores                     Memory                        
Node        Requested   Usage             Requested   Current Use    Max Used            
node0397    2           0.99 (49.74 %)    240.00 GiB  167.01 GiB     177.18 GiB (73.82 %)

Node        GPU Model                     Compute Usage  Memory Usage   
node0397    NVIDIA A100 80GB PCIe         22 %           1.05 GiB       


Current Per Node Stats -- Oct  3 19:34:55
--------------------------
            CPU Cores                     Memory                        
Node        Requested   Usage             Requested   Current Use    Max Used            
node0397    2           1.00 (49.84 %)    240.00 GiB  173.84 GiB     177.18 GiB (73.82 %)

Node        GPU Model                     Compute Usage  Memory Usage   
node0397    NVIDIA A100 80GB PCIe         0 %            1.05 GiB       


Current Per Node Stats -- Oct  3 19:35:55
--------------------------
            CPU Cores                     Memory                        
Node        Requested   Usage             Requested   Current Use    Max Used            
node0397    2           1.00 (49.85 %)    240.00 GiB  174.51 GiB     177.18 GiB (73.82 %)

Node        GPU Model                     Compute Usage  Memory Usage   
node0397    NVIDIA A100 80GB PCIe         0 %            1.05 GiB       


Current Per Node Stats -- Oct  3 19:36:55
--------------------------
            CPU Cores                     Memory                        
Node        Requested   Usage             Requested   Current Use    Max Used            
node0397    2           1.00 (49.80 %)    240.00 GiB  173.19 GiB     177.18 GiB (73.82 %)

Node        GPU Model                     Compute Usage  Memory Usage   
node0397    NVIDIA A100 80GB PCIe         19 %           1.07 GiB       


Current Per Node Stats -- Oct  3 19:37:55
--------------------------
            CPU Cores                     Memory                        
Node        Requested   Usage             Requested   Current Use    Max Used            
node0397    2           1.00 (49.78 %)    240.00 GiB  176.52 GiB     177.18 GiB (73.82 %)

Node        GPU Model                     Compute Usage  Memory Usage   
node0397    NVIDIA A100 80GB PCIe         0 %            1.07 GiB       


Current Per Node Stats -- Oct  3 19:38:55
--------------------------
            CPU Cores                     Memory                        
Node        Requested   Usage             Requested   Current Use    Max Used            
node0397    2           1.00 (49.77 %)    240.00 GiB  177.29 GiB     177.29 GiB (73.87 %)

Node        GPU Model                     Compute Usage  Memory Usage   
node0397    NVIDIA A100 80GB PCIe         0 %            1.07 GiB       


Current Per Node Stats -- Oct  3 19:39:55
--------------------------
            CPU Cores                     Memory                        
Node        Requested   Usage             Requested   Current Use    Max Used            
node0397    2           0.99 (49.54 %)    240.00 GiB  177.48 GiB     177.48 GiB (73.95 %)

Node        GPU Model                     Compute Usage  Memory Usage   
node0397    NVIDIA A100 80GB PCIe         0 %            1.07 GiB       


Current Per Node Stats -- Oct  3 19:40:55
--------------------------
            CPU Cores                     Memory                        
Node        Requested   Usage             Requested   Current Use    Max Used            
node0397    2           0.99 (49.62 %)    240.00 GiB  178.01 GiB     178.01 GiB (74.17 %)

Node        GPU Model                     Compute Usage  Memory Usage   
node0397    NVIDIA A100 80GB PCIe         0 %            1.07 GiB       


Current Per Node Stats -- Oct  3 19:41:55
--------------------------
            CPU Cores                     Memory                        
Node        Requested   Usage             Requested   Current Use    Max Used            
node0397    2           0.99 (49.71 %)    240.00 GiB  178.82 GiB     178.82 GiB (74.51 %)

Node        GPU Model                     Compute Usage  Memory Usage   
node0397    NVIDIA A100 80GB PCIe         0 %            1.07 GiB       


Current Per Node Stats -- Oct  3 19:42:55
--------------------------
            CPU Cores                     Memory                        
Node        Requested   Usage             Requested   Current Use    Max Used            
node0397    2           0.99 (49.62 %)    240.00 GiB  179.82 GiB     179.82 GiB (74.93 %)

Node        GPU Model                     Compute Usage  Memory Usage   
node0397    NVIDIA A100 80GB PCIe         0 %            1.07 GiB       


Current Per Node Stats -- Oct  3 19:43:55
--------------------------
            CPU Cores                     Memory                        
Node        Requested   Usage             Requested   Current Use    Max Used            
node0397    2           1.00 (49.88 %)    240.00 GiB  171.40 GiB     179.84 GiB (74.93 %)

Node        GPU Model                     Compute Usage  Memory Usage   
node0397    NVIDIA A100 80GB PCIe         23 %           1.07 GiB       


Current Per Node Stats -- Oct  3 19:44:55
--------------------------
            CPU Cores                     Memory                        
Node        Requested   Usage             Requested   Current Use    Max Used            
node0397    2           1.00 (49.82 %)    240.00 GiB  176.13 GiB     179.84 GiB (74.93 %)

Node        GPU Model                     Compute Usage  Memory Usage   
node0397    NVIDIA A100 80GB PCIe         0 %            1.07 GiB       


Current Per Node Stats -- Oct  3 19:45:55
--------------------------
            CPU Cores                     Memory                        
Node        Requested   Usage             Requested   Current Use    Max Used            
node0397    2           0.99 (49.68 %)    240.00 GiB  177.01 GiB     179.84 GiB (74.93 %)

Node        GPU Model                     Compute Usage  Memory Usage   
node0397    NVIDIA A100 80GB PCIe         0 %            1.07 GiB       


Current Per Node Stats -- Oct  3 19:46:55
--------------------------
            CPU Cores                     Memory                        
Node        Requested   Usage             Requested   Current Use    Max Used            
node0397    2           1.00 (49.77 %)    240.00 GiB  177.66 GiB     179.84 GiB (74.93 %)

Node        GPU Model                     Compute Usage  Memory Usage   
node0397    NVIDIA A100 80GB PCIe         0 %            1.07 GiB       


Current Per Node Stats -- Oct  3 19:47:55
--------------------------
            CPU Cores                     Memory                        
Node        Requested   Usage             Requested   Current Use    Max Used            
node0397    2           0.99 (49.72 %)    240.00 GiB  178.48 GiB     179.84 GiB (74.93 %)

Node        GPU Model                     Compute Usage  Memory Usage   
node0397    NVIDIA A100 80GB PCIe         0 %            1.07 GiB       


Current Per Node Stats -- Oct  3 19:48:55
--------------------------
            CPU Cores                     Memory                        
Node        Requested   Usage             Requested   Current Use    Max Used            
node0397    2           1.00 (49.78 %)    240.00 GiB  141.96 GiB     179.84 GiB (74.93 %)

Node        GPU Model                     Compute Usage  Memory Usage   
node0397    NVIDIA A100 80GB PCIe         19 %           1.07 GiB       


Current Per Node Stats -- Oct  3 19:49:55
--------------------------
            CPU Cores                     Memory                        
Node        Requested   Usage             Requested   Current Use    Max Used            
node0397    2           1.00 (49.89 %)    240.00 GiB  156.15 GiB     179.84 GiB (74.93 %)

Node        GPU Model                     Compute Usage  Memory Usage   
node0397    NVIDIA A100 80GB PCIe         0 %            1.07 GiB       


Current Per Node Stats -- Oct  3 19:50:55
--------------------------
            CPU Cores                     Memory                        
Node        Requested   Usage             Requested   Current Use    Max Used            
node0397    2           1.00 (49.89 %)    240.00 GiB  153.97 GiB     179.84 GiB (74.93 %)

Node        GPU Model                     Compute Usage  Memory Usage   
node0397    NVIDIA A100 80GB PCIe         23 %           1.07 GiB       


Current Per Node Stats -- Oct  3 19:51:55
--------------------------
            CPU Cores                     Memory                        
Node        Requested   Usage             Requested   Current Use    Max Used            
node0397    2           1.00 (49.88 %)    240.00 GiB  148.12 GiB     179.84 GiB (74.93 %)

Node        GPU Model                     Compute Usage  Memory Usage   
node0397    NVIDIA A100 80GB PCIe         20 %           1.07 GiB       


Current Per Node Stats -- Oct  3 19:52:55
--------------------------
            CPU Cores                     Memory                        
Node        Requested   Usage             Requested   Current Use    Max Used            
node0397    2           1.00 (49.88 %)    240.00 GiB  154.87 GiB     179.84 GiB (74.93 %)

Node        GPU Model                     Compute Usage  Memory Usage   
node0397    NVIDIA A100 80GB PCIe         19 %           1.07 GiB       


Current Per Node Stats -- Oct  3 19:53:55
--------------------------
            CPU Cores                     Memory                        
Node        Requested   Usage             Requested   Current Use    Max Used            
node0397    2           1.00 (49.87 %)    240.00 GiB  155.69 GiB     179.84 GiB (74.93 %)

Node        GPU Model                     Compute Usage  Memory Usage   
node0397    NVIDIA A100 80GB PCIe         25 %           1.07 GiB       


Current Per Node Stats -- Oct  3 19:54:55
--------------------------
            CPU Cores                     Memory                        
Node        Requested   Usage             Requested   Current Use    Max Used            
node0397    2           1.00 (49.90 %)    240.00 GiB  155.05 GiB     179.84 GiB (74.93 %)

Node        GPU Model                     Compute Usage  Memory Usage   
node0397    NVIDIA A100 80GB PCIe         33 %           1.07 GiB       


Current Per Node Stats -- Oct  3 19:55:55
--------------------------
            CPU Cores                     Memory                        
Node        Requested   Usage             Requested   Current Use    Max Used            
node0397    2           1.00 (49.89 %)    240.00 GiB  161.82 GiB     179.84 GiB (74.93 %)

Node        GPU Model                     Compute Usage  Memory Usage   
node0397    NVIDIA A100 80GB PCIe         19 %           1.07 GiB       


Current Per Node Stats -- Oct  3 19:56:55
--------------------------
            CPU Cores                     Memory                        
Node        Requested   Usage             Requested   Current Use    Max Used            
node0397    2           1.00 (49.90 %)    240.00 GiB  163.73 GiB     179.84 GiB (74.93 %)

Node        GPU Model                     Compute Usage  Memory Usage   
node0397    NVIDIA A100 80GB PCIe         0 %            1.07 GiB       


Current Per Node Stats -- Oct  3 19:57:55
--------------------------
            CPU Cores                     Memory                        
Node        Requested   Usage             Requested   Current Use    Max Used            
node0397    2           1.00 (49.89 %)    240.00 GiB  156.36 GiB     179.84 GiB (74.93 %)

Node        GPU Model                     Compute Usage  Memory Usage   
node0397    NVIDIA A100 80GB PCIe         23 %           1.07 GiB       


Current Per Node Stats -- Oct  3 19:58:55
--------------------------
            CPU Cores                     Memory                        
Node        Requested   Usage             Requested   Current Use    Max Used            
node0397    2           1.00 (49.88 %)    240.00 GiB  163.41 GiB     179.84 GiB (74.93 %)

Node        GPU Model                     Compute Usage  Memory Usage   
node0397    NVIDIA A100 80GB PCIe         27 %           1.07 GiB       


Current Per Node Stats -- Oct  3 19:59:55
--------------------------
            CPU Cores                     Memory                        
Node        Requested   Usage             Requested   Current Use    Max Used            
node0397    2           1.00 (49.90 %)    240.00 GiB  175.70 GiB     179.84 GiB (74.93 %)

Node        GPU Model                     Compute Usage  Memory Usage   
node0397    NVIDIA A100 80GB PCIe         0 %            1.07 GiB       


Current Per Node Stats -- Oct  3 20:00:55
--------------------------
            CPU Cores                     Memory                        
Node        Requested   Usage             Requested   Current Use    Max Used            
node0397    2           1.00 (49.95 %)    240.00 GiB  176.64 GiB     179.84 GiB (74.93 %)

Node        GPU Model                     Compute Usage  Memory Usage   
node0397    NVIDIA A100 80GB PCIe         0 %            1.07 GiB       


Current Per Node Stats -- Oct  3 20:01:55
--------------------------
            CPU Cores                     Memory                        
Node        Requested   Usage             Requested   Current Use    Max Used            
node0397    2           1.00 (49.93 %)    240.00 GiB  168.85 GiB     179.84 GiB (74.93 %)

Node        GPU Model                     Compute Usage  Memory Usage   
node0397    NVIDIA A100 80GB PCIe         23 %           1.07 GiB       


Current Per Node Stats -- Oct  3 20:02:55
--------------------------
            CPU Cores                     Memory                        
Node        Requested   Usage             Requested   Current Use    Max Used            
node0397    2           1.00 (49.77 %)    240.00 GiB  175.88 GiB     179.84 GiB (74.93 %)

Node        GPU Model                     Compute Usage  Memory Usage   
node0397    NVIDIA A100 80GB PCIe         0 %            1.07 GiB       


Current Per Node Stats -- Oct  3 20:03:55
--------------------------
            CPU Cores                     Memory                        
Node        Requested   Usage             Requested   Current Use    Max Used            
node0397    2           1.00 (49.84 %)    240.00 GiB  176.56 GiB     179.84 GiB (74.93 %)

Node        GPU Model                     Compute Usage  Memory Usage   
node0397    NVIDIA A100 80GB PCIe         0 %            1.07 GiB       


Current Per Node Stats -- Oct  3 20:04:55
--------------------------
            CPU Cores                     Memory                        
Node        Requested   Usage             Requested   Current Use    Max Used            
node0397    2           1.00 (49.81 %)    240.00 GiB  162.42 GiB     179.84 GiB (74.93 %)

Node        GPU Model                     Compute Usage  Memory Usage   
node0397    NVIDIA A100 80GB PCIe         20 %           1.07 GiB       


Current Per Node Stats -- Oct  3 20:05:55
--------------------------
            CPU Cores                     Memory                        
Node        Requested   Usage             Requested   Current Use    Max Used            
node0397    2           1.00 (49.89 %)    240.00 GiB  169.31 GiB     179.84 GiB (74.93 %)

Node        GPU Model                     Compute Usage  Memory Usage   
node0397    NVIDIA A100 80GB PCIe         20 %           1.07 GiB       


Current Per Node Stats -- Oct  3 20:06:55
--------------------------
            CPU Cores                     Memory                        
Node        Requested   Usage             Requested   Current Use    Max Used            
node0397    2           1.00 (49.85 %)    240.00 GiB  176.31 GiB     179.84 GiB (74.93 %)

Node        GPU Model                     Compute Usage  Memory Usage   
node0397    NVIDIA A100 80GB PCIe         0 %            1.07 GiB       


Current Per Node Stats -- Oct  3 20:07:55
--------------------------
            CPU Cores                     Memory                        
Node        Requested   Usage             Requested   Current Use    Max Used            
node0397    2           1.00 (49.80 %)    240.00 GiB  176.83 GiB     179.84 GiB (74.93 %)

Node        GPU Model                     Compute Usage  Memory Usage   
node0397    NVIDIA A100 80GB PCIe         0 %            1.07 GiB       


Current Per Node Stats -- Oct  3 20:08:55
--------------------------
            CPU Cores                     Memory                        
Node        Requested   Usage             Requested   Current Use    Max Used            
node0397    2           1.00 (49.89 %)    240.00 GiB  169.74 GiB     179.84 GiB (74.93 %)

Node        GPU Model                     Compute Usage  Memory Usage   
node0397    NVIDIA A100 80GB PCIe         20 %           1.07 GiB       


Current Per Node Stats -- Oct  3 20:09:55
--------------------------
            CPU Cores                     Memory                        
Node        Requested   Usage             Requested   Current Use    Max Used            
node0397    2           1.00 (49.89 %)    240.00 GiB  176.13 GiB     179.84 GiB (74.93 %)

Node        GPU Model                     Compute Usage  Memory Usage   
node0397    NVIDIA A100 80GB PCIe         0 %            1.07 GiB       


Current Per Node Stats -- Oct  3 20:10:55
--------------------------
            CPU Cores                     Memory                        
Node        Requested   Usage             Requested   Current Use    Max Used            
node0397    2           0.99 (49.73 %)    240.00 GiB  176.80 GiB     179.84 GiB (74.93 %)

Node        GPU Model                     Compute Usage  Memory Usage   
node0397    NVIDIA A100 80GB PCIe         0 %            1.07 GiB       


Current Per Node Stats -- Oct  3 20:11:55
--------------------------
            CPU Cores                     Memory                        
Node        Requested   Usage             Requested   Current Use    Max Used            
node0397    2           0.99 (49.69 %)    240.00 GiB  168.89 GiB     179.84 GiB (74.93 %)

Node        GPU Model                     Compute Usage  Memory Usage   
node0397    NVIDIA A100 80GB PCIe         24 %           1.07 GiB       


Current Per Node Stats -- Oct  3 20:12:55
--------------------------
            CPU Cores                     Memory                        
Node        Requested   Usage             Requested   Current Use    Max Used            
node0397    2           1.00 (49.90 %)    240.00 GiB  176.00 GiB     179.84 GiB (74.93 %)

Node        GPU Model                     Compute Usage  Memory Usage   
node0397    NVIDIA A100 80GB PCIe         0 %            1.07 GiB       


Current Per Node Stats -- Oct  3 20:13:55
--------------------------
            CPU Cores                     Memory                        
Node        Requested   Usage             Requested   Current Use    Max Used            
node0397    2           1.00 (49.82 %)    240.00 GiB  175.82 GiB     179.84 GiB (74.93 %)

Node        GPU Model                     Compute Usage  Memory Usage   
node0397    NVIDIA A100 80GB PCIe         0 %            1.07 GiB       


Current Per Node Stats -- Oct  3 20:14:55
--------------------------
            CPU Cores                     Memory                        
Node        Requested   Usage             Requested   Current Use    Max Used            
node0397    2           0.99 (49.46 %)    240.00 GiB  176.73 GiB     179.84 GiB (74.93 %)

Node        GPU Model                     Compute Usage  Memory Usage   
node0397    NVIDIA A100 80GB PCIe         0 %            1.07 GiB       


Current Per Node Stats -- Oct  3 20:15:55
--------------------------
            CPU Cores                     Memory                        
Node        Requested   Usage             Requested   Current Use    Max Used            
node0397    2           0.98 (49.22 %)    240.00 GiB  175.81 GiB     179.84 GiB (74.93 %)

Node        GPU Model                     Compute Usage  Memory Usage   
node0397    NVIDIA A100 80GB PCIe         19 %           1.09 GiB       


Current Per Node Stats -- Oct  3 20:16:55
--------------------------
            CPU Cores                     Memory                        
Node        Requested   Usage             Requested   Current Use    Max Used            
node0397    2           0.99 (49.36 %)    240.00 GiB  179.03 GiB     179.84 GiB (74.93 %)

Node        GPU Model                     Compute Usage  Memory Usage   
node0397    NVIDIA A100 80GB PCIe         0 %            1.09 GiB       


Current Per Node Stats -- Oct  3 20:17:55
--------------------------
            CPU Cores                     Memory                        
Node        Requested   Usage             Requested   Current Use    Max Used            
node0397    2           0.97 (48.70 %)    240.00 GiB  179.81 GiB     179.96 GiB (74.99 %)

Node        GPU Model                     Compute Usage  Memory Usage   
node0397    NVIDIA A100 80GB PCIe         0 %            1.09 GiB       


Current Per Node Stats -- Oct  3 20:18:55
--------------------------
            CPU Cores                     Memory                        
Node        Requested   Usage             Requested   Current Use    Max Used            
node0397    2           0.98 (48.98 %)    240.00 GiB  180.88 GiB     180.88 GiB (75.37 %)

Node        GPU Model                     Compute Usage  Memory Usage   
node0397    NVIDIA A100 80GB PCIe         0 %            1.09 GiB       


Current Per Node Stats -- Oct  3 20:19:55
--------------------------
            CPU Cores                     Memory                        
Node        Requested   Usage             Requested   Current Use    Max Used            
node0397    2           1.00 (49.93 %)    240.00 GiB  181.76 GiB     181.76 GiB (75.73 %)

Node        GPU Model                     Compute Usage  Memory Usage   
node0397    NVIDIA A100 80GB PCIe         0 %            1.09 GiB       


Current Per Node Stats -- Oct  3 20:20:55
--------------------------
            CPU Cores                     Memory                        
Node        Requested   Usage             Requested   Current Use    Max Used            
node0397    2           1.00 (49.88 %)    240.00 GiB  182.73 GiB     182.73 GiB (76.14 %)

Node        GPU Model                     Compute Usage  Memory Usage   
node0397    NVIDIA A100 80GB PCIe         0 %            1.09 GiB       


Current Per Node Stats -- Oct  3 20:21:55
--------------------------
            CPU Cores                     Memory                        
Node        Requested   Usage             Requested   Current Use    Max Used            
node0397    2           1.00 (49.87 %)    240.00 GiB  182.30 GiB     183.70 GiB (76.54 %)

Node        GPU Model                     Compute Usage  Memory Usage   
node0397    NVIDIA A100 80GB PCIe         0 %            1.09 GiB       


Current Per Node Stats -- Oct  3 20:22:55
--------------------------
            CPU Cores                     Memory                        
Node        Requested   Usage             Requested   Current Use    Max Used            
node0397    2           1.00 (49.91 %)    240.00 GiB  152.18 GiB     183.70 GiB (76.54 %)

Node        GPU Model                     Compute Usage  Memory Usage   
node0397    NVIDIA A100 80GB PCIe         23 %           1.09 GiB       


Current Per Node Stats -- Oct  3 20:23:55
--------------------------
            CPU Cores                     Memory                        
Node        Requested   Usage             Requested   Current Use    Max Used            
node0397    2           1.00 (49.89 %)    240.00 GiB  147.66 GiB     183.70 GiB (76.54 %)

Node        GPU Model                     Compute Usage  Memory Usage   
node0397    NVIDIA A100 80GB PCIe         20 %           1.09 GiB       


Current Per Node Stats -- Oct  3 20:24:55
--------------------------
            CPU Cores                     Memory                        
Node        Requested   Usage             Requested   Current Use    Max Used            
node0397    2           1.00 (49.89 %)    240.00 GiB  154.48 GiB     183.70 GiB (76.54 %)

Node        GPU Model                     Compute Usage  Memory Usage   
node0397    NVIDIA A100 80GB PCIe         23 %           1.09 GiB       


Current Per Node Stats -- Oct  3 20:25:55
--------------------------
            CPU Cores                     Memory                        
Node        Requested   Usage             Requested   Current Use    Max Used            
node0397    2           1.00 (49.89 %)    240.00 GiB  153.63 GiB     183.70 GiB (76.54 %)

Node        GPU Model                     Compute Usage  Memory Usage   
node0397    NVIDIA A100 80GB PCIe         24 %           1.09 GiB       


Current Per Node Stats -- Oct  3 20:26:55
--------------------------
            CPU Cores                     Memory                        
Node        Requested   Usage             Requested   Current Use    Max Used            
node0397    2           1.00 (49.89 %)    240.00 GiB  160.74 GiB     183.70 GiB (76.54 %)

Node        GPU Model                     Compute Usage  Memory Usage   
node0397    NVIDIA A100 80GB PCIe         27 %           1.09 GiB       


Current Per Node Stats -- Oct  3 20:27:55
--------------------------
            CPU Cores                     Memory                        
Node        Requested   Usage             Requested   Current Use    Max Used            
node0397    2           1.00 (49.90 %)    240.00 GiB  159.90 GiB     183.70 GiB (76.54 %)

Node        GPU Model                     Compute Usage  Memory Usage   
node0397    NVIDIA A100 80GB PCIe         23 %           1.09 GiB       


Current Per Node Stats -- Oct  3 20:28:55
--------------------------
            CPU Cores                     Memory                        
Node        Requested   Usage             Requested   Current Use    Max Used            
node0397    2           1.00 (49.90 %)    240.00 GiB  160.27 GiB     183.70 GiB (76.54 %)

Node        GPU Model                     Compute Usage  Memory Usage   
node0397    NVIDIA A100 80GB PCIe         20 %           1.09 GiB       


Current Per Node Stats -- Oct  3 20:29:55
--------------------------
            CPU Cores                     Memory                        
Node        Requested   Usage             Requested   Current Use    Max Used            
node0397    2           1.00 (49.90 %)    240.00 GiB  155.72 GiB     183.70 GiB (76.54 %)

Node        GPU Model                     Compute Usage  Memory Usage   
node0397    NVIDIA A100 80GB PCIe         20 %           1.09 GiB       


Current Per Node Stats -- Oct  3 20:30:55
--------------------------
            CPU Cores                     Memory                        
Node        Requested   Usage             Requested   Current Use    Max Used            
node0397    2           1.00 (49.91 %)    240.00 GiB  161.22 GiB     183.70 GiB (76.54 %)

Node        GPU Model                     Compute Usage  Memory Usage   
node0397    NVIDIA A100 80GB PCIe         20 %           1.09 GiB       


Current Per Node Stats -- Oct  3 20:31:55
--------------------------
            CPU Cores                     Memory                        
Node        Requested   Usage             Requested   Current Use    Max Used            
node0397    2           1.00 (49.90 %)    240.00 GiB  161.67 GiB     183.70 GiB (76.54 %)

Node        GPU Model                     Compute Usage  Memory Usage   
node0397    NVIDIA A100 80GB PCIe         20 %           1.09 GiB       


Current Per Node Stats -- Oct  3 20:32:55
--------------------------
            CPU Cores                     Memory                        
Node        Requested   Usage             Requested   Current Use    Max Used            
node0397    2           1.00 (49.89 %)    240.00 GiB  170.70 GiB     183.70 GiB (76.54 %)

Node        GPU Model                     Compute Usage  Memory Usage   
node0397    NVIDIA A100 80GB PCIe         0 %            1.09 GiB       


Current Per Node Stats -- Oct  3 20:33:55
--------------------------
            CPU Cores                     Memory                        
Node        Requested   Usage             Requested   Current Use    Max Used            
node0397    2           1.00 (49.90 %)    240.00 GiB  167.75 GiB     183.70 GiB (76.54 %)

Node        GPU Model                     Compute Usage  Memory Usage   
node0397    NVIDIA A100 80GB PCIe         21 %           1.09 GiB       


Current Per Node Stats -- Oct  3 20:34:55
--------------------------
            CPU Cores                     Memory                        
Node        Requested   Usage             Requested   Current Use    Max Used            
node0397    2           1.00 (49.90 %)    240.00 GiB  163.22 GiB     183.70 GiB (76.54 %)

Node        GPU Model                     Compute Usage  Memory Usage   
node0397    NVIDIA A100 80GB PCIe         20 %           1.09 GiB       


Current Per Node Stats -- Oct  3 20:35:55
--------------------------
            CPU Cores                     Memory                        
Node        Requested   Usage             Requested   Current Use    Max Used            
node0397    2           1.00 (49.90 %)    240.00 GiB  168.65 GiB     183.70 GiB (76.54 %)

Node        GPU Model                     Compute Usage  Memory Usage   
node0397    NVIDIA A100 80GB PCIe         24 %           1.09 GiB       


Current Per Node Stats -- Oct  3 20:36:55
--------------------------
            CPU Cores                     Memory                        
Node        Requested   Usage             Requested   Current Use    Max Used            
node0397    2           1.00 (49.91 %)    240.00 GiB  169.30 GiB     183.70 GiB (76.54 %)

Node        GPU Model                     Compute Usage  Memory Usage   
node0397    NVIDIA A100 80GB PCIe         20 %           1.09 GiB       


Current Per Node Stats -- Oct  3 20:37:55
--------------------------
            CPU Cores                     Memory                        
Node        Requested   Usage             Requested   Current Use    Max Used            
node0397    2           1.00 (49.91 %)    240.00 GiB  176.15 GiB     183.70 GiB (76.54 %)

Node        GPU Model                     Compute Usage  Memory Usage   
node0397    NVIDIA A100 80GB PCIe         20 %           1.09 GiB       


Current Per Node Stats -- Oct  3 20:38:55
--------------------------
            CPU Cores                     Memory                        
Node        Requested   Usage             Requested   Current Use    Max Used            
node0397    2           1.00 (49.96 %)    240.00 GiB  179.51 GiB     183.70 GiB (76.54 %)

Node        GPU Model                     Compute Usage  Memory Usage   
node0397    NVIDIA A100 80GB PCIe         0 %            1.09 GiB       


Current Per Node Stats -- Oct  3 20:39:55
--------------------------
            CPU Cores                     Memory                        
Node        Requested   Usage             Requested   Current Use    Max Used            
node0397    2           1.00 (49.97 %)    240.00 GiB  180.51 GiB     183.70 GiB (76.54 %)

Node        GPU Model                     Compute Usage  Memory Usage   
node0397    NVIDIA A100 80GB PCIe         0 %            1.09 GiB       


Current Per Node Stats -- Oct  3 20:40:55
--------------------------
            CPU Cores                     Memory                        
Node        Requested   Usage             Requested   Current Use    Max Used            
node0397    2           1.00 (49.96 %)    240.00 GiB  181.39 GiB     183.70 GiB (76.54 %)

Node        GPU Model                     Compute Usage  Memory Usage   
node0397    NVIDIA A100 80GB PCIe         0 %            1.09 GiB       


Current Per Node Stats -- Oct  3 20:41:55
--------------------------
            CPU Cores                     Memory                        
Node        Requested   Usage             Requested   Current Use    Max Used            
node0397    2           1.00 (49.95 %)    240.00 GiB  182.20 GiB     183.70 GiB (76.54 %)

Node        GPU Model                     Compute Usage  Memory Usage   
node0397    NVIDIA A100 80GB PCIe         0 %            1.09 GiB       


Current Per Node Stats -- Oct  3 20:42:55
--------------------------
            CPU Cores                     Memory                        
Node        Requested   Usage             Requested   Current Use    Max Used            
node0397    2           1.00 (49.96 %)    240.00 GiB  183.09 GiB     183.70 GiB (76.54 %)

Node        GPU Model                     Compute Usage  Memory Usage   
node0397    NVIDIA A100 80GB PCIe         0 %            1.09 GiB       


Current Per Node Stats -- Oct  3 20:43:55
--------------------------
            CPU Cores                     Memory                        
Node        Requested   Usage             Requested   Current Use    Max Used            
node0397    2           1.00 (49.93 %)    240.00 GiB  169.37 GiB     183.74 GiB (76.56 %)

Node        GPU Model                     Compute Usage  Memory Usage   
node0397    NVIDIA A100 80GB PCIe         20 %           1.09 GiB       


Current Per Node Stats -- Oct  3 20:44:55
--------------------------
            CPU Cores                     Memory                        
Node        Requested   Usage             Requested   Current Use    Max Used            
node0397    2           1.00 (49.87 %)    240.00 GiB  178.49 GiB     183.74 GiB (76.56 %)

Node        GPU Model                     Compute Usage  Memory Usage   
node0397    NVIDIA A100 80GB PCIe         0 %            1.09 GiB       


Current Per Node Stats -- Oct  3 20:45:55
--------------------------
            CPU Cores                     Memory                        
Node        Requested   Usage             Requested   Current Use    Max Used            
node0397    2           1.00 (49.95 %)    240.00 GiB  179.31 GiB     183.74 GiB (76.56 %)

Node        GPU Model                     Compute Usage  Memory Usage   
node0397    NVIDIA A100 80GB PCIe         0 %            1.09 GiB       


Current Per Node Stats -- Oct  3 20:46:55
--------------------------
            CPU Cores                     Memory                        
Node        Requested   Usage             Requested   Current Use    Max Used            
node0397    2           1.00 (49.96 %)    240.00 GiB  180.24 GiB     183.74 GiB (76.56 %)

Node        GPU Model                     Compute Usage  Memory Usage   
node0397    NVIDIA A100 80GB PCIe         0 %            1.09 GiB       


Current Per Node Stats -- Oct  3 20:47:55
--------------------------
            CPU Cores                     Memory                        
Node        Requested   Usage             Requested   Current Use    Max Used            
node0397    2           1.00 (49.96 %)    240.00 GiB  181.00 GiB     183.74 GiB (76.56 %)

Node        GPU Model                     Compute Usage  Memory Usage   
node0397    NVIDIA A100 80GB PCIe         0 %            1.09 GiB       


Current Per Node Stats -- Oct  3 20:48:55
--------------------------
            CPU Cores                     Memory                        
Node        Requested   Usage             Requested   Current Use    Max Used            
node0397    2           1.00 (49.94 %)    240.00 GiB  181.99 GiB     183.74 GiB (76.56 %)

Node        GPU Model                     Compute Usage  Memory Usage   
node0397    NVIDIA A100 80GB PCIe         0 %            1.09 GiB       


Current Per Node Stats -- Oct  3 20:49:55
--------------------------
            CPU Cores                     Memory                        
Node        Requested   Usage             Requested   Current Use    Max Used            
node0397    2           1.00 (49.93 %)    240.00 GiB  170.85 GiB     183.74 GiB (76.56 %)

Node        GPU Model                     Compute Usage  Memory Usage   
node0397    NVIDIA A100 80GB PCIe         20 %           1.09 GiB       


Current Per Node Stats -- Oct  3 20:50:55
--------------------------
            CPU Cores                     Memory                        
Node        Requested   Usage             Requested   Current Use    Max Used            
node0397    2           1.00 (49.92 %)    240.00 GiB  177.08 GiB     183.74 GiB (76.56 %)

Node        GPU Model                     Compute Usage  Memory Usage   
node0397    NVIDIA A100 80GB PCIe         20 %           1.09 GiB       


Current Per Node Stats -- Oct  3 20:51:55
--------------------------
            CPU Cores                     Memory                        
Node        Requested   Usage             Requested   Current Use    Max Used            
node0397    2           1.00 (49.94 %)    240.00 GiB  180.74 GiB     183.74 GiB (76.56 %)

Node        GPU Model                     Compute Usage  Memory Usage   
node0397    NVIDIA A100 80GB PCIe         0 %            1.09 GiB       


Current Per Node Stats -- Oct  3 20:52:55
--------------------------
            CPU Cores                     Memory                        
Node        Requested   Usage             Requested   Current Use    Max Used            
node0397    2           1.00 (49.95 %)    240.00 GiB  181.65 GiB     183.74 GiB (76.56 %)

Node        GPU Model                     Compute Usage  Memory Usage   
node0397    NVIDIA A100 80GB PCIe         0 %            1.09 GiB       


Current Per Node Stats -- Oct  3 20:53:55
--------------------------
            CPU Cores                     Memory                        
Node        Requested   Usage             Requested   Current Use    Max Used            
node0397    2           1.00 (49.95 %)    240.00 GiB  182.57 GiB     183.74 GiB (76.56 %)

Node        GPU Model                     Compute Usage  Memory Usage   
node0397    NVIDIA A100 80GB PCIe         0 %            1.09 GiB       


Current Per Node Stats -- Oct  3 20:54:55
--------------------------
            CPU Cores                     Memory                        
Node        Requested   Usage             Requested   Current Use    Max Used            
node0397    2           1.00 (49.96 %)    240.00 GiB  183.47 GiB     183.74 GiB (76.56 %)

Node        GPU Model                     Compute Usage  Memory Usage   
node0397    NVIDIA A100 80GB PCIe         0 %            1.09 GiB       


Current Per Node Stats -- Oct  3 20:55:55
--------------------------
            CPU Cores                     Memory                        
Node        Requested   Usage             Requested   Current Use    Max Used            
node0397    2           1.00 (49.94 %)    240.00 GiB  184.48 GiB     184.48 GiB (76.87 %)

Node        GPU Model                     Compute Usage  Memory Usage   
node0397    NVIDIA A100 80GB PCIe         0 %            1.09 GiB       


Current Per Node Stats -- Oct  3 20:56:55
--------------------------
            CPU Cores                     Memory                        
Node        Requested   Usage             Requested   Current Use    Max Used            
node0397    2           1.00 (49.88 %)    240.00 GiB  147.66 GiB     185.03 GiB (77.09 %)

Node        GPU Model                     Compute Usage  Memory Usage   
node0397    NVIDIA A100 80GB PCIe         21 %           1.09 GiB       


Current Per Node Stats -- Oct  3 20:57:55
--------------------------
            CPU Cores                     Memory                        
Node        Requested   Usage             Requested   Current Use    Max Used            
node0397    2           1.00 (49.90 %)    240.00 GiB  148.14 GiB     185.03 GiB (77.09 %)

Node        GPU Model                     Compute Usage  Memory Usage   
node0397    NVIDIA A100 80GB PCIe         20 %           1.09 GiB       


Current Per Node Stats -- Oct  3 20:58:55
--------------------------
            CPU Cores                     Memory                        
Node        Requested   Usage             Requested   Current Use    Max Used            
node0397    2           1.00 (49.89 %)    240.00 GiB  147.37 GiB     185.03 GiB (77.09 %)

Node        GPU Model                     Compute Usage  Memory Usage   
node0397    NVIDIA A100 80GB PCIe         22 %           1.09 GiB       


Current Per Node Stats -- Oct  3 20:59:55
--------------------------
            CPU Cores                     Memory                        
Node        Requested   Usage             Requested   Current Use    Max Used            
node0397    2           1.00 (49.90 %)    240.00 GiB  154.18 GiB     185.03 GiB (77.09 %)

Node        GPU Model                     Compute Usage  Memory Usage   
node0397    NVIDIA A100 80GB PCIe         19 %           1.09 GiB       


Current Per Node Stats -- Oct  3 21:00:55
--------------------------
            CPU Cores                     Memory                        
Node        Requested   Usage             Requested   Current Use    Max Used            
node0397    2           1.00 (49.89 %)    240.00 GiB  149.61 GiB     185.03 GiB (77.09 %)

Node        GPU Model                     Compute Usage  Memory Usage   
node0397    NVIDIA A100 80GB PCIe         19 %           1.09 GiB       


Current Per Node Stats -- Oct  3 21:01:55
--------------------------
            CPU Cores                     Memory                        
Node        Requested   Usage             Requested   Current Use    Max Used            
node0397    2           1.00 (49.89 %)    240.00 GiB  155.04 GiB     185.03 GiB (77.09 %)

Node        GPU Model                     Compute Usage  Memory Usage   
node0397    NVIDIA A100 80GB PCIe         23 %           1.09 GiB       


Current Per Node Stats -- Oct  3 21:02:55
--------------------------
            CPU Cores                     Memory                        
Node        Requested   Usage             Requested   Current Use    Max Used            
node0397    2           1.00 (49.89 %)    240.00 GiB  161.66 GiB     185.03 GiB (77.09 %)

Node        GPU Model                     Compute Usage  Memory Usage   
node0397    NVIDIA A100 80GB PCIe         19 %           1.09 GiB       


Current Per Node Stats -- Oct  3 21:03:55
--------------------------
            CPU Cores                     Memory                        
Node        Requested   Usage             Requested   Current Use    Max Used            
node0397    2           1.00 (49.89 %)    240.00 GiB  155.83 GiB     185.03 GiB (77.09 %)

Node        GPU Model                     Compute Usage  Memory Usage   
node0397    NVIDIA A100 80GB PCIe         20 %           1.09 GiB       


Current Per Node Stats -- Oct  3 21:04:55
--------------------------
            CPU Cores                     Memory                        
Node        Requested   Usage             Requested   Current Use    Max Used            
node0397    2           1.00 (49.89 %)    240.00 GiB  156.24 GiB     185.03 GiB (77.09 %)

Node        GPU Model                     Compute Usage  Memory Usage   
node0397    NVIDIA A100 80GB PCIe         24 %           1.09 GiB       


Current Per Node Stats -- Oct  3 21:05:55
--------------------------
            CPU Cores                     Memory                        
Node        Requested   Usage             Requested   Current Use    Max Used            
node0397    2           1.00 (49.89 %)    240.00 GiB  163.05 GiB     185.03 GiB (77.09 %)

Node        GPU Model                     Compute Usage  Memory Usage   
node0397    NVIDIA A100 80GB PCIe         20 %           1.09 GiB       


Current Per Node Stats -- Oct  3 21:06:55
--------------------------
            CPU Cores                     Memory                        
Node        Requested   Usage             Requested   Current Use    Max Used            
node0397    2           1.00 (49.90 %)    240.00 GiB  168.38 GiB     185.03 GiB (77.09 %)

Node        GPU Model                     Compute Usage  Memory Usage   
node0397    NVIDIA A100 80GB PCIe         0 %            1.09 GiB       


Current Per Node Stats -- Oct  3 21:07:55
--------------------------
            CPU Cores                     Memory                        
Node        Requested   Usage             Requested   Current Use    Max Used            
node0397    2           1.00 (49.89 %)    240.00 GiB  169.08 GiB     185.03 GiB (77.09 %)

Node        GPU Model                     Compute Usage  Memory Usage   
node0397    NVIDIA A100 80GB PCIe         20 %           1.09 GiB       


Current Per Node Stats -- Oct  3 21:08:55
--------------------------
            CPU Cores                     Memory                        
Node        Requested   Usage             Requested   Current Use    Max Used            
node0397    2           1.00 (49.89 %)    240.00 GiB  163.14 GiB     185.03 GiB (77.09 %)

Node        GPU Model                     Compute Usage  Memory Usage   
node0397    NVIDIA A100 80GB PCIe         19 %           1.09 GiB       


Current Per Node Stats -- Oct  3 21:09:55
--------------------------
            CPU Cores                     Memory                        
Node        Requested   Usage             Requested   Current Use    Max Used            
node0397    2           1.00 (49.89 %)    240.00 GiB  163.63 GiB     185.03 GiB (77.09 %)

Node        GPU Model                     Compute Usage  Memory Usage   
node0397    NVIDIA A100 80GB PCIe         23 %           1.09 GiB       


Current Per Node Stats -- Oct  3 21:10:55
--------------------------
            CPU Cores                     Memory                        
Node        Requested   Usage             Requested   Current Use    Max Used            
node0397    2           1.00 (49.89 %)    240.00 GiB  170.43 GiB     185.03 GiB (77.09 %)

Node        GPU Model                     Compute Usage  Memory Usage   
node0397    NVIDIA A100 80GB PCIe         20 %           1.09 GiB       


Current Per Node Stats -- Oct  3 21:11:55
--------------------------
            CPU Cores                     Memory                        
Node        Requested   Usage             Requested   Current Use    Max Used            
node0397    2           1.00 (49.89 %)    240.00 GiB  170.88 GiB     185.03 GiB (77.09 %)

Node        GPU Model                     Compute Usage  Memory Usage   
node0397    NVIDIA A100 80GB PCIe         19 %           1.09 GiB       


Current Per Node Stats -- Oct  3 21:12:55
--------------------------
            CPU Cores                     Memory                        
Node        Requested   Usage             Requested   Current Use    Max Used            
node0397    2           1.00 (49.89 %)    240.00 GiB  176.32 GiB     185.03 GiB (77.09 %)

Node        GPU Model                     Compute Usage  Memory Usage   
node0397    NVIDIA A100 80GB PCIe         23 %           1.09 GiB       


Current Per Node Stats -- Oct  3 21:13:55
--------------------------
            CPU Cores                     Memory                        
Node        Requested   Usage             Requested   Current Use    Max Used            
node0397    2           1.00 (49.90 %)    240.00 GiB  180.23 GiB     185.03 GiB (77.09 %)

Node        GPU Model                     Compute Usage  Memory Usage   
node0397    NVIDIA A100 80GB PCIe         0 %            1.09 GiB       


Current Per Node Stats -- Oct  3 21:14:55
--------------------------
            CPU Cores                     Memory                        
Node        Requested   Usage             Requested   Current Use    Max Used            
node0397    2           1.00 (49.94 %)    240.00 GiB  180.92 GiB     185.03 GiB (77.09 %)

Node        GPU Model                     Compute Usage  Memory Usage   
node0397    NVIDIA A100 80GB PCIe         0 %            1.09 GiB       


Current Per Node Stats -- Oct  3 21:15:55
--------------------------
            CPU Cores                     Memory                        
Node        Requested   Usage             Requested   Current Use    Max Used            
node0397    2           1.00 (49.96 %)    240.00 GiB  181.59 GiB     185.03 GiB (77.09 %)

Node        GPU Model                     Compute Usage  Memory Usage   
node0397    NVIDIA A100 80GB PCIe         0 %            1.09 GiB       


Current Per Node Stats -- Oct  3 21:16:55
--------------------------
            CPU Cores                     Memory                        
Node        Requested   Usage             Requested   Current Use    Max Used            
node0397    2           1.00 (49.96 %)    240.00 GiB  182.34 GiB     185.03 GiB (77.09 %)

Node        GPU Model                     Compute Usage  Memory Usage   
node0397    NVIDIA A100 80GB PCIe         0 %            1.09 GiB       


Current Per Node Stats -- Oct  3 21:17:55
--------------------------
            CPU Cores                     Memory                        
Node        Requested   Usage             Requested   Current Use    Max Used            
node0397    2           1.00 (49.96 %)    240.00 GiB  183.03 GiB     185.03 GiB (77.09 %)

Node        GPU Model                     Compute Usage  Memory Usage   
node0397    NVIDIA A100 80GB PCIe         0 %            1.09 GiB       


Current Per Node Stats -- Oct  3 21:18:55
--------------------------
            CPU Cores                     Memory                        
Node        Requested   Usage             Requested   Current Use    Max Used            
node0397    2           1.00 (49.96 %)    240.00 GiB  183.72 GiB     185.03 GiB (77.09 %)

Node        GPU Model                     Compute Usage  Memory Usage   
node0397    NVIDIA A100 80GB PCIe         0 %            1.09 GiB       


Current Per Node Stats -- Oct  3 21:19:55
--------------------------
            CPU Cores                     Memory                        
Node        Requested   Usage             Requested   Current Use    Max Used            
node0397    2           1.00 (49.94 %)    240.00 GiB  184.41 GiB     185.03 GiB (77.09 %)

Node        GPU Model                     Compute Usage  Memory Usage   
node0397    NVIDIA A100 80GB PCIe         0 %            1.09 GiB       


Current Per Node Stats -- Oct  3 21:20:55
--------------------------
            CPU Cores                     Memory                        
Node        Requested   Usage             Requested   Current Use    Max Used            
node0397    2           1.00 (49.94 %)    240.00 GiB  170.48 GiB     185.03 GiB (77.09 %)

Node        GPU Model                     Compute Usage  Memory Usage   
node0397    NVIDIA A100 80GB PCIe         20 %           1.09 GiB       


Current Per Node Stats -- Oct  3 21:21:55
--------------------------
            CPU Cores                     Memory                        
Node        Requested   Usage             Requested   Current Use    Max Used            
node0397    2           1.00 (49.89 %)    240.00 GiB  177.30 GiB     185.03 GiB (77.09 %)

Node        GPU Model                     Compute Usage  Memory Usage   
node0397    NVIDIA A100 80GB PCIe         20 %           1.09 GiB       


Current Per Node Stats -- Oct  3 21:22:55
--------------------------
            CPU Cores                     Memory                        
Node        Requested   Usage             Requested   Current Use    Max Used            
node0397    2           1.00 (49.94 %)    240.00 GiB  180.46 GiB     185.03 GiB (77.09 %)

Node        GPU Model                     Compute Usage  Memory Usage   
node0397    NVIDIA A100 80GB PCIe         0 %            1.09 GiB       


Current Per Node Stats -- Oct  3 21:23:55
--------------------------
            CPU Cores                     Memory                        
Node        Requested   Usage             Requested   Current Use    Max Used            
node0397    2           1.00 (49.95 %)    240.00 GiB  181.25 GiB     185.03 GiB (77.09 %)

Node        GPU Model                     Compute Usage  Memory Usage   
node0397    NVIDIA A100 80GB PCIe         0 %            1.09 GiB       


Current Per Node Stats -- Oct  3 21:24:55
--------------------------
            CPU Cores                     Memory                        
Node        Requested   Usage             Requested   Current Use    Max Used            
node0397    2           1.00 (49.96 %)    240.00 GiB  182.05 GiB     185.03 GiB (77.09 %)

Node        GPU Model                     Compute Usage  Memory Usage   
node0397    NVIDIA A100 80GB PCIe         0 %            1.09 GiB       


Current Per Node Stats -- Oct  3 21:25:55
--------------------------
            CPU Cores                     Memory                        
Node        Requested   Usage             Requested   Current Use    Max Used            
node0397    2           1.00 (49.96 %)    240.00 GiB  182.79 GiB     185.03 GiB (77.09 %)

Node        GPU Model                     Compute Usage  Memory Usage   
node0397    NVIDIA A100 80GB PCIe         0 %            1.09 GiB       


Current Per Node Stats -- Oct  3 21:26:55
--------------------------
            CPU Cores                     Memory                        
Node        Requested   Usage             Requested   Current Use    Max Used            
node0397    2           1.00 (49.96 %)    240.00 GiB  183.55 GiB     185.03 GiB (77.09 %)

Node        GPU Model                     Compute Usage  Memory Usage   
node0397    NVIDIA A100 80GB PCIe         0 %            1.09 GiB       


Current Per Node Stats -- Oct  3 21:27:55
--------------------------
            CPU Cores                     Memory                        
Node        Requested   Usage             Requested   Current Use    Max Used            
node0397    2           1.00 (49.96 %)    240.00 GiB  184.38 GiB     185.03 GiB (77.09 %)

Node        GPU Model                     Compute Usage  Memory Usage   
node0397    NVIDIA A100 80GB PCIe         0 %            1.09 GiB       


Current Per Node Stats -- Oct  3 21:28:55
--------------------------
            CPU Cores                     Memory                        
Node        Requested   Usage             Requested   Current Use    Max Used            
node0397    2           1.00 (49.96 %)    240.00 GiB  179.12 GiB     185.03 GiB (77.09 %)

Node        GPU Model                     Compute Usage  Memory Usage   
node0397    NVIDIA A100 80GB PCIe         0 %            1.09 GiB       


Current Per Node Stats -- Oct  3 21:29:55
--------------------------
            CPU Cores                     Memory                        
Node        Requested   Usage             Requested   Current Use    Max Used            
node0397    2           1.00 (49.91 %)    240.00 GiB  180.58 GiB     185.03 GiB (77.09 %)

Node        GPU Model                     Compute Usage  Memory Usage   
node0397    NVIDIA A100 80GB PCIe         0 %            1.09 GiB       


Current Per Node Stats -- Oct  3 21:30:55
--------------------------
            CPU Cores                     Memory                        
Node        Requested   Usage             Requested   Current Use    Max Used            
node0397    2           1.00 (49.95 %)    240.00 GiB  181.85 GiB     185.03 GiB (77.09 %)

Node        GPU Model                     Compute Usage  Memory Usage   
node0397    NVIDIA A100 80GB PCIe         0 %            1.09 GiB       


Current Per Node Stats -- Oct  3 21:31:55
--------------------------
            CPU Cores                     Memory                        
Node        Requested   Usage             Requested   Current Use    Max Used            
node0397    2           1.00 (49.96 %)    240.00 GiB  182.61 GiB     185.03 GiB (77.09 %)

Node        GPU Model                     Compute Usage  Memory Usage   
node0397    NVIDIA A100 80GB PCIe         0 %            1.09 GiB       


Current Per Node Stats -- Oct  3 21:32:55
--------------------------
            CPU Cores                     Memory                        
Node        Requested   Usage             Requested   Current Use    Max Used            
node0397    2           1.00 (49.92 %)    240.00 GiB  183.31 GiB     185.03 GiB (77.09 %)

Node        GPU Model                     Compute Usage  Memory Usage   
node0397    NVIDIA A100 80GB PCIe         0 %            1.09 GiB       


Current Per Node Stats -- Oct  3 21:33:55
--------------------------
            CPU Cores                     Memory                        
Node        Requested   Usage             Requested   Current Use    Max Used            
node0397    2           1.00 (49.96 %)    240.00 GiB  184.24 GiB     185.03 GiB (77.09 %)

Node        GPU Model                     Compute Usage  Memory Usage   
node0397    NVIDIA A100 80GB PCIe         0 %            1.09 GiB       


Current Per Node Stats -- Oct  3 21:34:55
--------------------------
            CPU Cores                     Memory                        
Node        Requested   Usage             Requested   Current Use    Max Used            
node0397    2           1.00 (49.95 %)    240.00 GiB  185.06 GiB     185.06 GiB (77.11 %)

Node        GPU Model                     Compute Usage  Memory Usage   
node0397    NVIDIA A100 80GB PCIe         0 %            1.09 GiB       


Current Per Node Stats -- Oct  3 21:35:55
--------------------------
            CPU Cores                     Memory                        
Node        Requested   Usage             Requested   Current Use    Max Used            
node0397    2           1.00 (49.91 %)    240.00 GiB  185.81 GiB     185.81 GiB (77.42 %)

Node        GPU Model                     Compute Usage  Memory Usage   
node0397    NVIDIA A100 80GB PCIe         0 %            1.09 GiB       


Current Per Node Stats -- Oct  3 21:36:55
--------------------------
            CPU Cores                     Memory                        
Node        Requested   Usage             Requested   Current Use    Max Used            
node0397    2           1.00 (49.90 %)    240.00 GiB  147.14 GiB     186.09 GiB (77.54 %)

Node        GPU Model                     Compute Usage  Memory Usage   
node0397    NVIDIA A100 80GB PCIe         27 %           1.09 GiB       


Current Per Node Stats -- Oct  3 21:37:55
--------------------------
            CPU Cores                     Memory                        
Node        Requested   Usage             Requested   Current Use    Max Used            
node0397    2           1.00 (49.89 %)    240.00 GiB  154.11 GiB     186.09 GiB (77.54 %)

Node        GPU Model                     Compute Usage  Memory Usage   
node0397    NVIDIA A100 80GB PCIe         20 %           1.09 GiB       


Current Per Node Stats -- Oct  3 21:38:55
--------------------------
            CPU Cores                     Memory                        
Node        Requested   Usage             Requested   Current Use    Max Used            
node0397    2           1.00 (49.89 %)    240.00 GiB  155.78 GiB     186.09 GiB (77.54 %)

Node        GPU Model                     Compute Usage  Memory Usage   
node0397    NVIDIA A100 80GB PCIe         0 %            1.09 GiB       


Current Per Node Stats -- Oct  3 21:39:55
--------------------------
            CPU Cores                     Memory                        
Node        Requested   Usage             Requested   Current Use    Max Used            
node0397    2           1.00 (49.88 %)    240.00 GiB  149.08 GiB     186.09 GiB (77.54 %)

Node        GPU Model                     Compute Usage  Memory Usage   
node0397    NVIDIA A100 80GB PCIe         20 %           1.09 GiB       


Current Per Node Stats -- Oct  3 21:40:55
--------------------------
            CPU Cores                     Memory                        
Node        Requested   Usage             Requested   Current Use    Max Used            
node0397    2           1.00 (49.89 %)    240.00 GiB  154.56 GiB     186.09 GiB (77.54 %)

Node        GPU Model                     Compute Usage  Memory Usage   
node0397    NVIDIA A100 80GB PCIe         25 %           1.09 GiB       


Current Per Node Stats -- Oct  3 21:41:55
--------------------------
            CPU Cores                     Memory                        
Node        Requested   Usage             Requested   Current Use    Max Used            
node0397    2           1.00 (49.88 %)    240.00 GiB  155.24 GiB     186.09 GiB (77.54 %)

Node        GPU Model                     Compute Usage  Memory Usage   
node0397    NVIDIA A100 80GB PCIe         21 %           1.09 GiB       


Current Per Node Stats -- Oct  3 21:42:55
--------------------------
            CPU Cores                     Memory                        
Node        Requested   Usage             Requested   Current Use    Max Used            
node0397    2           1.00 (49.89 %)    240.00 GiB  163.58 GiB     186.09 GiB (77.54 %)

Node        GPU Model                     Compute Usage  Memory Usage   
node0397    NVIDIA A100 80GB PCIe         0 %            1.09 GiB       


Current Per Node Stats -- Oct  3 21:43:55
--------------------------
            CPU Cores                     Memory                        
Node        Requested   Usage             Requested   Current Use    Max Used            
node0397    2           1.00 (49.88 %)    240.00 GiB  161.64 GiB     186.09 GiB (77.54 %)

Node        GPU Model                     Compute Usage  Memory Usage   
node0397    NVIDIA A100 80GB PCIe         21 %           1.09 GiB       


Current Per Node Stats -- Oct  3 21:44:55
--------------------------
            CPU Cores                     Memory                        
Node        Requested   Usage             Requested   Current Use    Max Used            
node0397    2           1.00 (49.89 %)    240.00 GiB  162.54 GiB     186.09 GiB (77.54 %)

Node        GPU Model                     Compute Usage  Memory Usage   
node0397    NVIDIA A100 80GB PCIe         0 %            1.09 GiB       


Current Per Node Stats -- Oct  3 21:45:55
--------------------------
            CPU Cores                     Memory                        
Node        Requested   Usage             Requested   Current Use    Max Used            
node0397    2           1.00 (49.89 %)    240.00 GiB  162.58 GiB     186.09 GiB (77.54 %)

Node        GPU Model                     Compute Usage  Memory Usage   
node0397    NVIDIA A100 80GB PCIe         21 %           1.09 GiB       


Current Per Node Stats -- Oct  3 21:46:55
--------------------------
            CPU Cores                     Memory                        
Node        Requested   Usage             Requested   Current Use    Max Used            
node0397    2           1.00 (49.90 %)    240.00 GiB  163.10 GiB     186.09 GiB (77.54 %)

Node        GPU Model                     Compute Usage  Memory Usage   
node0397    NVIDIA A100 80GB PCIe         20 %           1.09 GiB       


Current Per Node Stats -- Oct  3 21:47:55
--------------------------
            CPU Cores                     Memory                        
Node        Requested   Usage             Requested   Current Use    Max Used            
node0397    2           1.00 (49.91 %)    240.00 GiB  164.41 GiB     186.09 GiB (77.54 %)

Node        GPU Model                     Compute Usage  Memory Usage   
node0397    NVIDIA A100 80GB PCIe         20 %           1.09 GiB       


Current Per Node Stats -- Oct  3 21:48:55
--------------------------
            CPU Cores                     Memory                        
Node        Requested   Usage             Requested   Current Use    Max Used            
node0397    2           1.00 (49.90 %)    240.00 GiB  163.54 GiB     186.09 GiB (77.54 %)

Node        GPU Model                     Compute Usage  Memory Usage   
node0397    NVIDIA A100 80GB PCIe         24 %           1.09 GiB       


Current Per Node Stats -- Oct  3 21:49:55
--------------------------
            CPU Cores                     Memory                        
Node        Requested   Usage             Requested   Current Use    Max Used            
node0397    2           1.00 (49.90 %)    240.00 GiB  170.46 GiB     186.09 GiB (77.54 %)

Node        GPU Model                     Compute Usage  Memory Usage   
node0397    NVIDIA A100 80GB PCIe         24 %           1.09 GiB       


Current Per Node Stats -- Oct  3 21:50:55
--------------------------
            CPU Cores                     Memory                        
Node        Requested   Usage             Requested   Current Use    Max Used            
node0397    2           1.00 (49.90 %)    240.00 GiB  180.92 GiB     186.09 GiB (77.54 %)

Node        GPU Model                     Compute Usage  Memory Usage   
node0397    NVIDIA A100 80GB PCIe         0 %            1.09 GiB       


Current Per Node Stats -- Oct  3 21:51:55
--------------------------
            CPU Cores                     Memory                        
Node        Requested   Usage             Requested   Current Use    Max Used            
node0397    2           1.00 (49.97 %)    240.00 GiB  181.48 GiB     186.09 GiB (77.54 %)

Node        GPU Model                     Compute Usage  Memory Usage   
node0397    NVIDIA A100 80GB PCIe         0 %            1.09 GiB       


Current Per Node Stats -- Oct  3 21:52:55
--------------------------
            CPU Cores                     Memory                        
Node        Requested   Usage             Requested   Current Use    Max Used            
node0397    2           1.00 (49.96 %)    240.00 GiB  182.16 GiB     186.09 GiB (77.54 %)

Node        GPU Model                     Compute Usage  Memory Usage   
node0397    NVIDIA A100 80GB PCIe         0 %            1.09 GiB       


Current Per Node Stats -- Oct  3 21:53:55
--------------------------
            CPU Cores                     Memory                        
Node        Requested   Usage             Requested   Current Use    Max Used            
node0397    2           1.00 (49.97 %)    240.00 GiB  182.73 GiB     186.09 GiB (77.54 %)

Node        GPU Model                     Compute Usage  Memory Usage   
node0397    NVIDIA A100 80GB PCIe         0 %            1.09 GiB       


Current Per Node Stats -- Oct  3 21:54:55
--------------------------
            CPU Cores                     Memory                        
Node        Requested   Usage             Requested   Current Use    Max Used            
node0397    2           1.00 (49.96 %)    240.00 GiB  183.36 GiB     186.09 GiB (77.54 %)

Node        GPU Model                     Compute Usage  Memory Usage   
node0397    NVIDIA A100 80GB PCIe         0 %            1.09 GiB       


Current Per Node Stats -- Oct  3 21:55:55
--------------------------
            CPU Cores                     Memory                        
Node        Requested   Usage             Requested   Current Use    Max Used            
node0397    2           1.00 (49.96 %)    240.00 GiB  184.05 GiB     186.09 GiB (77.54 %)

Node        GPU Model                     Compute Usage  Memory Usage   
node0397    NVIDIA A100 80GB PCIe         0 %            1.09 GiB       


Current Per Node Stats -- Oct  3 21:56:55
--------------------------
            CPU Cores                     Memory                        
Node        Requested   Usage             Requested   Current Use    Max Used            
node0397    2           1.00 (49.96 %)    240.00 GiB  184.80 GiB     186.09 GiB (77.54 %)

Node        GPU Model                     Compute Usage  Memory Usage   
node0397    NVIDIA A100 80GB PCIe         0 %            1.09 GiB       


Current Per Node Stats -- Oct  3 21:57:55
--------------------------
            CPU Cores                     Memory                        
Node        Requested   Usage             Requested   Current Use    Max Used            
node0397    2           1.00 (49.91 %)    240.00 GiB  176.30 GiB     186.09 GiB (77.54 %)

Node        GPU Model                     Compute Usage  Memory Usage   
node0397    NVIDIA A100 80GB PCIe         21 %           1.09 GiB       


Current Per Node Stats -- Oct  3 21:58:55
--------------------------
            CPU Cores                     Memory                        
Node        Requested   Usage             Requested   Current Use    Max Used            
node0397    2           1.00 (49.93 %)    240.00 GiB  181.16 GiB     186.09 GiB (77.54 %)

Node        GPU Model                     Compute Usage  Memory Usage   
node0397    NVIDIA A100 80GB PCIe         0 %            1.09 GiB       


Current Per Node Stats -- Oct  3 21:59:55
--------------------------
            CPU Cores                     Memory                        
Node        Requested   Usage             Requested   Current Use    Max Used            
node0397    2           1.00 (49.96 %)    240.00 GiB  181.79 GiB     186.09 GiB (77.54 %)

Node        GPU Model                     Compute Usage  Memory Usage   
node0397    NVIDIA A100 80GB PCIe         0 %            1.09 GiB       


Current Per Node Stats -- Oct  3 22:00:55
--------------------------
            CPU Cores                     Memory                        
Node        Requested   Usage             Requested   Current Use    Max Used            
node0397    2           1.00 (49.95 %)    240.00 GiB  182.52 GiB     186.09 GiB (77.54 %)

Node        GPU Model                     Compute Usage  Memory Usage   
node0397    NVIDIA A100 80GB PCIe         0 %            1.09 GiB       


Current Per Node Stats -- Oct  3 22:01:55
--------------------------
            CPU Cores                     Memory                        
Node        Requested   Usage             Requested   Current Use    Max Used            
node0397    2           1.00 (49.97 %)    240.00 GiB  183.19 GiB     186.09 GiB (77.54 %)

Node        GPU Model                     Compute Usage  Memory Usage   
node0397    NVIDIA A100 80GB PCIe         0 %            1.09 GiB       


Current Per Node Stats -- Oct  3 22:02:55
--------------------------
            CPU Cores                     Memory                        
Node        Requested   Usage             Requested   Current Use    Max Used            
node0397    2           1.00 (49.92 %)    240.00 GiB  183.86 GiB     186.09 GiB (77.54 %)

Node        GPU Model                     Compute Usage  Memory Usage   
node0397    NVIDIA A100 80GB PCIe         0 %            1.09 GiB       


Current Per Node Stats -- Oct  3 22:03:55
--------------------------
            CPU Cores                     Memory                        
Node        Requested   Usage             Requested   Current Use    Max Used            
node0397    2           1.00 (49.96 %)    240.00 GiB  184.54 GiB     186.09 GiB (77.54 %)

Node        GPU Model                     Compute Usage  Memory Usage   
node0397    NVIDIA A100 80GB PCIe         0 %            1.09 GiB       


Current Per Node Stats -- Oct  3 22:04:55
--------------------------
            CPU Cores                     Memory                        
Node        Requested   Usage             Requested   Current Use    Max Used            
node0397    2           1.00 (49.91 %)    240.00 GiB  170.70 GiB     186.09 GiB (77.54 %)

Node        GPU Model                     Compute Usage  Memory Usage   
node0397    NVIDIA A100 80GB PCIe         19 %           1.09 GiB       


Current Per Node Stats -- Oct  3 22:05:55
--------------------------
            CPU Cores                     Memory                        
Node        Requested   Usage             Requested   Current Use    Max Used            
node0397    2           1.00 (49.89 %)    240.00 GiB  180.91 GiB     186.09 GiB (77.54 %)

Node        GPU Model                     Compute Usage  Memory Usage   
node0397    NVIDIA A100 80GB PCIe         0 %            1.09 GiB       


Current Per Node Stats -- Oct  3 22:06:55
--------------------------
            CPU Cores                     Memory                        
Node        Requested   Usage             Requested   Current Use    Max Used            
node0397    2           1.00 (49.96 %)    240.00 GiB  181.53 GiB     186.09 GiB (77.54 %)

Node        GPU Model                     Compute Usage  Memory Usage   
node0397    NVIDIA A100 80GB PCIe         0 %            1.09 GiB       


Current Per Node Stats -- Oct  3 22:07:55
--------------------------
            CPU Cores                     Memory                        
Node        Requested   Usage             Requested   Current Use    Max Used            
node0397    2           1.00 (49.96 %)    240.00 GiB  182.21 GiB     186.09 GiB (77.54 %)

Node        GPU Model                     Compute Usage  Memory Usage   
node0397    NVIDIA A100 80GB PCIe         0 %            1.09 GiB       


Current Per Node Stats -- Oct  3 22:08:55
--------------------------
            CPU Cores                     Memory                        
Node        Requested   Usage             Requested   Current Use    Max Used            
node0397    2           1.00 (49.95 %)    240.00 GiB  182.94 GiB     186.09 GiB (77.54 %)

Node        GPU Model                     Compute Usage  Memory Usage   
node0397    NVIDIA A100 80GB PCIe         0 %            1.09 GiB       


Current Per Node Stats -- Oct  3 22:09:55
--------------------------
            CPU Cores                     Memory                        
Node        Requested   Usage             Requested   Current Use    Max Used            
node0397    2           1.00 (49.96 %)    240.00 GiB  183.65 GiB     186.09 GiB (77.54 %)

Node        GPU Model                     Compute Usage  Memory Usage   
node0397    NVIDIA A100 80GB PCIe         0 %            1.09 GiB       


Current Per Node Stats -- Oct  3 22:10:55
--------------------------
            CPU Cores                     Memory                        
Node        Requested   Usage             Requested   Current Use    Max Used            
node0397    2           1.00 (49.96 %)    240.00 GiB  184.40 GiB     186.09 GiB (77.54 %)

Node        GPU Model                     Compute Usage  Memory Usage   
node0397    NVIDIA A100 80GB PCIe         0 %            1.09 GiB       


Current Per Node Stats -- Oct  3 22:11:55
--------------------------
            CPU Cores                     Memory                        
Node        Requested   Usage             Requested   Current Use    Max Used            
node0397    2           1.00 (49.94 %)    240.00 GiB  147.78 GiB     186.09 GiB (77.54 %)

Node        GPU Model                     Compute Usage  Memory Usage   
node0397    NVIDIA A100 80GB PCIe         23 %           1.09 GiB       


Current Per Node Stats -- Oct  3 22:12:55
--------------------------
            CPU Cores                     Memory                        
Node        Requested   Usage             Requested   Current Use    Max Used            
node0397    2           1.00 (49.90 %)    240.00 GiB  159.45 GiB     186.09 GiB (77.54 %)

Node        GPU Model                     Compute Usage  Memory Usage   
node0397    NVIDIA A100 80GB PCIe         0 %            1.09 GiB       


Current Per Node Stats -- Oct  3 22:13:55
--------------------------
            CPU Cores                     Memory                        
Node        Requested   Usage             Requested   Current Use    Max Used            
node0397    2           1.00 (49.89 %)    240.00 GiB  154.07 GiB     186.09 GiB (77.54 %)

Node        GPU Model                     Compute Usage  Memory Usage   
node0397    NVIDIA A100 80GB PCIe         27 %           1.09 GiB       


Current Per Node Stats -- Oct  3 22:14:55
--------------------------
            CPU Cores                     Memory                        
Node        Requested   Usage             Requested   Current Use    Max Used            
node0397    2           1.00 (49.88 %)    240.00 GiB  153.80 GiB     186.09 GiB (77.54 %)

Node        GPU Model                     Compute Usage  Memory Usage   
node0397    NVIDIA A100 80GB PCIe         30 %           1.09 GiB       


Current Per Node Stats -- Oct  3 22:15:55
--------------------------
            CPU Cores                     Memory                        
Node        Requested   Usage             Requested   Current Use    Max Used            
node0397    2           1.00 (49.89 %)    240.00 GiB  162.93 GiB     186.09 GiB (77.54 %)

Node        GPU Model                     Compute Usage  Memory Usage   
node0397    NVIDIA A100 80GB PCIe         0 %            1.09 GiB       


Current Per Node Stats -- Oct  3 22:16:55
--------------------------
            CPU Cores                     Memory                        
Node        Requested   Usage             Requested   Current Use    Max Used            
node0397    2           1.00 (49.89 %)    240.00 GiB  161.26 GiB     186.09 GiB (77.54 %)

Node        GPU Model                     Compute Usage  Memory Usage   
node0397    NVIDIA A100 80GB PCIe         21 %           1.09 GiB       


Current Per Node Stats -- Oct  3 22:17:55
--------------------------
            CPU Cores                     Memory                        
Node        Requested   Usage             Requested   Current Use    Max Used            
node0397    2           1.00 (49.90 %)    240.00 GiB  161.82 GiB     186.09 GiB (77.54 %)

Node        GPU Model                     Compute Usage  Memory Usage   
node0397    NVIDIA A100 80GB PCIe         20 %           1.09 GiB       


Current Per Node Stats -- Oct  3 22:18:55
--------------------------
            CPU Cores                     Memory                        
Node        Requested   Usage             Requested   Current Use    Max Used            
node0397    2           1.00 (49.89 %)    240.00 GiB  167.49 GiB     186.09 GiB (77.54 %)

Node        GPU Model                     Compute Usage  Memory Usage   
node0397    NVIDIA A100 80GB PCIe         24 %           1.09 GiB       


Current Per Node Stats -- Oct  3 22:19:55
--------------------------
            CPU Cores                     Memory                        
Node        Requested   Usage             Requested   Current Use    Max Used            
node0397    2           1.00 (49.89 %)    240.00 GiB  161.71 GiB     186.09 GiB (77.54 %)

Node        GPU Model                     Compute Usage  Memory Usage   
node0397    NVIDIA A100 80GB PCIe         20 %           1.09 GiB       


Current Per Node Stats -- Oct  3 22:20:55
--------------------------
            CPU Cores                     Memory                        
Node        Requested   Usage             Requested   Current Use    Max Used            
node0397    2           1.00 (49.90 %)    240.00 GiB  175.34 GiB     186.09 GiB (77.54 %)

Node        GPU Model                     Compute Usage  Memory Usage   
node0397    NVIDIA A100 80GB PCIe         0 %            1.09 GiB       


Current Per Node Stats -- Oct  3 22:21:55
--------------------------
            CPU Cores                     Memory                        
Node        Requested   Usage             Requested   Current Use    Max Used            
node0397    2           1.00 (49.90 %)    240.00 GiB  169.10 GiB     186.09 GiB (77.54 %)

Node        GPU Model                     Compute Usage  Memory Usage   
node0397    NVIDIA A100 80GB PCIe         20 %           1.09 GiB       


Current Per Node Stats -- Oct  3 22:22:55
--------------------------
            CPU Cores                     Memory                        
Node        Requested   Usage             Requested   Current Use    Max Used            
node0397    2           1.00 (49.90 %)    240.00 GiB  169.64 GiB     186.09 GiB (77.54 %)

Node        GPU Model                     Compute Usage  Memory Usage   
node0397    NVIDIA A100 80GB PCIe         20 %           1.09 GiB       


Current Per Node Stats -- Oct  3 22:23:55
--------------------------
            CPU Cores                     Memory                        
Node        Requested   Usage             Requested   Current Use    Max Used            
node0397    2           1.00 (49.91 %)    240.00 GiB  175.05 GiB     186.09 GiB (77.54 %)

Node        GPU Model                     Compute Usage  Memory Usage   
node0397    NVIDIA A100 80GB PCIe         24 %           1.09 GiB       


Current Per Node Stats -- Oct  3 22:24:55
--------------------------
            CPU Cores                     Memory                        
Node        Requested   Usage             Requested   Current Use    Max Used            
node0397    2           1.00 (49.92 %)    240.00 GiB  181.17 GiB     186.09 GiB (77.54 %)

Node        GPU Model                     Compute Usage  Memory Usage   
node0397    NVIDIA A100 80GB PCIe         0 %            1.09 GiB       


Current Per Node Stats -- Oct  3 22:25:55
--------------------------
            CPU Cores                     Memory                        
Node        Requested   Usage             Requested   Current Use    Max Used            
node0397    2           1.00 (49.96 %)    240.00 GiB  181.67 GiB     186.09 GiB (77.54 %)

Node        GPU Model                     Compute Usage  Memory Usage   
node0397    NVIDIA A100 80GB PCIe         0 %            1.09 GiB       


Current Per Node Stats -- Oct  3 22:26:55
--------------------------
            CPU Cores                     Memory                        
Node        Requested   Usage             Requested   Current Use    Max Used            
node0397    2           1.00 (49.96 %)    240.00 GiB  182.36 GiB     186.09 GiB (77.54 %)

Node        GPU Model                     Compute Usage  Memory Usage   
node0397    NVIDIA A100 80GB PCIe         0 %            1.09 GiB       


Current Per Node Stats -- Oct  3 22:27:55
--------------------------
            CPU Cores                     Memory                        
Node        Requested   Usage             Requested   Current Use    Max Used            
node0397    2           1.00 (49.96 %)    240.00 GiB  182.92 GiB     186.09 GiB (77.54 %)

Node        GPU Model                     Compute Usage  Memory Usage   
node0397    NVIDIA A100 80GB PCIe         0 %            1.09 GiB       


Current Per Node Stats -- Oct  3 22:28:55
--------------------------
            CPU Cores                     Memory                        
Node        Requested   Usage             Requested   Current Use    Max Used            
node0397    2           1.00 (49.94 %)    240.00 GiB  168.48 GiB     186.09 GiB (77.54 %)

Node        GPU Model                     Compute Usage  Memory Usage   
node0397    NVIDIA A100 80GB PCIe         22 %           1.09 GiB       


Current Per Node Stats -- Oct  3 22:29:55
--------------------------
            CPU Cores                     Memory                        
Node        Requested   Usage             Requested   Current Use    Max Used            
node0397    2           1.00 (49.89 %)    240.00 GiB  175.46 GiB     186.09 GiB (77.54 %)

Node        GPU Model                     Compute Usage  Memory Usage   
node0397    NVIDIA A100 80GB PCIe         23 %           1.09 GiB       


Current Per Node Stats -- Oct  3 22:30:55
--------------------------
            CPU Cores                     Memory                        
Node        Requested   Usage             Requested   Current Use    Max Used            
node0397    2           1.00 (49.94 %)    240.00 GiB  181.48 GiB     186.09 GiB (77.54 %)

Node        GPU Model                     Compute Usage  Memory Usage   
node0397    NVIDIA A100 80GB PCIe         0 %            1.09 GiB       


Current Per Node Stats -- Oct  3 22:31:55
--------------------------
            CPU Cores                     Memory                        
Node        Requested   Usage             Requested   Current Use    Max Used            
node0397    2           1.00 (49.96 %)    240.00 GiB  182.11 GiB     186.09 GiB (77.54 %)

Node        GPU Model                     Compute Usage  Memory Usage   
node0397    NVIDIA A100 80GB PCIe         0 %            1.09 GiB       


Current Per Node Stats -- Oct  3 22:32:55
--------------------------
            CPU Cores                     Memory                        
Node        Requested   Usage             Requested   Current Use    Max Used            
node0397    2           1.00 (49.86 %)    240.00 GiB  182.56 GiB     186.09 GiB (77.54 %)

Node        GPU Model                     Compute Usage  Memory Usage   
node0397    NVIDIA A100 80GB PCIe         0 %            1.09 GiB       


Current Per Node Stats -- Oct  3 22:33:55
--------------------------
            CPU Cores                     Memory                        
Node        Requested   Usage             Requested   Current Use    Max Used            
node0397    2           1.00 (49.95 %)    240.00 GiB  183.26 GiB     186.09 GiB (77.54 %)

Node        GPU Model                     Compute Usage  Memory Usage   
node0397    NVIDIA A100 80GB PCIe         0 %            1.09 GiB       


Current Per Node Stats -- Oct  3 22:34:55
--------------------------
            CPU Cores                     Memory                        
Node        Requested   Usage             Requested   Current Use    Max Used            
node0397    2           1.00 (49.95 %)    240.00 GiB  170.35 GiB     186.09 GiB (77.54 %)

Node        GPU Model                     Compute Usage  Memory Usage   
node0397    NVIDIA A100 80GB PCIe         20 %           1.09 GiB       


Current Per Node Stats -- Oct  3 22:35:55
--------------------------
            CPU Cores                     Memory                        
Node        Requested   Usage             Requested   Current Use    Max Used            
node0397    2           1.00 (49.90 %)    240.00 GiB  177.14 GiB     186.09 GiB (77.54 %)

Node        GPU Model                     Compute Usage  Memory Usage   
node0397    NVIDIA A100 80GB PCIe         20 %           1.09 GiB       


Current Per Node Stats -- Oct  3 22:36:55
--------------------------
            CPU Cores                     Memory                        
Node        Requested   Usage             Requested   Current Use    Max Used            
node0397    2           1.00 (49.96 %)    240.00 GiB  181.57 GiB     186.09 GiB (77.54 %)

Node        GPU Model                     Compute Usage  Memory Usage   
node0397    NVIDIA A100 80GB PCIe         0 %            1.09 GiB       


Current Per Node Stats -- Oct  3 22:37:55
--------------------------
            CPU Cores                     Memory                        
Node        Requested   Usage             Requested   Current Use    Max Used            
node0397    2           1.00 (49.96 %)    240.00 GiB  182.20 GiB     186.09 GiB (77.54 %)

Node        GPU Model                     Compute Usage  Memory Usage   
node0397    NVIDIA A100 80GB PCIe         0 %            1.09 GiB       


Current Per Node Stats -- Oct  3 22:38:55
--------------------------
            CPU Cores                     Memory                        
Node        Requested   Usage             Requested   Current Use    Max Used            
node0397    2           1.00 (49.96 %)    240.00 GiB  182.83 GiB     186.09 GiB (77.54 %)

Node        GPU Model                     Compute Usage  Memory Usage   
node0397    NVIDIA A100 80GB PCIe         0 %            1.09 GiB       


Current Per Node Stats -- Oct  3 22:39:55
--------------------------
            CPU Cores                     Memory                        
Node        Requested   Usage             Requested   Current Use    Max Used            
node0397    2           1.00 (49.96 %)    240.00 GiB  183.52 GiB     186.09 GiB (77.54 %)

Node        GPU Model                     Compute Usage  Memory Usage   
node0397    NVIDIA A100 80GB PCIe         0 %            1.09 GiB       


Current Per Node Stats -- Oct  3 22:40:55
--------------------------
            CPU Cores                     Memory                        
Node        Requested   Usage             Requested   Current Use    Max Used            
node0397    2           1.00 (49.97 %)    240.00 GiB  184.15 GiB     186.09 GiB (77.54 %)

Node        GPU Model                     Compute Usage  Memory Usage   
node0397    NVIDIA A100 80GB PCIe         0 %            1.09 GiB       


Current Per Node Stats -- Oct  3 22:41:55
--------------------------
            CPU Cores                     Memory                        
Node        Requested   Usage             Requested   Current Use    Max Used            
node0397    2           1.00 (49.96 %)    240.00 GiB  184.72 GiB     186.09 GiB (77.54 %)

Node        GPU Model                     Compute Usage  Memory Usage   
node0397    NVIDIA A100 80GB PCIe         0 %            1.09 GiB       


Current Per Node Stats -- Oct  3 22:42:55
--------------------------
            CPU Cores                     Memory                        
Node        Requested   Usage             Requested   Current Use    Max Used            
node0397    2           1.00 (49.91 %)    240.00 GiB  181.18 GiB     186.09 GiB (77.54 %)

Node        GPU Model                     Compute Usage  Memory Usage   
node0397    NVIDIA A100 80GB PCIe         0 %            1.09 GiB       


Current Per Node Stats -- Oct  3 22:43:55
--------------------------
            CPU Cores                     Memory                        
Node        Requested   Usage             Requested   Current Use    Max Used            
node0397    2           1.00 (49.96 %)    240.00 GiB  181.81 GiB     186.09 GiB (77.54 %)

Node        GPU Model                     Compute Usage  Memory Usage   
node0397    NVIDIA A100 80GB PCIe         0 %            1.09 GiB       


Current Per Node Stats -- Oct  3 22:44:55
--------------------------
            CPU Cores                     Memory                        
Node        Requested   Usage             Requested   Current Use    Max Used            
node0397    2           1.00 (49.96 %)    240.00 GiB  182.49 GiB     186.09 GiB (77.54 %)

Node        GPU Model                     Compute Usage  Memory Usage   
node0397    NVIDIA A100 80GB PCIe         0 %            1.09 GiB       


Current Per Node Stats -- Oct  3 22:45:55
--------------------------
            CPU Cores                     Memory                        
Node        Requested   Usage             Requested   Current Use    Max Used            
node0397    2           1.00 (49.96 %)    240.00 GiB  183.06 GiB     186.09 GiB (77.54 %)

Node        GPU Model                     Compute Usage  Memory Usage   
node0397    NVIDIA A100 80GB PCIe         0 %            1.09 GiB       


Current Per Node Stats -- Oct  3 22:46:55
--------------------------
            CPU Cores                     Memory                        
Node        Requested   Usage             Requested   Current Use    Max Used            
node0397    2           1.00 (49.95 %)    240.00 GiB  176.49 GiB     186.09 GiB (77.54 %)

Node        GPU Model                     Compute Usage  Memory Usage   
node0397    NVIDIA A100 80GB PCIe         22 %           1.09 GiB       


Current Per Node Stats -- Oct  3 22:47:55
--------------------------
            CPU Cores                     Memory                        
Node        Requested   Usage             Requested   Current Use    Max Used            
node0397    2           1.00 (49.93 %)    240.00 GiB  181.52 GiB     186.09 GiB (77.54 %)

Node        GPU Model                     Compute Usage  Memory Usage   
node0397    NVIDIA A100 80GB PCIe         0 %            1.09 GiB       


Current Per Node Stats -- Oct  3 22:48:55
--------------------------
            CPU Cores                     Memory                        
Node        Requested   Usage             Requested   Current Use    Max Used            
node0397    2           1.00 (49.96 %)    240.00 GiB  182.19 GiB     186.09 GiB (77.54 %)

Node        GPU Model                     Compute Usage  Memory Usage   
node0397    NVIDIA A100 80GB PCIe         0 %            1.09 GiB       


Current Per Node Stats -- Oct  3 22:49:55
--------------------------
            CPU Cores                     Memory                        
Node        Requested   Usage             Requested   Current Use    Max Used            
node0397    2           1.00 (49.95 %)    240.00 GiB  182.83 GiB     186.09 GiB (77.54 %)

Node        GPU Model                     Compute Usage  Memory Usage   
node0397    NVIDIA A100 80GB PCIe         0 %            1.09 GiB       


Current Per Node Stats -- Oct  3 22:50:55
--------------------------
            CPU Cores                     Memory                        
Node        Requested   Usage             Requested   Current Use    Max Used            
node0397    2           1.00 (49.96 %)    240.00 GiB  183.46 GiB     186.09 GiB (77.54 %)

Node        GPU Model                     Compute Usage  Memory Usage   
node0397    NVIDIA A100 80GB PCIe         0 %            1.09 GiB       


Current Per Node Stats -- Oct  3 22:51:55
--------------------------
            CPU Cores                     Memory                        
Node        Requested   Usage             Requested   Current Use    Max Used            
node0397    2           1.00 (49.96 %)    240.00 GiB  184.09 GiB     186.09 GiB (77.54 %)

Node        GPU Model                     Compute Usage  Memory Usage   
node0397    NVIDIA A100 80GB PCIe         0 %            1.09 GiB       


Current Per Node Stats -- Oct  3 22:52:55
--------------------------
            CPU Cores                     Memory                        
Node        Requested   Usage             Requested   Current Use    Max Used            
node0397    2           1.00 (49.97 %)    240.00 GiB  184.66 GiB     186.09 GiB (77.54 %)

Node        GPU Model                     Compute Usage  Memory Usage   
node0397    NVIDIA A100 80GB PCIe         0 %            1.09 GiB       


Current Per Node Stats -- Oct  3 22:53:55
--------------------------
            CPU Cores                     Memory                        
Node        Requested   Usage             Requested   Current Use    Max Used            
node0397    2           1.00 (49.93 %)    240.00 GiB  183.22 GiB     186.09 GiB (77.54 %)

Node        GPU Model                     Compute Usage  Memory Usage   
node0397    NVIDIA A100 80GB PCIe         19 %           1.12 GiB       


Current Per Node Stats -- Oct  3 22:54:55
--------------------------
            CPU Cores                     Memory                        
Node        Requested   Usage             Requested   Current Use    Max Used            
node0397    2           1.00 (49.94 %)    240.00 GiB  185.47 GiB     186.09 GiB (77.54 %)

Node        GPU Model                     Compute Usage  Memory Usage   
node0397    NVIDIA A100 80GB PCIe         0 %            1.12 GiB       


Current Per Node Stats -- Oct  3 22:55:55
--------------------------
            CPU Cores                     Memory                        
Node        Requested   Usage             Requested   Current Use    Max Used            
node0397    2           1.00 (49.96 %)    240.00 GiB  186.10 GiB     186.10 GiB (77.54 %)

Node        GPU Model                     Compute Usage  Memory Usage   
node0397    NVIDIA A100 80GB PCIe         0 %            1.12 GiB       


Current Per Node Stats -- Oct  3 22:56:55
--------------------------
            CPU Cores                     Memory                        
Node        Requested   Usage             Requested   Current Use    Max Used            
node0397    2           1.00 (49.91 %)    240.00 GiB  186.76 GiB     186.76 GiB (77.82 %)

Node        GPU Model                     Compute Usage  Memory Usage   
node0397    NVIDIA A100 80GB PCIe         0 %            1.12 GiB       


Current Per Node Stats -- Oct  3 22:57:55
--------------------------
            CPU Cores                     Memory                        
Node        Requested   Usage             Requested   Current Use    Max Used            
node0397    2           1.00 (49.92 %)    240.00 GiB  187.37 GiB     187.37 GiB (78.07 %)

Node        GPU Model                     Compute Usage  Memory Usage   
node0397    NVIDIA A100 80GB PCIe         0 %            1.12 GiB       


Current Per Node Stats -- Oct  3 22:58:55
--------------------------
            CPU Cores                     Memory                        
Node        Requested   Usage             Requested   Current Use    Max Used            
node0397    2           1.00 (49.93 %)    240.00 GiB  186.70 GiB     187.55 GiB (78.15 %)

Node        GPU Model                     Compute Usage  Memory Usage   
node0397    NVIDIA A100 80GB PCIe         0 %            1.12 GiB       


Current Per Node Stats -- Oct  3 22:59:55
--------------------------
            CPU Cores                     Memory                        
Node        Requested   Usage             Requested   Current Use    Max Used            
node0397    2           1.00 (49.96 %)    240.00 GiB  187.33 GiB     187.55 GiB (78.15 %)

Node        GPU Model                     Compute Usage  Memory Usage   
node0397    NVIDIA A100 80GB PCIe         0 %            1.12 GiB       


Current Per Node Stats -- Oct  3 23:00:55
--------------------------
            CPU Cores                     Memory                        
Node        Requested   Usage             Requested   Current Use    Max Used            
node0397    2           1.00 (49.93 %)    240.00 GiB  187.89 GiB     187.89 GiB (78.29 %)

Node        GPU Model                     Compute Usage  Memory Usage   
node0397    NVIDIA A100 80GB PCIe         0 %            1.12 GiB       


Current Per Node Stats -- Oct  3 23:01:55
--------------------------
            CPU Cores                     Memory                        
Node        Requested   Usage             Requested   Current Use    Max Used            
node0397    2           1.00 (49.95 %)    240.00 GiB  188.50 GiB     188.50 GiB (78.54 %)

Node        GPU Model                     Compute Usage  Memory Usage   
node0397    NVIDIA A100 80GB PCIe         0 %            1.12 GiB       


Current Per Node Stats -- Oct  3 23:02:55
--------------------------
            CPU Cores                     Memory                        
Node        Requested   Usage             Requested   Current Use    Max Used            
node0397    2           1.00 (49.92 %)    240.00 GiB  187.84 GiB     188.79 GiB (78.66 %)

Node        GPU Model                     Compute Usage  Memory Usage   
node0397    NVIDIA A100 80GB PCIe         0 %            1.12 GiB       


Current Per Node Stats -- Oct  3 23:03:55
--------------------------
            CPU Cores                     Memory                        
Node        Requested   Usage             Requested   Current Use    Max Used            
node0397    2           1.00 (49.96 %)    240.00 GiB  188.53 GiB     188.79 GiB (78.66 %)

Node        GPU Model                     Compute Usage  Memory Usage   
node0397    NVIDIA A100 80GB PCIe         0 %            1.12 GiB       


Current Per Node Stats -- Oct  3 23:04:55
--------------------------
            CPU Cores                     Memory                        
Node        Requested   Usage             Requested   Current Use    Max Used            
node0397    2           1.00 (49.95 %)    240.00 GiB  189.09 GiB     189.09 GiB (78.79 %)

Node        GPU Model                     Compute Usage  Memory Usage   
node0397    NVIDIA A100 80GB PCIe         0 %            1.12 GiB       


Current Per Node Stats -- Oct  3 23:05:55
--------------------------
            CPU Cores                     Memory                        
Node        Requested   Usage             Requested   Current Use    Max Used            
node0397    2           1.00 (49.94 %)    240.00 GiB  189.61 GiB     189.61 GiB (79.01 %)

Node        GPU Model                     Compute Usage  Memory Usage   
node0397    NVIDIA A100 80GB PCIe         0 %            1.12 GiB       


Current Per Node Stats -- Oct  3 23:06:55
--------------------------
            CPU Cores                     Memory                        
Node        Requested   Usage             Requested   Current Use    Max Used            
node0397    2           1.00 (49.96 %)    240.00 GiB  190.02 GiB     190.02 GiB (79.17 %)

Node        GPU Model                     Compute Usage  Memory Usage   
node0397    NVIDIA A100 80GB PCIe         0 %            1.12 GiB       


Current Per Node Stats -- Oct  3 23:07:55
--------------------------
            CPU Cores                     Memory                        
Node        Requested   Usage             Requested   Current Use    Max Used            
node0397    2           1.00 (49.93 %)    240.00 GiB  190.63 GiB     190.63 GiB (79.43 %)

Node        GPU Model                     Compute Usage  Memory Usage   
node0397    NVIDIA A100 80GB PCIe         0 %            1.12 GiB       


Current Per Node Stats -- Oct  3 23:08:55
--------------------------
            CPU Cores                     Memory                        
Node        Requested   Usage             Requested   Current Use    Max Used            
node0397    2           1.00 (49.94 %)    240.00 GiB  188.68 GiB     191.06 GiB (79.61 %)

Node        GPU Model                     Compute Usage  Memory Usage   
node0397    NVIDIA A100 80GB PCIe         0 %            1.12 GiB       


Current Per Node Stats -- Oct  3 23:09:55
--------------------------
            CPU Cores                     Memory                        
Node        Requested   Usage             Requested   Current Use    Max Used            
node0397    2           1.00 (49.96 %)    240.00 GiB  189.25 GiB     191.06 GiB (79.61 %)

Node        GPU Model                     Compute Usage  Memory Usage   
node0397    NVIDIA A100 80GB PCIe         0 %            1.12 GiB       


Current Per Node Stats -- Oct  3 23:10:55
--------------------------
            CPU Cores                     Memory                        
Node        Requested   Usage             Requested   Current Use    Max Used            
node0397    2           1.00 (49.94 %)    240.00 GiB  176.27 GiB     191.06 GiB (79.61 %)

Node        GPU Model                     Compute Usage  Memory Usage   
node0397    NVIDIA A100 80GB PCIe         24 %           1.12 GiB       


Current Per Node Stats -- Oct  3 23:11:55
--------------------------
            CPU Cores                     Memory                        
Node        Requested   Usage             Requested   Current Use    Max Used            
node0397    2           1.00 (49.94 %)    240.00 GiB  184.42 GiB     191.06 GiB (79.61 %)

Node        GPU Model                     Compute Usage  Memory Usage   
node0397    NVIDIA A100 80GB PCIe         0 %            1.12 GiB       


Current Per Node Stats -- Oct  3 23:12:55
--------------------------
            CPU Cores                     Memory                        
Node        Requested   Usage             Requested   Current Use    Max Used            
node0397    2           1.00 (49.92 %)    240.00 GiB  185.67 GiB     191.06 GiB (79.61 %)

Node        GPU Model                     Compute Usage  Memory Usage   
node0397    NVIDIA A100 80GB PCIe         0 %            1.12 GiB       


Current Per Node Stats -- Oct  3 23:13:55
--------------------------
            CPU Cores                     Memory                        
Node        Requested   Usage             Requested   Current Use    Max Used            
node0397    2           1.00 (49.96 %)    240.00 GiB  186.24 GiB     191.06 GiB (79.61 %)

Node        GPU Model                     Compute Usage  Memory Usage   
node0397    NVIDIA A100 80GB PCIe         0 %            1.12 GiB       


Current Per Node Stats -- Oct  3 23:14:55
--------------------------
            CPU Cores                     Memory                        
Node        Requested   Usage             Requested   Current Use    Max Used            
node0397    2           1.00 (49.96 %)    240.00 GiB  186.83 GiB     191.06 GiB (79.61 %)

Node        GPU Model                     Compute Usage  Memory Usage   
node0397    NVIDIA A100 80GB PCIe         0 %            1.12 GiB       


Current Per Node Stats -- Oct  3 23:15:55
--------------------------
            CPU Cores                     Memory                        
Node        Requested   Usage             Requested   Current Use    Max Used            
node0397    2           1.00 (49.96 %)    240.00 GiB  187.33 GiB     191.06 GiB (79.61 %)

Node        GPU Model                     Compute Usage  Memory Usage   
node0397    NVIDIA A100 80GB PCIe         0 %            1.12 GiB       


Current Per Node Stats -- Oct  3 23:16:55
--------------------------
            CPU Cores                     Memory                        
Node        Requested   Usage             Requested   Current Use    Max Used            
node0397    2           1.00 (49.95 %)    240.00 GiB  187.21 GiB     191.06 GiB (79.61 %)

Node        GPU Model                     Compute Usage  Memory Usage   
node0397    NVIDIA A100 80GB PCIe         0 %            1.12 GiB       


Current Per Node Stats -- Oct  3 23:17:55
--------------------------
            CPU Cores                     Memory                        
Node        Requested   Usage             Requested   Current Use    Max Used            
node0397    2           1.00 (49.96 %)    240.00 GiB  187.78 GiB     191.06 GiB (79.61 %)

Node        GPU Model                     Compute Usage  Memory Usage   
node0397    NVIDIA A100 80GB PCIe         0 %            1.12 GiB       


Current Per Node Stats -- Oct  3 23:18:55
--------------------------
            CPU Cores                     Memory                        
Node        Requested   Usage             Requested   Current Use    Max Used            
node0397    2           1.00 (49.96 %)    240.00 GiB  188.40 GiB     191.06 GiB (79.61 %)

Node        GPU Model                     Compute Usage  Memory Usage   
node0397    NVIDIA A100 80GB PCIe         0 %            1.12 GiB       


Current Per Node Stats -- Oct  3 23:19:55
--------------------------
            CPU Cores                     Memory                        
Node        Requested   Usage             Requested   Current Use    Max Used            
node0397    2           1.00 (49.95 %)    240.00 GiB  188.23 GiB     191.06 GiB (79.61 %)

Node        GPU Model                     Compute Usage  Memory Usage   
node0397    NVIDIA A100 80GB PCIe         0 %            1.12 GiB       


Current Per Node Stats -- Oct  3 23:20:55
--------------------------
            CPU Cores                     Memory                        
Node        Requested   Usage             Requested   Current Use    Max Used            
node0397    2           1.00 (49.96 %)    240.00 GiB  188.87 GiB     191.06 GiB (79.61 %)

Node        GPU Model                     Compute Usage  Memory Usage   
node0397    NVIDIA A100 80GB PCIe         0 %            1.12 GiB       


Current Per Node Stats -- Oct  3 23:21:55
--------------------------
            CPU Cores                     Memory                        
Node        Requested   Usage             Requested   Current Use    Max Used            
node0397    2           1.00 (49.96 %)    240.00 GiB  189.44 GiB     191.06 GiB (79.61 %)

Node        GPU Model                     Compute Usage  Memory Usage   
node0397    NVIDIA A100 80GB PCIe         0 %            1.12 GiB       


Current Per Node Stats -- Oct  3 23:22:55
--------------------------
            CPU Cores                     Memory                        
Node        Requested   Usage             Requested   Current Use    Max Used            
node0397    2           1.00 (49.96 %)    240.00 GiB  189.88 GiB     191.06 GiB (79.61 %)

Node        GPU Model                     Compute Usage  Memory Usage   
node0397    NVIDIA A100 80GB PCIe         0 %            1.12 GiB       


Current Per Node Stats -- Oct  3 23:23:55
--------------------------
            CPU Cores                     Memory                        
Node        Requested   Usage             Requested   Current Use    Max Used            
node0397    2           1.00 (49.96 %)    240.00 GiB  190.38 GiB     191.06 GiB (79.61 %)

Node        GPU Model                     Compute Usage  Memory Usage   
node0397    NVIDIA A100 80GB PCIe         0 %            1.12 GiB       


Current Per Node Stats -- Oct  3 23:24:55
--------------------------
            CPU Cores                     Memory                        
Node        Requested   Usage             Requested   Current Use    Max Used            
node0397    2           1.00 (49.96 %)    240.00 GiB  190.95 GiB     191.06 GiB (79.61 %)

Node        GPU Model                     Compute Usage  Memory Usage   
node0397    NVIDIA A100 80GB PCIe         0 %            1.12 GiB       


Current Per Node Stats -- Oct  3 23:25:55
--------------------------
            CPU Cores                     Memory                        
Node        Requested   Usage             Requested   Current Use    Max Used            
node0397    2           1.00 (49.96 %)    240.00 GiB  189.49 GiB     191.20 GiB (79.66 %)

Node        GPU Model                     Compute Usage  Memory Usage   
node0397    NVIDIA A100 80GB PCIe         0 %            1.12 GiB       


Current Per Node Stats -- Oct  3 23:26:55
--------------------------
            CPU Cores                     Memory                        
Node        Requested   Usage             Requested   Current Use    Max Used            
node0397    2           1.00 (49.93 %)    240.00 GiB  153.94 GiB     191.20 GiB (79.66 %)

Node        GPU Model                     Compute Usage  Memory Usage   
node0397    NVIDIA A100 80GB PCIe         20 %           1.12 GiB       


Current Per Node Stats -- Oct  3 23:27:55
--------------------------
            CPU Cores                     Memory                        
Node        Requested   Usage             Requested   Current Use    Max Used            
node0397    2           1.00 (49.90 %)    240.00 GiB  160.75 GiB     191.20 GiB (79.66 %)

Node        GPU Model                     Compute Usage  Memory Usage   
node0397    NVIDIA A100 80GB PCIe         20 %           1.12 GiB       


Current Per Node Stats -- Oct  3 23:28:55
--------------------------
            CPU Cores                     Memory                        
Node        Requested   Usage             Requested   Current Use    Max Used            
node0397    2           1.00 (49.89 %)    240.00 GiB  159.86 GiB     191.20 GiB (79.66 %)

Node        GPU Model                     Compute Usage  Memory Usage   
node0397    NVIDIA A100 80GB PCIe         24 %           1.12 GiB       


Current Per Node Stats -- Oct  3 23:29:55
--------------------------
            CPU Cores                     Memory                        
Node        Requested   Usage             Requested   Current Use    Max Used            
node0397    2           1.00 (49.90 %)    240.00 GiB  166.69 GiB     191.20 GiB (79.66 %)

Node        GPU Model                     Compute Usage  Memory Usage   
node0397    NVIDIA A100 80GB PCIe         20 %           1.12 GiB       


Current Per Node Stats -- Oct  3 23:30:55
--------------------------
            CPU Cores                     Memory                        
Node        Requested   Usage             Requested   Current Use    Max Used            
node0397    2           1.00 (49.91 %)    240.00 GiB  163.84 GiB     191.20 GiB (79.66 %)

Node        GPU Model                     Compute Usage  Memory Usage   
node0397    NVIDIA A100 80GB PCIe         0 %            1.12 GiB       


Current Per Node Stats -- Oct  3 23:31:55
--------------------------
            CPU Cores                     Memory                        
Node        Requested   Usage             Requested   Current Use    Max Used            
node0397    2           1.00 (49.91 %)    240.00 GiB  167.43 GiB     191.20 GiB (79.66 %)

Node        GPU Model                     Compute Usage  Memory Usage   
node0397    NVIDIA A100 80GB PCIe         23 %           1.12 GiB       


Current Per Node Stats -- Oct  3 23:32:55
--------------------------
            CPU Cores                     Memory                        
Node        Requested   Usage             Requested   Current Use    Max Used            
node0397    2           1.00 (49.89 %)    240.00 GiB  167.96 GiB     191.20 GiB (79.66 %)

Node        GPU Model                     Compute Usage  Memory Usage   
node0397    NVIDIA A100 80GB PCIe         20 %           1.12 GiB       


Current Per Node Stats -- Oct  3 23:33:55
--------------------------
            CPU Cores                     Memory                        
Node        Requested   Usage             Requested   Current Use    Max Used            
node0397    2           1.00 (49.90 %)    240.00 GiB  171.18 GiB     191.20 GiB (79.66 %)

Node        GPU Model                     Compute Usage  Memory Usage   
node0397    NVIDIA A100 80GB PCIe         0 %            1.12 GiB       


Current Per Node Stats -- Oct  3 23:34:55
--------------------------
            CPU Cores                     Memory                        
Node        Requested   Usage             Requested   Current Use    Max Used            
node0397    2           1.00 (49.90 %)    240.00 GiB  167.68 GiB     191.20 GiB (79.66 %)

Node        GPU Model                     Compute Usage  Memory Usage   
node0397    NVIDIA A100 80GB PCIe         20 %           1.12 GiB       


Current Per Node Stats -- Oct  3 23:35:55
--------------------------
            CPU Cores                     Memory                        
Node        Requested   Usage             Requested   Current Use    Max Used            
node0397    2           1.00 (49.91 %)    240.00 GiB  174.59 GiB     191.20 GiB (79.66 %)

Node        GPU Model                     Compute Usage  Memory Usage   
node0397    NVIDIA A100 80GB PCIe         20 %           1.12 GiB       


Current Per Node Stats -- Oct  3 23:36:55
--------------------------
            CPU Cores                     Memory                        
Node        Requested   Usage             Requested   Current Use    Max Used            
node0397    2           1.00 (49.91 %)    240.00 GiB  178.17 GiB     191.20 GiB (79.66 %)

Node        GPU Model                     Compute Usage  Memory Usage   
node0397    NVIDIA A100 80GB PCIe         0 %            1.12 GiB       


Current Per Node Stats -- Oct  3 23:37:55
--------------------------
            CPU Cores                     Memory                        
Node        Requested   Usage             Requested   Current Use    Max Used            
node0397    2           1.00 (49.91 %)    240.00 GiB  181.50 GiB     191.20 GiB (79.66 %)

Node        GPU Model                     Compute Usage  Memory Usage   
node0397    NVIDIA A100 80GB PCIe         24 %           1.12 GiB       


Current Per Node Stats -- Oct  3 23:38:55
--------------------------
            CPU Cores                     Memory                        
Node        Requested   Usage             Requested   Current Use    Max Used            
node0397    2           1.00 (49.93 %)    240.00 GiB  185.53 GiB     191.20 GiB (79.66 %)

Node        GPU Model                     Compute Usage  Memory Usage   
node0397    NVIDIA A100 80GB PCIe         0 %            1.12 GiB       


Current Per Node Stats -- Oct  3 23:39:55
--------------------------
            CPU Cores                     Memory                        
Node        Requested   Usage             Requested   Current Use    Max Used            
node0397    2           1.00 (49.96 %)    240.00 GiB  186.03 GiB     191.20 GiB (79.66 %)

Node        GPU Model                     Compute Usage  Memory Usage   
node0397    NVIDIA A100 80GB PCIe         0 %            1.12 GiB       


Current Per Node Stats -- Oct  3 23:40:55
--------------------------
            CPU Cores                     Memory                        
Node        Requested   Usage             Requested   Current Use    Max Used            
node0397    2           1.00 (49.96 %)    240.00 GiB  186.54 GiB     191.20 GiB (79.66 %)

Node        GPU Model                     Compute Usage  Memory Usage   
node0397    NVIDIA A100 80GB PCIe         0 %            1.12 GiB       


Current Per Node Stats -- Oct  3 23:41:55
--------------------------
            CPU Cores                     Memory                        
Node        Requested   Usage             Requested   Current Use    Max Used            
node0397    2           1.00 (49.96 %)    240.00 GiB  187.04 GiB     191.20 GiB (79.66 %)

Node        GPU Model                     Compute Usage  Memory Usage   
node0397    NVIDIA A100 80GB PCIe         0 %            1.12 GiB       


Current Per Node Stats -- Oct  3 23:42:55
--------------------------
            CPU Cores                     Memory                        
Node        Requested   Usage             Requested   Current Use    Max Used            
node0397    2           1.00 (49.94 %)    240.00 GiB  187.54 GiB     191.20 GiB (79.66 %)

Node        GPU Model                     Compute Usage  Memory Usage   
node0397    NVIDIA A100 80GB PCIe         0 %            1.12 GiB       


Current Per Node Stats -- Oct  3 23:43:55
--------------------------
            CPU Cores                     Memory                        
Node        Requested   Usage             Requested   Current Use    Max Used            
node0397    2           1.00 (49.96 %)    240.00 GiB  188.04 GiB     191.20 GiB (79.66 %)

Node        GPU Model                     Compute Usage  Memory Usage   
node0397    NVIDIA A100 80GB PCIe         0 %            1.12 GiB       


Current Per Node Stats -- Oct  3 23:44:55
--------------------------
            CPU Cores                     Memory                        
Node        Requested   Usage             Requested   Current Use    Max Used            
node0397    2           1.00 (49.95 %)    240.00 GiB  188.54 GiB     191.20 GiB (79.66 %)

Node        GPU Model                     Compute Usage  Memory Usage   
node0397    NVIDIA A100 80GB PCIe         0 %            1.12 GiB       


Current Per Node Stats -- Oct  3 23:45:55
--------------------------
            CPU Cores                     Memory                        
Node        Requested   Usage             Requested   Current Use    Max Used            
node0397    2           1.00 (49.96 %)    240.00 GiB  189.11 GiB     191.20 GiB (79.66 %)

Node        GPU Model                     Compute Usage  Memory Usage   
node0397    NVIDIA A100 80GB PCIe         0 %            1.12 GiB       


Current Per Node Stats -- Oct  3 23:46:55
--------------------------
            CPU Cores                     Memory                        
Node        Requested   Usage             Requested   Current Use    Max Used            
node0397    2           1.00 (49.96 %)    240.00 GiB  189.61 GiB     191.20 GiB (79.66 %)

Node        GPU Model                     Compute Usage  Memory Usage   
node0397    NVIDIA A100 80GB PCIe         0 %            1.12 GiB       


Current Per Node Stats -- Oct  3 23:47:55
--------------------------
            CPU Cores                     Memory                        
Node        Requested   Usage             Requested   Current Use    Max Used            
node0397    2           1.00 (49.93 %)    240.00 GiB  175.71 GiB     191.20 GiB (79.66 %)

Node        GPU Model                     Compute Usage  Memory Usage   
node0397    NVIDIA A100 80GB PCIe         19 %           1.12 GiB       


Current Per Node Stats -- Oct  3 23:48:55
--------------------------
            CPU Cores                     Memory                        
Node        Requested   Usage             Requested   Current Use    Max Used            
node0397    2           1.00 (49.91 %)    240.00 GiB  185.37 GiB     191.20 GiB (79.66 %)

Node        GPU Model                     Compute Usage  Memory Usage   
node0397    NVIDIA A100 80GB PCIe         0 %            1.12 GiB       


Current Per Node Stats -- Oct  3 23:49:55
--------------------------
            CPU Cores                     Memory                        
Node        Requested   Usage             Requested   Current Use    Max Used            
node0397    2           1.00 (49.96 %)    240.00 GiB  185.81 GiB     191.20 GiB (79.66 %)

Node        GPU Model                     Compute Usage  Memory Usage   
node0397    NVIDIA A100 80GB PCIe         0 %            1.12 GiB       


Current Per Node Stats -- Oct  3 23:50:55
--------------------------
            CPU Cores                     Memory                        
Node        Requested   Usage             Requested   Current Use    Max Used            
node0397    2           1.00 (49.96 %)    240.00 GiB  186.38 GiB     191.20 GiB (79.66 %)

Node        GPU Model                     Compute Usage  Memory Usage   
node0397    NVIDIA A100 80GB PCIe         0 %            1.12 GiB       


Current Per Node Stats -- Oct  3 23:51:55
--------------------------
            CPU Cores                     Memory                        
Node        Requested   Usage             Requested   Current Use    Max Used            
node0397    2           1.00 (49.96 %)    240.00 GiB  186.88 GiB     191.20 GiB (79.66 %)

Node        GPU Model                     Compute Usage  Memory Usage   
node0397    NVIDIA A100 80GB PCIe         0 %            1.12 GiB       


Current Per Node Stats -- Oct  3 23:52:55
--------------------------
            CPU Cores                     Memory                        
Node        Requested   Usage             Requested   Current Use    Max Used            
node0397    2           1.00 (49.96 %)    240.00 GiB  187.44 GiB     191.20 GiB (79.66 %)

Node        GPU Model                     Compute Usage  Memory Usage   
node0397    NVIDIA A100 80GB PCIe         0 %            1.12 GiB       


Current Per Node Stats -- Oct  3 23:53:55
--------------------------
            CPU Cores                     Memory                        
Node        Requested   Usage             Requested   Current Use    Max Used            
node0397    2           1.00 (49.96 %)    240.00 GiB  187.94 GiB     191.20 GiB (79.66 %)

Node        GPU Model                     Compute Usage  Memory Usage   
node0397    NVIDIA A100 80GB PCIe         0 %            1.12 GiB       


Current Per Node Stats -- Oct  3 23:54:55
--------------------------
            CPU Cores                     Memory                        
Node        Requested   Usage             Requested   Current Use    Max Used            
node0397    2           1.00 (49.96 %)    240.00 GiB  188.44 GiB     191.20 GiB (79.66 %)

Node        GPU Model                     Compute Usage  Memory Usage   
node0397    NVIDIA A100 80GB PCIe         0 %            1.12 GiB       


Current Per Node Stats -- Oct  3 23:55:55
--------------------------
            CPU Cores                     Memory                        
Node        Requested   Usage             Requested   Current Use    Max Used            
node0397    2           1.00 (49.96 %)    240.00 GiB  188.94 GiB     191.20 GiB (79.66 %)

Node        GPU Model                     Compute Usage  Memory Usage   
node0397    NVIDIA A100 80GB PCIe         0 %            1.12 GiB       


Current Per Node Stats -- Oct  3 23:56:55
--------------------------
            CPU Cores                     Memory                        
Node        Requested   Usage             Requested   Current Use    Max Used            
node0397    2           1.00 (49.96 %)    240.00 GiB  189.45 GiB     191.20 GiB (79.66 %)

Node        GPU Model                     Compute Usage  Memory Usage   
node0397    NVIDIA A100 80GB PCIe         0 %            1.12 GiB       


Current Per Node Stats -- Oct  3 23:57:55
--------------------------
            CPU Cores                     Memory                        
Node        Requested   Usage             Requested   Current Use    Max Used            
node0397    2           1.00 (49.95 %)    240.00 GiB  176.50 GiB     191.20 GiB (79.66 %)

Node        GPU Model                     Compute Usage  Memory Usage   
node0397    NVIDIA A100 80GB PCIe         20 %           1.12 GiB       


Current Per Node Stats -- Oct  3 23:58:55
--------------------------
            CPU Cores                     Memory                        
Node        Requested   Usage             Requested   Current Use    Max Used            
node0397    2           1.00 (49.94 %)    240.00 GiB  184.46 GiB     191.20 GiB (79.66 %)

Node        GPU Model                     Compute Usage  Memory Usage   
node0397    NVIDIA A100 80GB PCIe         0 %            1.12 GiB       


Current Per Node Stats -- Oct  3 23:59:55
--------------------------
            CPU Cores                     Memory                        
Node        Requested   Usage             Requested   Current Use    Max Used            
node0397    2           1.00 (49.95 %)    240.00 GiB  182.88 GiB     191.20 GiB (79.66 %)

Node        GPU Model                     Compute Usage  Memory Usage   
node0397    NVIDIA A100 80GB PCIe         20 %           1.12 GiB       


Current Per Node Stats -- Oct  4 00:00:55
--------------------------
            CPU Cores                     Memory                        
Node        Requested   Usage             Requested   Current Use    Max Used            
node0397    2           1.00 (49.94 %)    240.00 GiB  186.48 GiB     191.20 GiB (79.66 %)

Node        GPU Model                     Compute Usage  Memory Usage   
node0397    NVIDIA A100 80GB PCIe         0 %            1.12 GiB       


Current Per Node Stats -- Oct  4 00:01:55
--------------------------
            CPU Cores                     Memory                        
Node        Requested   Usage             Requested   Current Use    Max Used            
node0397    2           1.00 (49.96 %)    240.00 GiB  187.03 GiB     191.20 GiB (79.66 %)

Node        GPU Model                     Compute Usage  Memory Usage   
node0397    NVIDIA A100 80GB PCIe         0 %            1.12 GiB       


Current Per Node Stats -- Oct  4 00:02:55
--------------------------
            CPU Cores                     Memory                        
Node        Requested   Usage             Requested   Current Use    Max Used            
node0397    2           1.00 (49.82 %)    240.00 GiB  187.53 GiB     191.20 GiB (79.66 %)

Node        GPU Model                     Compute Usage  Memory Usage   
node0397    NVIDIA A100 80GB PCIe         0 %            1.12 GiB       


Current Per Node Stats -- Oct  4 00:03:55
--------------------------
            CPU Cores                     Memory                        
Node        Requested   Usage             Requested   Current Use    Max Used            
node0397    2           1.00 (49.96 %)    240.00 GiB  188.14 GiB     191.20 GiB (79.66 %)

Node        GPU Model                     Compute Usage  Memory Usage   
node0397    NVIDIA A100 80GB PCIe         0 %            1.12 GiB       


Current Per Node Stats -- Oct  4 00:04:55
--------------------------
            CPU Cores                     Memory                        
Node        Requested   Usage             Requested   Current Use    Max Used            
node0397    2           1.00 (49.93 %)    240.00 GiB  188.83 GiB     191.20 GiB (79.66 %)

Node        GPU Model                     Compute Usage  Memory Usage   
node0397    NVIDIA A100 80GB PCIe         0 %            1.12 GiB       


Current Per Node Stats -- Oct  4 00:05:55
--------------------------
            CPU Cores                     Memory                        
Node        Requested   Usage             Requested   Current Use    Max Used            
node0397    2           1.00 (49.96 %)    240.00 GiB  189.33 GiB     191.20 GiB (79.66 %)

Node        GPU Model                     Compute Usage  Memory Usage   
node0397    NVIDIA A100 80GB PCIe         0 %            1.12 GiB       


Current Per Node Stats -- Oct  4 00:06:55
--------------------------
            CPU Cores                     Memory                        
Node        Requested   Usage             Requested   Current Use    Max Used            
node0397    2           1.00 (49.96 %)    240.00 GiB  189.92 GiB     191.20 GiB (79.66 %)

Node        GPU Model                     Compute Usage  Memory Usage   
node0397    NVIDIA A100 80GB PCIe         0 %            1.12 GiB       


Current Per Node Stats -- Oct  4 00:07:55
--------------------------
            CPU Cores                     Memory                        
Node        Requested   Usage             Requested   Current Use    Max Used            
node0397    2           1.00 (49.96 %)    240.00 GiB  190.42 GiB     191.20 GiB (79.66 %)

Node        GPU Model                     Compute Usage  Memory Usage   
node0397    NVIDIA A100 80GB PCIe         0 %            1.12 GiB       


Current Per Node Stats -- Oct  4 00:08:55
--------------------------
            CPU Cores                     Memory                        
Node        Requested   Usage             Requested   Current Use    Max Used            
node0397    2           1.00 (49.97 %)    240.00 GiB  190.93 GiB     191.20 GiB (79.66 %)

Node        GPU Model                     Compute Usage  Memory Usage   
node0397    NVIDIA A100 80GB PCIe         0 %            1.12 GiB       


Current Per Node Stats -- Oct  4 00:09:55
--------------------------
            CPU Cores                     Memory                        
Node        Requested   Usage             Requested   Current Use    Max Used            
node0397    2           1.00 (49.96 %)    240.00 GiB  186.55 GiB     191.20 GiB (79.66 %)

Node        GPU Model                     Compute Usage  Memory Usage   
node0397    NVIDIA A100 80GB PCIe         0 %            1.12 GiB       


Current Per Node Stats -- Oct  4 00:10:55
--------------------------
            CPU Cores                     Memory                        
Node        Requested   Usage             Requested   Current Use    Max Used            
node0397    2           1.00 (49.97 %)    240.00 GiB  187.05 GiB     191.20 GiB (79.66 %)

Node        GPU Model                     Compute Usage  Memory Usage   
node0397    NVIDIA A100 80GB PCIe         0 %            1.12 GiB       


Current Per Node Stats -- Oct  4 00:11:55
--------------------------
            CPU Cores                     Memory                        
Node        Requested   Usage             Requested   Current Use    Max Used            
node0397    2           1.00 (49.96 %)    240.00 GiB  187.55 GiB     191.20 GiB (79.66 %)

Node        GPU Model                     Compute Usage  Memory Usage   
node0397    NVIDIA A100 80GB PCIe         0 %            1.12 GiB       


Current Per Node Stats -- Oct  4 00:12:55
--------------------------
            CPU Cores                     Memory                        
Node        Requested   Usage             Requested   Current Use    Max Used            
node0397    2           1.00 (49.97 %)    240.00 GiB  188.06 GiB     191.20 GiB (79.66 %)

Node        GPU Model                     Compute Usage  Memory Usage   
node0397    NVIDIA A100 80GB PCIe         0 %            1.12 GiB       


Current Per Node Stats -- Oct  4 00:13:55
--------------------------
            CPU Cores                     Memory                        
Node        Requested   Usage             Requested   Current Use    Max Used            
node0397    2           1.00 (49.97 %)    240.00 GiB  188.56 GiB     191.20 GiB (79.66 %)

Node        GPU Model                     Compute Usage  Memory Usage   
node0397    NVIDIA A100 80GB PCIe         0 %            1.12 GiB       


Current Per Node Stats -- Oct  4 00:14:55
--------------------------
            CPU Cores                     Memory                        
Node        Requested   Usage             Requested   Current Use    Max Used            
node0397    2           1.00 (49.96 %)    240.00 GiB  189.13 GiB     191.20 GiB (79.66 %)

Node        GPU Model                     Compute Usage  Memory Usage   
node0397    NVIDIA A100 80GB PCIe         0 %            1.12 GiB       


Current Per Node Stats -- Oct  4 00:15:55
--------------------------
            CPU Cores                     Memory                        
Node        Requested   Usage             Requested   Current Use    Max Used            
node0397    2           1.00 (49.96 %)    240.00 GiB  189.69 GiB     191.20 GiB (79.66 %)

Node        GPU Model                     Compute Usage  Memory Usage   
node0397    NVIDIA A100 80GB PCIe         0 %            1.12 GiB       


Current Per Node Stats -- Oct  4 00:16:55
--------------------------
            CPU Cores                     Memory                        
Node        Requested   Usage             Requested   Current Use    Max Used            
node0397    2           1.00 (49.92 %)    240.00 GiB  183.50 GiB     191.20 GiB (79.66 %)

Node        GPU Model                     Compute Usage  Memory Usage   
node0397    NVIDIA A100 80GB PCIe         19 %           1.12 GiB       


Current Per Node Stats -- Oct  4 00:17:55
--------------------------
            CPU Cores                     Memory                        
Node        Requested   Usage             Requested   Current Use    Max Used            
node0397    2           1.00 (49.96 %)    240.00 GiB  186.73 GiB     191.20 GiB (79.66 %)

Node        GPU Model                     Compute Usage  Memory Usage   
node0397    NVIDIA A100 80GB PCIe         0 %            1.12 GiB       


Current Per Node Stats -- Oct  4 00:18:55
--------------------------
            CPU Cores                     Memory                        
Node        Requested   Usage             Requested   Current Use    Max Used            
node0397    2           1.00 (49.96 %)    240.00 GiB  187.23 GiB     191.20 GiB (79.66 %)

Node        GPU Model                     Compute Usage  Memory Usage   
node0397    NVIDIA A100 80GB PCIe         0 %            1.12 GiB       


Current Per Node Stats -- Oct  4 00:19:55
--------------------------
            CPU Cores                     Memory                        
Node        Requested   Usage             Requested   Current Use    Max Used            
node0397    2           1.00 (49.96 %)    240.00 GiB  187.82 GiB     191.20 GiB (79.66 %)

Node        GPU Model                     Compute Usage  Memory Usage   
node0397    NVIDIA A100 80GB PCIe         0 %            1.12 GiB       


Current Per Node Stats -- Oct  4 00:20:55
--------------------------
            CPU Cores                     Memory                        
Node        Requested   Usage             Requested   Current Use    Max Used            
node0397    2           1.00 (49.95 %)    240.00 GiB  188.35 GiB     191.20 GiB (79.66 %)

Node        GPU Model                     Compute Usage  Memory Usage   
node0397    NVIDIA A100 80GB PCIe         0 %            1.12 GiB       


Current Per Node Stats -- Oct  4 00:21:55
--------------------------
            CPU Cores                     Memory                        
Node        Requested   Usage             Requested   Current Use    Max Used            
node0397    2           1.00 (49.95 %)    240.00 GiB  188.82 GiB     191.20 GiB (79.66 %)

Node        GPU Model                     Compute Usage  Memory Usage   
node0397    NVIDIA A100 80GB PCIe         0 %            1.12 GiB       


Current Per Node Stats -- Oct  4 00:22:55
--------------------------
            CPU Cores                     Memory                        
Node        Requested   Usage             Requested   Current Use    Max Used            
node0397    2           1.00 (49.95 %)    240.00 GiB  189.32 GiB     191.20 GiB (79.66 %)

Node        GPU Model                     Compute Usage  Memory Usage   
node0397    NVIDIA A100 80GB PCIe         0 %            1.12 GiB       


Current Per Node Stats -- Oct  4 00:23:55
--------------------------
            CPU Cores                     Memory                        
Node        Requested   Usage             Requested   Current Use    Max Used            
node0397    2           1.00 (49.96 %)    240.00 GiB  189.76 GiB     191.20 GiB (79.66 %)

Node        GPU Model                     Compute Usage  Memory Usage   
node0397    NVIDIA A100 80GB PCIe         0 %            1.12 GiB       


Current Per Node Stats -- Oct  4 00:24:55
--------------------------
            CPU Cores                     Memory                        
Node        Requested   Usage             Requested   Current Use    Max Used            
node0397    2           1.00 (49.96 %)    240.00 GiB  190.14 GiB     191.20 GiB (79.66 %)

Node        GPU Model                     Compute Usage  Memory Usage   
node0397    NVIDIA A100 80GB PCIe         0 %            1.12 GiB       


Current Per Node Stats -- Oct  4 00:25:55
--------------------------
            CPU Cores                     Memory                        
Node        Requested   Usage             Requested   Current Use    Max Used            
node0397    2           1.00 (49.95 %)    240.00 GiB  190.64 GiB     191.20 GiB (79.66 %)

Node        GPU Model                     Compute Usage  Memory Usage   
node0397    NVIDIA A100 80GB PCIe         0 %            1.12 GiB       


Current Per Node Stats -- Oct  4 00:26:55
--------------------------
            CPU Cores                     Memory                        
Node        Requested   Usage             Requested   Current Use    Max Used            
node0397    2           1.00 (49.95 %)    240.00 GiB  189.16 GiB     191.20 GiB (79.66 %)

Node        GPU Model                     Compute Usage  Memory Usage   
node0397    NVIDIA A100 80GB PCIe         0 %            1.12 GiB       


Current Per Node Stats -- Oct  4 00:27:55
--------------------------
            CPU Cores                     Memory                        
Node        Requested   Usage             Requested   Current Use    Max Used            
node0397    2           1.00 (49.92 %)    240.00 GiB  191.27 GiB     191.27 GiB (79.70 %)

Node        GPU Model                     Compute Usage  Memory Usage   
node0397    NVIDIA A100 80GB PCIe         0 %            1.12 GiB       


Current Per Node Stats -- Oct  4 00:28:55
--------------------------
            CPU Cores                     Memory                        
Node        Requested   Usage             Requested   Current Use    Max Used            
node0397    2           1.00 (49.91 %)    240.00 GiB  191.76 GiB     191.76 GiB (79.90 %)

Node        GPU Model                     Compute Usage  Memory Usage   
node0397    NVIDIA A100 80GB PCIe         0 %            1.12 GiB       


Current Per Node Stats -- Oct  4 00:29:55
--------------------------
            CPU Cores                     Memory                        
Node        Requested   Usage             Requested   Current Use    Max Used            
node0397    2           1.00 (49.92 %)    240.00 GiB  192.25 GiB     192.25 GiB (80.11 %)

Node        GPU Model                     Compute Usage  Memory Usage   
node0397    NVIDIA A100 80GB PCIe         0 %            1.12 GiB       


Current Per Node Stats -- Oct  4 00:30:55
--------------------------
            CPU Cores                     Memory                        
Node        Requested   Usage             Requested   Current Use    Max Used            
node0397    2           1.00 (49.88 %)    240.00 GiB  192.75 GiB     192.75 GiB (80.31 %)

Node        GPU Model                     Compute Usage  Memory Usage   
node0397    NVIDIA A100 80GB PCIe         0 %            1.12 GiB       


Current Per Node Stats -- Oct  4 00:31:55
--------------------------
            CPU Cores                     Memory                        
Node        Requested   Usage             Requested   Current Use    Max Used            
node0397    2           1.00 (49.92 %)    240.00 GiB  193.23 GiB     193.23 GiB (80.51 %)

Node        GPU Model                     Compute Usage  Memory Usage   
node0397    NVIDIA A100 80GB PCIe         0 %            1.12 GiB       


Current Per Node Stats -- Oct  4 00:32:55
--------------------------
            CPU Cores                     Memory                        
Node        Requested   Usage             Requested   Current Use    Max Used            
node0397    2           1.00 (49.87 %)    240.00 GiB  192.43 GiB     193.58 GiB (80.66 %)

Node        GPU Model                     Compute Usage  Memory Usage   
node0397    NVIDIA A100 80GB PCIe         0 %            1.12 GiB       


Current Per Node Stats -- Oct  4 00:33:55
--------------------------
            CPU Cores                     Memory                        
Node        Requested   Usage             Requested   Current Use    Max Used            
node0397    2           1.00 (49.96 %)    240.00 GiB  192.93 GiB     193.58 GiB (80.66 %)

Node        GPU Model                     Compute Usage  Memory Usage   
node0397    NVIDIA A100 80GB PCIe         0 %            1.12 GiB       


Current Per Node Stats -- Oct  4 00:34:55
--------------------------
            CPU Cores                     Memory                        
Node        Requested   Usage             Requested   Current Use    Max Used            
node0397    2           1.00 (49.96 %)    240.00 GiB  193.43 GiB     193.58 GiB (80.66 %)

Node        GPU Model                     Compute Usage  Memory Usage   
node0397    NVIDIA A100 80GB PCIe         0 %            1.12 GiB       


Current Per Node Stats -- Oct  4 00:35:55
--------------------------
            CPU Cores                     Memory                        
Node        Requested   Usage             Requested   Current Use    Max Used            
node0397    2           1.00 (49.95 %)    240.00 GiB  194.06 GiB     194.06 GiB (80.86 %)

Node        GPU Model                     Compute Usage  Memory Usage   
node0397    NVIDIA A100 80GB PCIe         0 %            1.12 GiB       


Current Per Node Stats -- Oct  4 00:36:55
--------------------------
            CPU Cores                     Memory                        
Node        Requested   Usage             Requested   Current Use    Max Used            
node0397    2           1.00 (49.92 %)    240.00 GiB  194.48 GiB     194.48 GiB (81.04 %)

Node        GPU Model                     Compute Usage  Memory Usage   
node0397    NVIDIA A100 80GB PCIe         0 %            1.12 GiB       


Current Per Node Stats -- Oct  4 00:37:55
--------------------------
            CPU Cores                     Memory                        
Node        Requested   Usage             Requested   Current Use    Max Used            
node0397    2           1.00 (49.94 %)    240.00 GiB  193.73 GiB     194.82 GiB (81.17 %)

Node        GPU Model                     Compute Usage  Memory Usage   
node0397    NVIDIA A100 80GB PCIe         0 %            1.12 GiB       


Current Per Node Stats -- Oct  4 00:38:55
--------------------------
            CPU Cores                     Memory                        
Node        Requested   Usage             Requested   Current Use    Max Used            
node0397    2           1.00 (49.96 %)    240.00 GiB  194.23 GiB     194.82 GiB (81.17 %)

Node        GPU Model                     Compute Usage  Memory Usage   
node0397    NVIDIA A100 80GB PCIe         0 %            1.12 GiB       


Current Per Node Stats -- Oct  4 00:39:55
--------------------------
            CPU Cores                     Memory                        
Node        Requested   Usage             Requested   Current Use    Max Used            
node0397    2           1.00 (49.96 %)    240.00 GiB  194.67 GiB     194.82 GiB (81.17 %)

Node        GPU Model                     Compute Usage  Memory Usage   
node0397    NVIDIA A100 80GB PCIe         0 %            1.12 GiB       


Current Per Node Stats -- Oct  4 00:40:55
--------------------------
            CPU Cores                     Memory                        
Node        Requested   Usage             Requested   Current Use    Max Used            
node0397    2           1.00 (49.93 %)    240.00 GiB  195.09 GiB     195.10 GiB (81.29 %)

Node        GPU Model                     Compute Usage  Memory Usage   
node0397    NVIDIA A100 80GB PCIe         0 %            1.12 GiB       


Current Per Node Stats -- Oct  4 00:41:55
--------------------------
            CPU Cores                     Memory                        
Node        Requested   Usage             Requested   Current Use    Max Used            
node0397    2           1.00 (49.96 %)    240.00 GiB  195.59 GiB     195.59 GiB (81.50 %)

Node        GPU Model                     Compute Usage  Memory Usage   
node0397    NVIDIA A100 80GB PCIe         0 %            1.12 GiB       


Current Per Node Stats -- Oct  4 00:42:55
--------------------------
            CPU Cores                     Memory                        
Node        Requested   Usage             Requested   Current Use    Max Used            
node0397    2           1.00 (49.93 %)    240.00 GiB  196.09 GiB     196.09 GiB (81.70 %)

Node        GPU Model                     Compute Usage  Memory Usage   
node0397    NVIDIA A100 80GB PCIe         0 %            1.12 GiB       


Current Per Node Stats -- Oct  4 00:43:55
--------------------------
            CPU Cores                     Memory                        
Node        Requested   Usage             Requested   Current Use    Max Used            
node0397    2           1.00 (49.96 %)    240.00 GiB  196.52 GiB     196.52 GiB (81.88 %)

Node        GPU Model                     Compute Usage  Memory Usage   
node0397    NVIDIA A100 80GB PCIe         0 %            1.12 GiB       


Current Per Node Stats -- Oct  4 00:44:55
--------------------------
            CPU Cores                     Memory                        
Node        Requested   Usage             Requested   Current Use    Max Used            
node0397    2           1.00 (49.95 %)    240.00 GiB  196.95 GiB     196.95 GiB (82.06 %)

Node        GPU Model                     Compute Usage  Memory Usage   
node0397    NVIDIA A100 80GB PCIe         0 %            1.12 GiB       


Current Per Node Stats -- Oct  4 00:45:55
--------------------------
            CPU Cores                     Memory                        
Node        Requested   Usage             Requested   Current Use    Max Used            
node0397    2           1.00 (49.94 %)    240.00 GiB  194.88 GiB     197.30 GiB (82.21 %)

Node        GPU Model                     Compute Usage  Memory Usage   
node0397    NVIDIA A100 80GB PCIe         0 %            1.12 GiB       


Current Per Node Stats -- Oct  4 00:46:55
--------------------------
            CPU Cores                     Memory                        
Node        Requested   Usage             Requested   Current Use    Max Used            
node0397    2           1.00 (49.94 %)    240.00 GiB  195.16 GiB     197.30 GiB (82.21 %)

Node        GPU Model                     Compute Usage  Memory Usage   
node0397    NVIDIA A100 80GB PCIe         0 %            1.12 GiB       


Current Per Node Stats -- Oct  4 00:47:55
--------------------------
            CPU Cores                     Memory                        
Node        Requested   Usage             Requested   Current Use    Max Used            
node0397    2           1.00 (49.96 %)    240.00 GiB  195.67 GiB     197.30 GiB (82.21 %)

Node        GPU Model                     Compute Usage  Memory Usage   
node0397    NVIDIA A100 80GB PCIe         0 %            1.12 GiB       


Current Per Node Stats -- Oct  4 00:48:55
--------------------------
            CPU Cores                     Memory                        
Node        Requested   Usage             Requested   Current Use    Max Used            
node0397    2           1.00 (49.90 %)    240.00 GiB  182.57 GiB     197.30 GiB (82.21 %)

Node        GPU Model                     Compute Usage  Memory Usage   
node0397    NVIDIA A100 80GB PCIe         23 %           1.12 GiB       


Current Per Node Stats -- Oct  4 00:49:55
--------------------------
            CPU Cores                     Memory                        
Node        Requested   Usage             Requested   Current Use    Max Used            
node0397    2           1.00 (49.93 %)    240.00 GiB  189.62 GiB     197.30 GiB (82.21 %)

Node        GPU Model                     Compute Usage  Memory Usage   
node0397    NVIDIA A100 80GB PCIe         0 %            1.12 GiB       


Current Per Node Stats -- Oct  4 00:50:55
--------------------------
            CPU Cores                     Memory                        
Node        Requested   Usage             Requested   Current Use    Max Used            
node0397    2           1.00 (49.96 %)    240.00 GiB  190.99 GiB     197.30 GiB (82.21 %)

Node        GPU Model                     Compute Usage  Memory Usage   
node0397    NVIDIA A100 80GB PCIe         0 %            1.12 GiB       


Current Per Node Stats -- Oct  4 00:51:55
--------------------------
            CPU Cores                     Memory                        
Node        Requested   Usage             Requested   Current Use    Max Used            
node0397    2           1.00 (49.91 %)    240.00 GiB  191.46 GiB     197.30 GiB (82.21 %)

Node        GPU Model                     Compute Usage  Memory Usage   
node0397    NVIDIA A100 80GB PCIe         0 %            1.12 GiB       


Current Per Node Stats -- Oct  4 00:52:55
--------------------------
            CPU Cores                     Memory                        
Node        Requested   Usage             Requested   Current Use    Max Used            
node0397    2           1.00 (49.97 %)    240.00 GiB  191.90 GiB     197.30 GiB (82.21 %)

Node        GPU Model                     Compute Usage  Memory Usage   
node0397    NVIDIA A100 80GB PCIe         0 %            1.12 GiB       


Current Per Node Stats -- Oct  4 00:53:55
--------------------------
            CPU Cores                     Memory                        
Node        Requested   Usage             Requested   Current Use    Max Used            
node0397    2           1.00 (49.96 %)    240.00 GiB  192.34 GiB     197.30 GiB (82.21 %)

Node        GPU Model                     Compute Usage  Memory Usage   
node0397    NVIDIA A100 80GB PCIe         0 %            1.12 GiB       


Current Per Node Stats -- Oct  4 00:54:55
--------------------------
            CPU Cores                     Memory                        
Node        Requested   Usage             Requested   Current Use    Max Used            
node0397    2           1.00 (49.96 %)    240.00 GiB  192.84 GiB     197.30 GiB (82.21 %)

Node        GPU Model                     Compute Usage  Memory Usage   
node0397    NVIDIA A100 80GB PCIe         0 %            1.12 GiB       


Current Per Node Stats -- Oct  4 00:55:55
--------------------------
            CPU Cores                     Memory                        
Node        Requested   Usage             Requested   Current Use    Max Used            
node0397    2           1.00 (49.96 %)    240.00 GiB  193.28 GiB     197.30 GiB (82.21 %)

Node        GPU Model                     Compute Usage  Memory Usage   
node0397    NVIDIA A100 80GB PCIe         0 %            1.12 GiB       


Current Per Node Stats -- Oct  4 00:56:55
--------------------------
            CPU Cores                     Memory                        
Node        Requested   Usage             Requested   Current Use    Max Used            
node0397    2           1.00 (49.94 %)    240.00 GiB  192.99 GiB     197.30 GiB (82.21 %)

Node        GPU Model                     Compute Usage  Memory Usage   
node0397    NVIDIA A100 80GB PCIe         0 %            1.12 GiB       


Current Per Node Stats -- Oct  4 00:57:55
--------------------------
            CPU Cores                     Memory                        
Node        Requested   Usage             Requested   Current Use    Max Used            
node0397    2           1.00 (49.95 %)    240.00 GiB  193.50 GiB     197.30 GiB (82.21 %)

Node        GPU Model                     Compute Usage  Memory Usage   
node0397    NVIDIA A100 80GB PCIe         0 %            1.12 GiB       


Current Per Node Stats -- Oct  4 00:58:55
--------------------------
            CPU Cores                     Memory                        
Node        Requested   Usage             Requested   Current Use    Max Used            
node0397    2           1.00 (49.95 %)    240.00 GiB  193.93 GiB     197.30 GiB (82.21 %)

Node        GPU Model                     Compute Usage  Memory Usage   
node0397    NVIDIA A100 80GB PCIe         0 %            1.12 GiB       


Current Per Node Stats -- Oct  4 00:59:55
--------------------------
            CPU Cores                     Memory                        
Node        Requested   Usage             Requested   Current Use    Max Used            
node0397    2           1.00 (49.96 %)    240.00 GiB  194.37 GiB     197.30 GiB (82.21 %)

Node        GPU Model                     Compute Usage  Memory Usage   
node0397    NVIDIA A100 80GB PCIe         0 %            1.12 GiB       


Current Per Node Stats -- Oct  4 01:00:55
--------------------------
            CPU Cores                     Memory                        
Node        Requested   Usage             Requested   Current Use    Max Used            
node0397    2           1.00 (49.96 %)    240.00 GiB  193.97 GiB     197.30 GiB (82.21 %)

Node        GPU Model                     Compute Usage  Memory Usage   
node0397    NVIDIA A100 80GB PCIe         0 %            1.12 GiB       


Current Per Node Stats -- Oct  4 01:01:55
--------------------------
            CPU Cores                     Memory                        
Node        Requested   Usage             Requested   Current Use    Max Used            
node0397    2           1.00 (49.95 %)    240.00 GiB  194.49 GiB     197.30 GiB (82.21 %)

Node        GPU Model                     Compute Usage  Memory Usage   
node0397    NVIDIA A100 80GB PCIe         0 %            1.12 GiB       


Current Per Node Stats -- Oct  4 01:02:55
--------------------------
            CPU Cores                     Memory                        
Node        Requested   Usage             Requested   Current Use    Max Used            
node0397    2           1.00 (49.93 %)    240.00 GiB  195.00 GiB     197.30 GiB (82.21 %)

Node        GPU Model                     Compute Usage  Memory Usage   
node0397    NVIDIA A100 80GB PCIe         0 %            1.12 GiB       


Current Per Node Stats -- Oct  4 01:03:55
--------------------------
            CPU Cores                     Memory                        
Node        Requested   Usage             Requested   Current Use    Max Used            
node0397    2           1.00 (49.96 %)    240.00 GiB  195.48 GiB     197.30 GiB (82.21 %)

Node        GPU Model                     Compute Usage  Memory Usage   
node0397    NVIDIA A100 80GB PCIe         0 %            1.12 GiB       


Current Per Node Stats -- Oct  4 01:04:55
--------------------------
            CPU Cores                     Memory                        
Node        Requested   Usage             Requested   Current Use    Max Used            
node0397    2           1.00 (49.96 %)    240.00 GiB  196.05 GiB     197.30 GiB (82.21 %)

Node        GPU Model                     Compute Usage  Memory Usage   
node0397    NVIDIA A100 80GB PCIe         0 %            1.12 GiB       


Current Per Node Stats -- Oct  4 01:05:55
--------------------------
            CPU Cores                     Memory                        
Node        Requested   Usage             Requested   Current Use    Max Used            
node0397    2           1.00 (49.96 %)    240.00 GiB  196.63 GiB     197.30 GiB (82.21 %)

Node        GPU Model                     Compute Usage  Memory Usage   
node0397    NVIDIA A100 80GB PCIe         0 %            1.12 GiB       


Current Per Node Stats -- Oct  4 01:06:55
--------------------------
            CPU Cores                     Memory                        
Node        Requested   Usage             Requested   Current Use    Max Used            
node0397    2           1.00 (49.96 %)    240.00 GiB  197.13 GiB     197.30 GiB (82.21 %)

Node        GPU Model                     Compute Usage  Memory Usage   
node0397    NVIDIA A100 80GB PCIe         0 %            1.12 GiB       


Current Per Node Stats -- Oct  4 01:07:55
--------------------------
            CPU Cores                     Memory                        
Node        Requested   Usage             Requested   Current Use    Max Used            
node0397    2           1.00 (49.95 %)    240.00 GiB  195.52 GiB     197.30 GiB (82.21 %)

Node        GPU Model                     Compute Usage  Memory Usage   
node0397    NVIDIA A100 80GB PCIe         0 %            1.12 GiB       


Current Per Node Stats -- Oct  4 01:08:55
--------------------------
            CPU Cores                     Memory                        
Node        Requested   Usage             Requested   Current Use    Max Used            
node0397    2           1.00 (49.96 %)    240.00 GiB  195.96 GiB     197.30 GiB (82.21 %)

Node        GPU Model                     Compute Usage  Memory Usage   
node0397    NVIDIA A100 80GB PCIe         0 %            1.12 GiB       


Current Per Node Stats -- Oct  4 01:09:55
--------------------------
            CPU Cores                     Memory                        
Node        Requested   Usage             Requested   Current Use    Max Used            
node0397    2           1.00 (49.91 %)    240.00 GiB  165.83 GiB     197.30 GiB (82.21 %)

Node        GPU Model                     Compute Usage  Memory Usage   
node0397    NVIDIA A100 80GB PCIe         24 %           1.12 GiB       


Current Per Node Stats -- Oct  4 01:10:55
--------------------------
            CPU Cores                     Memory                        
Node        Requested   Usage             Requested   Current Use    Max Used            
node0397    2           1.00 (49.90 %)    240.00 GiB  166.40 GiB     197.30 GiB (82.21 %)

Node        GPU Model                     Compute Usage  Memory Usage   
node0397    NVIDIA A100 80GB PCIe         20 %           1.12 GiB       


Current Per Node Stats -- Oct  4 01:11:55
--------------------------
            CPU Cores                     Memory                        
Node        Requested   Usage             Requested   Current Use    Max Used            
node0397    2           1.00 (49.92 %)    240.00 GiB  168.06 GiB     197.30 GiB (82.21 %)

Node        GPU Model                     Compute Usage  Memory Usage   
node0397    NVIDIA A100 80GB PCIe         0 %            1.12 GiB       


Current Per Node Stats -- Oct  4 01:12:55
--------------------------
            CPU Cores                     Memory                        
Node        Requested   Usage             Requested   Current Use    Max Used            
node0397    2           1.00 (49.90 %)    240.00 GiB  166.05 GiB     197.30 GiB (82.21 %)

Node        GPU Model                     Compute Usage  Memory Usage   
node0397    NVIDIA A100 80GB PCIe         23 %           1.12 GiB       


Current Per Node Stats -- Oct  4 01:13:55
--------------------------
            CPU Cores                     Memory                        
Node        Requested   Usage             Requested   Current Use    Max Used            
node0397    2           1.00 (49.90 %)    240.00 GiB  172.89 GiB     197.30 GiB (82.21 %)

Node        GPU Model                     Compute Usage  Memory Usage   
node0397    NVIDIA A100 80GB PCIe         20 %           1.12 GiB       


Current Per Node Stats -- Oct  4 01:14:55
--------------------------
            CPU Cores                     Memory                        
Node        Requested   Usage             Requested   Current Use    Max Used            
node0397    2           1.00 (49.90 %)    240.00 GiB  173.27 GiB     197.30 GiB (82.21 %)

Node        GPU Model                     Compute Usage  Memory Usage   
node0397    NVIDIA A100 80GB PCIe         24 %           1.12 GiB       


Current Per Node Stats -- Oct  4 01:15:55
--------------------------
            CPU Cores                     Memory                        
Node        Requested   Usage             Requested   Current Use    Max Used            
node0397    2           1.00 (49.90 %)    240.00 GiB  173.85 GiB     197.30 GiB (82.21 %)

Node        GPU Model                     Compute Usage  Memory Usage   
node0397    NVIDIA A100 80GB PCIe         20 %           1.12 GiB       


Current Per Node Stats -- Oct  4 01:16:55
--------------------------
            CPU Cores                     Memory                        
Node        Requested   Usage             Requested   Current Use    Max Used            
node0397    2           1.00 (49.90 %)    240.00 GiB  174.37 GiB     197.30 GiB (82.21 %)

Node        GPU Model                     Compute Usage  Memory Usage   
node0397    NVIDIA A100 80GB PCIe         20 %           1.12 GiB       


Current Per Node Stats -- Oct  4 01:17:55
--------------------------
            CPU Cores                     Memory                        
Node        Requested   Usage             Requested   Current Use    Max Used            
node0397    2           1.00 (49.90 %)    240.00 GiB  173.60 GiB     197.30 GiB (82.21 %)

Node        GPU Model                     Compute Usage  Memory Usage   
node0397    NVIDIA A100 80GB PCIe         24 %           1.12 GiB       


Current Per Node Stats -- Oct  4 01:18:55
--------------------------
            CPU Cores                     Memory                        
Node        Requested   Usage             Requested   Current Use    Max Used            
node0397    2           1.00 (49.90 %)    240.00 GiB  180.46 GiB     197.30 GiB (82.21 %)

Node        GPU Model                     Compute Usage  Memory Usage   
node0397    NVIDIA A100 80GB PCIe         20 %           1.12 GiB       


Current Per Node Stats -- Oct  4 01:19:55
--------------------------
            CPU Cores                     Memory                        
Node        Requested   Usage             Requested   Current Use    Max Used            
node0397    2           1.00 (49.90 %)    240.00 GiB  184.56 GiB     197.30 GiB (82.21 %)

Node        GPU Model                     Compute Usage  Memory Usage   
node0397    NVIDIA A100 80GB PCIe         0 %            1.12 GiB       


Current Per Node Stats -- Oct  4 01:20:55
--------------------------
            CPU Cores                     Memory                        
Node        Requested   Usage             Requested   Current Use    Max Used            
node0397    2           1.00 (49.89 %)    240.00 GiB  181.25 GiB     197.30 GiB (82.21 %)

Node        GPU Model                     Compute Usage  Memory Usage   
node0397    NVIDIA A100 80GB PCIe         22 %           1.12 GiB       


Current Per Node Stats -- Oct  4 01:21:55
--------------------------
            CPU Cores                     Memory                        
Node        Requested   Usage             Requested   Current Use    Max Used            
node0397    2           1.00 (49.89 %)    240.00 GiB  188.14 GiB     197.30 GiB (82.21 %)

Node        GPU Model                     Compute Usage  Memory Usage   
node0397    NVIDIA A100 80GB PCIe         20 %           1.14 GiB       


Current Per Node Stats -- Oct  4 01:22:55
--------------------------
            CPU Cores                     Memory                        
Node        Requested   Usage             Requested   Current Use    Max Used            
node0397    2           1.00 (49.95 %)    240.00 GiB  191.15 GiB     197.30 GiB (82.21 %)

Node        GPU Model                     Compute Usage  Memory Usage   
node0397    NVIDIA A100 80GB PCIe         0 %            1.14 GiB       


Current Per Node Stats -- Oct  4 01:23:55
--------------------------
            CPU Cores                     Memory                        
Node        Requested   Usage             Requested   Current Use    Max Used            
node0397    2           1.00 (49.96 %)    240.00 GiB  191.65 GiB     197.30 GiB (82.21 %)

Node        GPU Model                     Compute Usage  Memory Usage   
node0397    NVIDIA A100 80GB PCIe         0 %            1.14 GiB       


Current Per Node Stats -- Oct  4 01:24:55
--------------------------
            CPU Cores                     Memory                        
Node        Requested   Usage             Requested   Current Use    Max Used            
node0397    2           1.00 (49.96 %)    240.00 GiB  192.09 GiB     197.30 GiB (82.21 %)

Node        GPU Model                     Compute Usage  Memory Usage   
node0397    NVIDIA A100 80GB PCIe         0 %            1.14 GiB       


Current Per Node Stats -- Oct  4 01:25:55
--------------------------
            CPU Cores                     Memory                        
Node        Requested   Usage             Requested   Current Use    Max Used            
node0397    2           1.00 (49.96 %)    240.00 GiB  192.59 GiB     197.30 GiB (82.21 %)

Node        GPU Model                     Compute Usage  Memory Usage   
node0397    NVIDIA A100 80GB PCIe         0 %            1.14 GiB       


Current Per Node Stats -- Oct  4 01:26:55
--------------------------
            CPU Cores                     Memory                        
Node        Requested   Usage             Requested   Current Use    Max Used            
node0397    2           1.00 (49.96 %)    240.00 GiB  193.09 GiB     197.30 GiB (82.21 %)

Node        GPU Model                     Compute Usage  Memory Usage   
node0397    NVIDIA A100 80GB PCIe         0 %            1.14 GiB       


Current Per Node Stats -- Oct  4 01:27:55
--------------------------
            CPU Cores                     Memory                        
Node        Requested   Usage             Requested   Current Use    Max Used            
node0397    2           1.00 (49.96 %)    240.00 GiB  193.53 GiB     197.30 GiB (82.21 %)

Node        GPU Model                     Compute Usage  Memory Usage   
node0397    NVIDIA A100 80GB PCIe         0 %            1.14 GiB       


Current Per Node Stats -- Oct  4 01:28:55
--------------------------
            CPU Cores                     Memory                        
Node        Requested   Usage             Requested   Current Use    Max Used            
node0397    2           1.00 (49.95 %)    240.00 GiB  194.03 GiB     197.30 GiB (82.21 %)

Node        GPU Model                     Compute Usage  Memory Usage   
node0397    NVIDIA A100 80GB PCIe         0 %            1.14 GiB       


Current Per Node Stats -- Oct  4 01:29:55
--------------------------
            CPU Cores                     Memory                        
Node        Requested   Usage             Requested   Current Use    Max Used            
node0397    2           1.00 (49.96 %)    240.00 GiB  194.60 GiB     197.30 GiB (82.21 %)

Node        GPU Model                     Compute Usage  Memory Usage   
node0397    NVIDIA A100 80GB PCIe         0 %            1.14 GiB       


Current Per Node Stats -- Oct  4 01:30:55
--------------------------
            CPU Cores                     Memory                        
Node        Requested   Usage             Requested   Current Use    Max Used            
node0397    2           1.00 (49.95 %)    240.00 GiB  195.10 GiB     197.30 GiB (82.21 %)

Node        GPU Model                     Compute Usage  Memory Usage   
node0397    NVIDIA A100 80GB PCIe         0 %            1.14 GiB       


Current Per Node Stats -- Oct  4 01:31:55
--------------------------
            CPU Cores                     Memory                        
Node        Requested   Usage             Requested   Current Use    Max Used            
node0397    2           1.00 (49.95 %)    240.00 GiB  195.60 GiB     197.30 GiB (82.21 %)

Node        GPU Model                     Compute Usage  Memory Usage   
node0397    NVIDIA A100 80GB PCIe         0 %            1.14 GiB       


Current Per Node Stats -- Oct  4 01:32:55
--------------------------
            CPU Cores                     Memory                        
Node        Requested   Usage             Requested   Current Use    Max Used            
node0397    2           1.00 (49.93 %)    240.00 GiB  181.36 GiB     197.30 GiB (82.21 %)

Node        GPU Model                     Compute Usage  Memory Usage   
node0397    NVIDIA A100 80GB PCIe         20 %           1.14 GiB       


Current Per Node Stats -- Oct  4 01:33:55
--------------------------
            CPU Cores                     Memory                        
Node        Requested   Usage             Requested   Current Use    Max Used            
node0397    2           1.00 (49.89 %)    240.00 GiB  188.29 GiB     197.30 GiB (82.21 %)

Node        GPU Model                     Compute Usage  Memory Usage   
node0397    NVIDIA A100 80GB PCIe         23 %           1.14 GiB       


Current Per Node Stats -- Oct  4 01:34:55
--------------------------
            CPU Cores                     Memory                        
Node        Requested   Usage             Requested   Current Use    Max Used            
node0397    2           1.00 (49.95 %)    240.00 GiB  191.36 GiB     197.30 GiB (82.21 %)

Node        GPU Model                     Compute Usage  Memory Usage   
node0397    NVIDIA A100 80GB PCIe         0 %            1.14 GiB       


Current Per Node Stats -- Oct  4 01:35:55
--------------------------
            CPU Cores                     Memory                        
Node        Requested   Usage             Requested   Current Use    Max Used            
node0397    2           1.00 (49.95 %)    240.00 GiB  191.86 GiB     197.30 GiB (82.21 %)

Node        GPU Model                     Compute Usage  Memory Usage   
node0397    NVIDIA A100 80GB PCIe         0 %            1.14 GiB       


Current Per Node Stats -- Oct  4 01:36:55
--------------------------
            CPU Cores                     Memory                        
Node        Requested   Usage             Requested   Current Use    Max Used            
node0397    2           1.00 (49.96 %)    240.00 GiB  192.37 GiB     197.30 GiB (82.21 %)

Node        GPU Model                     Compute Usage  Memory Usage   
node0397    NVIDIA A100 80GB PCIe         0 %            1.14 GiB       


Current Per Node Stats -- Oct  4 01:37:55
--------------------------
            CPU Cores                     Memory                        
Node        Requested   Usage             Requested   Current Use    Max Used            
node0397    2           1.00 (49.94 %)    240.00 GiB  192.87 GiB     197.30 GiB (82.21 %)

Node        GPU Model                     Compute Usage  Memory Usage   
node0397    NVIDIA A100 80GB PCIe         0 %            1.14 GiB       


Current Per Node Stats -- Oct  4 01:38:55
--------------------------
            CPU Cores                     Memory                        
Node        Requested   Usage             Requested   Current Use    Max Used            
node0397    2           1.00 (49.95 %)    240.00 GiB  193.24 GiB     197.30 GiB (82.21 %)

Node        GPU Model                     Compute Usage  Memory Usage   
node0397    NVIDIA A100 80GB PCIe         0 %            1.14 GiB       


Current Per Node Stats -- Oct  4 01:39:55
--------------------------
            CPU Cores                     Memory                        
Node        Requested   Usage             Requested   Current Use    Max Used            
node0397    2           1.00 (49.96 %)    240.00 GiB  193.68 GiB     197.30 GiB (82.21 %)

Node        GPU Model                     Compute Usage  Memory Usage   
node0397    NVIDIA A100 80GB PCIe         0 %            1.14 GiB       


Current Per Node Stats -- Oct  4 01:40:55
--------------------------
            CPU Cores                     Memory                        
Node        Requested   Usage             Requested   Current Use    Max Used            
node0397    2           1.00 (49.96 %)    240.00 GiB  194.05 GiB     197.30 GiB (82.21 %)

Node        GPU Model                     Compute Usage  Memory Usage   
node0397    NVIDIA A100 80GB PCIe         0 %            1.14 GiB       


Current Per Node Stats -- Oct  4 01:41:55
--------------------------
            CPU Cores                     Memory                        
Node        Requested   Usage             Requested   Current Use    Max Used            
node0397    2           1.00 (49.95 %)    240.00 GiB  194.49 GiB     197.30 GiB (82.21 %)

Node        GPU Model                     Compute Usage  Memory Usage   
node0397    NVIDIA A100 80GB PCIe         0 %            1.14 GiB       


Current Per Node Stats -- Oct  4 01:42:55
--------------------------
            CPU Cores                     Memory                        
Node        Requested   Usage             Requested   Current Use    Max Used            
node0397    2           1.00 (49.97 %)    240.00 GiB  194.93 GiB     197.30 GiB (82.21 %)

Node        GPU Model                     Compute Usage  Memory Usage   
node0397    NVIDIA A100 80GB PCIe         0 %            1.14 GiB       


Current Per Node Stats -- Oct  4 01:43:55
--------------------------
            CPU Cores                     Memory                        
Node        Requested   Usage             Requested   Current Use    Max Used            
node0397    2           1.00 (49.96 %)    240.00 GiB  195.43 GiB     197.30 GiB (82.21 %)

Node        GPU Model                     Compute Usage  Memory Usage   
node0397    NVIDIA A100 80GB PCIe         0 %            1.14 GiB       


Current Per Node Stats -- Oct  4 01:44:55
--------------------------
            CPU Cores                     Memory                        
Node        Requested   Usage             Requested   Current Use    Max Used            
node0397    2           1.00 (49.96 %)    240.00 GiB  195.93 GiB     197.30 GiB (82.21 %)

Node        GPU Model                     Compute Usage  Memory Usage   
node0397    NVIDIA A100 80GB PCIe         0 %            1.14 GiB       


Current Per Node Stats -- Oct  4 01:45:55
--------------------------
            CPU Cores                     Memory                        
Node        Requested   Usage             Requested   Current Use    Max Used            
node0397    2           1.00 (49.91 %)    240.00 GiB  190.30 GiB     197.30 GiB (82.21 %)

Node        GPU Model                     Compute Usage  Memory Usage   
node0397    NVIDIA A100 80GB PCIe         0 %            1.14 GiB       


Current Per Node Stats -- Oct  4 01:46:55
--------------------------
            CPU Cores                     Memory                        
Node        Requested   Usage             Requested   Current Use    Max Used            
node0397    2           1.00 (49.96 %)    240.00 GiB  190.69 GiB     197.30 GiB (82.21 %)

Node        GPU Model                     Compute Usage  Memory Usage   
node0397    NVIDIA A100 80GB PCIe         0 %            1.14 GiB       


Current Per Node Stats -- Oct  4 01:47:55
--------------------------
            CPU Cores                     Memory                        
Node        Requested   Usage             Requested   Current Use    Max Used            
node0397    2           1.00 (49.91 %)    240.00 GiB  192.24 GiB     197.30 GiB (82.21 %)

Node        GPU Model                     Compute Usage  Memory Usage   
node0397    NVIDIA A100 80GB PCIe         0 %            1.14 GiB       


Current Per Node Stats -- Oct  4 01:48:55
--------------------------
            CPU Cores                     Memory                        
Node        Requested   Usage             Requested   Current Use    Max Used            
node0397    2           1.00 (49.97 %)    240.00 GiB  192.74 GiB     197.30 GiB (82.21 %)

Node        GPU Model                     Compute Usage  Memory Usage   
node0397    NVIDIA A100 80GB PCIe         0 %            1.14 GiB       


Current Per Node Stats -- Oct  4 01:49:55
--------------------------
            CPU Cores                     Memory                        
Node        Requested   Usage             Requested   Current Use    Max Used            
node0397    2           1.00 (49.96 %)    240.00 GiB  193.18 GiB     197.30 GiB (82.21 %)

Node        GPU Model                     Compute Usage  Memory Usage   
node0397    NVIDIA A100 80GB PCIe         0 %            1.14 GiB       


Current Per Node Stats -- Oct  4 01:50:55
--------------------------
            CPU Cores                     Memory                        
Node        Requested   Usage             Requested   Current Use    Max Used            
node0397    2           1.00 (49.96 %)    240.00 GiB  193.74 GiB     197.30 GiB (82.21 %)

Node        GPU Model                     Compute Usage  Memory Usage   
node0397    NVIDIA A100 80GB PCIe         0 %            1.14 GiB       


Current Per Node Stats -- Oct  4 01:51:55
--------------------------
            CPU Cores                     Memory                        
Node        Requested   Usage             Requested   Current Use    Max Used            
node0397    2           1.00 (49.95 %)    240.00 GiB  194.24 GiB     197.30 GiB (82.21 %)

Node        GPU Model                     Compute Usage  Memory Usage   
node0397    NVIDIA A100 80GB PCIe         0 %            1.14 GiB       


Current Per Node Stats -- Oct  4 01:52:55
--------------------------
            CPU Cores                     Memory                        
Node        Requested   Usage             Requested   Current Use    Max Used            
node0397    2           1.00 (49.96 %)    240.00 GiB  194.74 GiB     197.30 GiB (82.21 %)

Node        GPU Model                     Compute Usage  Memory Usage   
node0397    NVIDIA A100 80GB PCIe         0 %            1.14 GiB       


Current Per Node Stats -- Oct  4 01:53:55
--------------------------
            CPU Cores                     Memory                        
Node        Requested   Usage             Requested   Current Use    Max Used            
node0397    2           1.00 (49.96 %)    240.00 GiB  195.31 GiB     197.30 GiB (82.21 %)

Node        GPU Model                     Compute Usage  Memory Usage   
node0397    NVIDIA A100 80GB PCIe         0 %            1.14 GiB       


Current Per Node Stats -- Oct  4 01:54:55
--------------------------
            CPU Cores                     Memory                        
Node        Requested   Usage             Requested   Current Use    Max Used            
node0397    2           1.00 (49.96 %)    240.00 GiB  195.88 GiB     197.30 GiB (82.21 %)

Node        GPU Model                     Compute Usage  Memory Usage   
node0397    NVIDIA A100 80GB PCIe         0 %            1.14 GiB       


Current Per Node Stats -- Oct  4 01:55:55
--------------------------
            CPU Cores                     Memory                        
Node        Requested   Usage             Requested   Current Use    Max Used            
node0397    2           1.00 (49.96 %)    240.00 GiB  196.38 GiB     197.30 GiB (82.21 %)

Node        GPU Model                     Compute Usage  Memory Usage   
node0397    NVIDIA A100 80GB PCIe         0 %            1.14 GiB       


Current Per Node Stats -- Oct  4 01:56:55
--------------------------
            CPU Cores                     Memory                        
Node        Requested   Usage             Requested   Current Use    Max Used            
node0397    2           1.00 (49.96 %)    240.00 GiB  196.82 GiB     197.30 GiB (82.21 %)

Node        GPU Model                     Compute Usage  Memory Usage   
node0397    NVIDIA A100 80GB PCIe         0 %            1.14 GiB       


Current Per Node Stats -- Oct  4 01:57:55
--------------------------
            CPU Cores                     Memory                        
Node        Requested   Usage             Requested   Current Use    Max Used            
node0397    2           1.00 (49.95 %)    240.00 GiB  188.61 GiB     197.30 GiB (82.21 %)

Node        GPU Model                     Compute Usage  Memory Usage   
node0397    NVIDIA A100 80GB PCIe         23 %           1.14 GiB       


Current Per Node Stats -- Oct  4 01:58:55
--------------------------
            CPU Cores                     Memory                        
Node        Requested   Usage             Requested   Current Use    Max Used            
node0397    2           1.00 (49.92 %)    240.00 GiB  192.34 GiB     197.30 GiB (82.21 %)

Node        GPU Model                     Compute Usage  Memory Usage   
node0397    NVIDIA A100 80GB PCIe         0 %            1.14 GiB       


Current Per Node Stats -- Oct  4 01:59:55
--------------------------
            CPU Cores                     Memory                        
Node        Requested   Usage             Requested   Current Use    Max Used            
node0397    2           1.00 (49.96 %)    240.00 GiB  192.78 GiB     197.30 GiB (82.21 %)

Node        GPU Model                     Compute Usage  Memory Usage   
node0397    NVIDIA A100 80GB PCIe         0 %            1.14 GiB       


Current Per Node Stats -- Oct  4 02:00:55
--------------------------
            CPU Cores                     Memory                        
Node        Requested   Usage             Requested   Current Use    Max Used            
node0397    2           1.00 (49.96 %)    240.00 GiB  193.28 GiB     197.30 GiB (82.21 %)

Node        GPU Model                     Compute Usage  Memory Usage   
node0397    NVIDIA A100 80GB PCIe         0 %            1.14 GiB       


Current Per Node Stats -- Oct  4 02:01:55
--------------------------
            CPU Cores                     Memory                        
Node        Requested   Usage             Requested   Current Use    Max Used            
node0397    2           1.00 (49.95 %)    240.00 GiB  193.67 GiB     197.30 GiB (82.21 %)

Node        GPU Model                     Compute Usage  Memory Usage   
node0397    NVIDIA A100 80GB PCIe         0 %            1.14 GiB       


Current Per Node Stats -- Oct  4 02:02:55
--------------------------
            CPU Cores                     Memory                        
Node        Requested   Usage             Requested   Current Use    Max Used            
node0397    2           1.00 (49.96 %)    240.00 GiB  194.27 GiB     197.30 GiB (82.21 %)

Node        GPU Model                     Compute Usage  Memory Usage   
node0397    NVIDIA A100 80GB PCIe         0 %            1.14 GiB       


Current Per Node Stats -- Oct  4 02:03:55
--------------------------
            CPU Cores                     Memory                        
Node        Requested   Usage             Requested   Current Use    Max Used            
node0397    2           1.00 (49.94 %)    240.00 GiB  194.84 GiB     197.30 GiB (82.21 %)

Node        GPU Model                     Compute Usage  Memory Usage   
node0397    NVIDIA A100 80GB PCIe         0 %            1.14 GiB       


Current Per Node Stats -- Oct  4 02:04:55
--------------------------
            CPU Cores                     Memory                        
Node        Requested   Usage             Requested   Current Use    Max Used            
node0397    2           1.00 (49.95 %)    240.00 GiB  195.28 GiB     197.30 GiB (82.21 %)

Node        GPU Model                     Compute Usage  Memory Usage   
node0397    NVIDIA A100 80GB PCIe         0 %            1.14 GiB       


Current Per Node Stats -- Oct  4 02:05:55
--------------------------
            CPU Cores                     Memory                        
Node        Requested   Usage             Requested   Current Use    Max Used            
node0397    2           1.00 (49.97 %)    240.00 GiB  195.78 GiB     197.30 GiB (82.21 %)

Node        GPU Model                     Compute Usage  Memory Usage   
node0397    NVIDIA A100 80GB PCIe         0 %            1.14 GiB       


Current Per Node Stats -- Oct  4 02:06:55
--------------------------
            CPU Cores                     Memory                        
Node        Requested   Usage             Requested   Current Use    Max Used            
node0397    2           1.00 (49.90 %)    240.00 GiB  192.26 GiB     197.30 GiB (82.21 %)

Node        GPU Model                     Compute Usage  Memory Usage   
node0397    NVIDIA A100 80GB PCIe         0 %            1.14 GiB       


Current Per Node Stats -- Oct  4 02:07:55
--------------------------
            CPU Cores                     Memory                        
Node        Requested   Usage             Requested   Current Use    Max Used            
node0397    2           1.00 (49.96 %)    240.00 GiB  192.63 GiB     197.30 GiB (82.21 %)

Node        GPU Model                     Compute Usage  Memory Usage   
node0397    NVIDIA A100 80GB PCIe         0 %            1.14 GiB       


Current Per Node Stats -- Oct  4 02:08:55
--------------------------
            CPU Cores                     Memory                        
Node        Requested   Usage             Requested   Current Use    Max Used            
node0397    2           1.00 (49.97 %)    240.00 GiB  193.07 GiB     197.30 GiB (82.21 %)

Node        GPU Model                     Compute Usage  Memory Usage   
node0397    NVIDIA A100 80GB PCIe         0 %            1.14 GiB       


Current Per Node Stats -- Oct  4 02:09:55
--------------------------
            CPU Cores                     Memory                        
Node        Requested   Usage             Requested   Current Use    Max Used            
node0397    2           1.00 (49.97 %)    240.00 GiB  193.45 GiB     197.30 GiB (82.21 %)

Node        GPU Model                     Compute Usage  Memory Usage   
node0397    NVIDIA A100 80GB PCIe         0 %            1.14 GiB       


Current Per Node Stats -- Oct  4 02:10:55
--------------------------
            CPU Cores                     Memory                        
Node        Requested   Usage             Requested   Current Use    Max Used            
node0397    2           1.00 (49.96 %)    240.00 GiB  193.88 GiB     197.30 GiB (82.21 %)

Node        GPU Model                     Compute Usage  Memory Usage   
node0397    NVIDIA A100 80GB PCIe         0 %            1.14 GiB       


Current Per Node Stats -- Oct  4 02:11:55
--------------------------
            CPU Cores                     Memory                        
Node        Requested   Usage             Requested   Current Use    Max Used            
node0397    2           1.00 (49.96 %)    240.00 GiB  194.32 GiB     197.30 GiB (82.21 %)

Node        GPU Model                     Compute Usage  Memory Usage   
node0397    NVIDIA A100 80GB PCIe         0 %            1.14 GiB       


Current Per Node Stats -- Oct  4 02:12:55
--------------------------
            CPU Cores                     Memory                        
Node        Requested   Usage             Requested   Current Use    Max Used            
node0397    2           1.00 (49.95 %)    240.00 GiB  194.76 GiB     197.30 GiB (82.21 %)

Node        GPU Model                     Compute Usage  Memory Usage   
node0397    NVIDIA A100 80GB PCIe         0 %            1.14 GiB       


Current Per Node Stats -- Oct  4 02:13:55
--------------------------
            CPU Cores                     Memory                        
Node        Requested   Usage             Requested   Current Use    Max Used            
node0397    2           1.00 (49.97 %)    240.00 GiB  195.20 GiB     197.30 GiB (82.21 %)

Node        GPU Model                     Compute Usage  Memory Usage   
node0397    NVIDIA A100 80GB PCIe         0 %            1.14 GiB       


Current Per Node Stats -- Oct  4 02:14:55
--------------------------
            CPU Cores                     Memory                        
Node        Requested   Usage             Requested   Current Use    Max Used            
node0397    2           1.00 (49.96 %)    240.00 GiB  195.64 GiB     197.30 GiB (82.21 %)

Node        GPU Model                     Compute Usage  Memory Usage   
node0397    NVIDIA A100 80GB PCIe         0 %            1.14 GiB       


Current Per Node Stats -- Oct  4 02:15:55
--------------------------
            CPU Cores                     Memory                        
Node        Requested   Usage             Requested   Current Use    Max Used            
node0397    2           1.00 (49.96 %)    240.00 GiB  196.14 GiB     197.30 GiB (82.21 %)

Node        GPU Model                     Compute Usage  Memory Usage   
node0397    NVIDIA A100 80GB PCIe         0 %            1.14 GiB       


Current Per Node Stats -- Oct  4 02:16:55
--------------------------
            CPU Cores                     Memory                        
Node        Requested   Usage             Requested   Current Use    Max Used            
node0397    2           1.00 (49.97 %)    240.00 GiB  196.59 GiB     197.30 GiB (82.21 %)

Node        GPU Model                     Compute Usage  Memory Usage   
node0397    NVIDIA A100 80GB PCIe         0 %            1.14 GiB       


Current Per Node Stats -- Oct  4 02:17:55
--------------------------
            CPU Cores                     Memory                        
Node        Requested   Usage             Requested   Current Use    Max Used            
node0397    2           1.00 (49.96 %)    240.00 GiB  197.03 GiB     197.30 GiB (82.21 %)

Node        GPU Model                     Compute Usage  Memory Usage   
node0397    NVIDIA A100 80GB PCIe         0 %            1.14 GiB       


Current Per Node Stats -- Oct  4 02:18:55
--------------------------
            CPU Cores                     Memory                        
Node        Requested   Usage             Requested   Current Use    Max Used            
node0397    2           1.00 (49.92 %)    240.00 GiB  195.59 GiB     197.30 GiB (82.21 %)

Node        GPU Model                     Compute Usage  Memory Usage   
node0397    NVIDIA A100 80GB PCIe         20 %           1.17 GiB       


Current Per Node Stats -- Oct  4 02:19:55
--------------------------
            CPU Cores                     Memory                        
Node        Requested   Usage             Requested   Current Use    Max Used            
node0397    2           1.00 (49.95 %)    240.00 GiB  197.55 GiB     197.55 GiB (82.31 %)

Node        GPU Model                     Compute Usage  Memory Usage   
node0397    NVIDIA A100 80GB PCIe         0 %            1.17 GiB       


Current Per Node Stats -- Oct  4 02:20:55
--------------------------
            CPU Cores                     Memory                        
Node        Requested   Usage             Requested   Current Use    Max Used            
node0397    2           1.00 (49.96 %)    240.00 GiB  197.98 GiB     197.98 GiB (82.49 %)

Node        GPU Model                     Compute Usage  Memory Usage   
node0397    NVIDIA A100 80GB PCIe         0 %            1.17 GiB       


Current Per Node Stats -- Oct  4 02:21:55
--------------------------
            CPU Cores                     Memory                        
Node        Requested   Usage             Requested   Current Use    Max Used            
node0397    2           1.00 (49.94 %)    240.00 GiB  198.35 GiB     198.35 GiB (82.65 %)

Node        GPU Model                     Compute Usage  Memory Usage   
node0397    NVIDIA A100 80GB PCIe         0 %            1.17 GiB       


Current Per Node Stats -- Oct  4 02:22:55
--------------------------
            CPU Cores                     Memory                        
Node        Requested   Usage             Requested   Current Use    Max Used            
node0397    2           1.00 (49.90 %)    240.00 GiB  198.74 GiB     198.74 GiB (82.81 %)

Node        GPU Model                     Compute Usage  Memory Usage   
node0397    NVIDIA A100 80GB PCIe         0 %            1.17 GiB       


Current Per Node Stats -- Oct  4 02:23:55
--------------------------
            CPU Cores                     Memory                        
Node        Requested   Usage             Requested   Current Use    Max Used            
node0397    2           1.00 (49.97 %)    240.00 GiB  199.18 GiB     199.18 GiB (82.99 %)

Node        GPU Model                     Compute Usage  Memory Usage   
node0397    NVIDIA A100 80GB PCIe         0 %            1.17 GiB       


Current Per Node Stats -- Oct  4 02:24:55
--------------------------
            CPU Cores                     Memory                        
Node        Requested   Usage             Requested   Current Use    Max Used            
node0397    2           1.00 (49.94 %)    240.00 GiB  199.62 GiB     199.62 GiB (83.18 %)

Node        GPU Model                     Compute Usage  Memory Usage   
node0397    NVIDIA A100 80GB PCIe         0 %            1.17 GiB       


Current Per Node Stats -- Oct  4 02:25:55
--------------------------
            CPU Cores                     Memory                        
Node        Requested   Usage             Requested   Current Use    Max Used            
node0397    2           1.00 (49.96 %)    240.00 GiB  198.83 GiB     199.73 GiB (83.22 %)

Node        GPU Model                     Compute Usage  Memory Usage   
node0397    NVIDIA A100 80GB PCIe         0 %            1.17 GiB       


Current Per Node Stats -- Oct  4 02:26:55
--------------------------
            CPU Cores                     Memory                        
Node        Requested   Usage             Requested   Current Use    Max Used            
node0397    2           1.00 (49.96 %)    240.00 GiB  199.21 GiB     199.73 GiB (83.22 %)

Node        GPU Model                     Compute Usage  Memory Usage   
node0397    NVIDIA A100 80GB PCIe         0 %            1.17 GiB       


Current Per Node Stats -- Oct  4 02:27:55
--------------------------
            CPU Cores                     Memory                        
Node        Requested   Usage             Requested   Current Use    Max Used            
node0397    2           1.00 (49.96 %)    240.00 GiB  199.65 GiB     199.73 GiB (83.22 %)

Node        GPU Model                     Compute Usage  Memory Usage   
node0397    NVIDIA A100 80GB PCIe         0 %            1.17 GiB       


Current Per Node Stats -- Oct  4 02:28:55
--------------------------
            CPU Cores                     Memory                        
Node        Requested   Usage             Requested   Current Use    Max Used            
node0397    2           1.00 (49.90 %)    240.00 GiB  200.17 GiB     200.17 GiB (83.40 %)

Node        GPU Model                     Compute Usage  Memory Usage   
node0397    NVIDIA A100 80GB PCIe         0 %            1.17 GiB       


Current Per Node Stats -- Oct  4 02:29:55
--------------------------
            CPU Cores                     Memory                        
Node        Requested   Usage             Requested   Current Use    Max Used            
node0397    2           1.00 (49.90 %)    240.00 GiB  200.77 GiB     200.77 GiB (83.65 %)

Node        GPU Model                     Compute Usage  Memory Usage   
node0397    NVIDIA A100 80GB PCIe         0 %            1.17 GiB       


Current Per Node Stats -- Oct  4 02:30:55
--------------------------
            CPU Cores                     Memory                        
Node        Requested   Usage             Requested   Current Use    Max Used            
node0397    2           1.00 (49.93 %)    240.00 GiB  199.94 GiB     200.97 GiB (83.74 %)

Node        GPU Model                     Compute Usage  Memory Usage   
node0397    NVIDIA A100 80GB PCIe         0 %            1.17 GiB       


Current Per Node Stats -- Oct  4 02:31:55
--------------------------
            CPU Cores                     Memory                        
Node        Requested   Usage             Requested   Current Use    Max Used            
node0397    2           1.00 (49.96 %)    240.00 GiB  200.38 GiB     200.97 GiB (83.74 %)

Node        GPU Model                     Compute Usage  Memory Usage   
node0397    NVIDIA A100 80GB PCIe         0 %            1.17 GiB       


Current Per Node Stats -- Oct  4 02:32:55
--------------------------
            CPU Cores                     Memory                        
Node        Requested   Usage             Requested   Current Use    Max Used            
node0397    2           1.00 (49.93 %)    240.00 GiB  200.81 GiB     200.97 GiB (83.74 %)

Node        GPU Model                     Compute Usage  Memory Usage   
node0397    NVIDIA A100 80GB PCIe         0 %            1.17 GiB       


Current Per Node Stats -- Oct  4 02:33:55
--------------------------
            CPU Cores                     Memory                        
Node        Requested   Usage             Requested   Current Use    Max Used            
node0397    2           1.00 (49.90 %)    240.00 GiB  201.19 GiB     201.19 GiB (83.83 %)

Node        GPU Model                     Compute Usage  Memory Usage   
node0397    NVIDIA A100 80GB PCIe         0 %            1.17 GiB       


Current Per Node Stats -- Oct  4 02:34:55
--------------------------
            CPU Cores                     Memory                        
Node        Requested   Usage             Requested   Current Use    Max Used            
node0397    2           1.00 (49.96 %)    240.00 GiB  201.56 GiB     201.56 GiB (83.99 %)

Node        GPU Model                     Compute Usage  Memory Usage   
node0397    NVIDIA A100 80GB PCIe         0 %            1.17 GiB       


Current Per Node Stats -- Oct  4 02:35:55
--------------------------
            CPU Cores                     Memory                        
Node        Requested   Usage             Requested   Current Use    Max Used            
node0397    2           1.00 (49.96 %)    240.00 GiB  202.00 GiB     202.00 GiB (84.17 %)

Node        GPU Model                     Compute Usage  Memory Usage   
node0397    NVIDIA A100 80GB PCIe         0 %            1.17 GiB       


Current Per Node Stats -- Oct  4 02:36:55
--------------------------
            CPU Cores                     Memory                        
Node        Requested   Usage             Requested   Current Use    Max Used            
node0397    2           1.00 (49.95 %)    240.00 GiB  202.38 GiB     202.38 GiB (84.33 %)

Node        GPU Model                     Compute Usage  Memory Usage   
node0397    NVIDIA A100 80GB PCIe         0 %            1.17 GiB       


Current Per Node Stats -- Oct  4 02:37:55
--------------------------
            CPU Cores                     Memory                        
Node        Requested   Usage             Requested   Current Use    Max Used            
node0397    2           1.00 (49.97 %)    240.00 GiB  202.76 GiB     202.76 GiB (84.48 %)

Node        GPU Model                     Compute Usage  Memory Usage   
node0397    NVIDIA A100 80GB PCIe         0 %            1.17 GiB       


Current Per Node Stats -- Oct  4 02:38:55
--------------------------
            CPU Cores                     Memory                        
Node        Requested   Usage             Requested   Current Use    Max Used            
node0397    2           1.00 (49.96 %)    240.00 GiB  203.19 GiB     203.19 GiB (84.66 %)

Node        GPU Model                     Compute Usage  Memory Usage   
node0397    NVIDIA A100 80GB PCIe         0 %            1.17 GiB       


Current Per Node Stats -- Oct  4 02:39:55
--------------------------
            CPU Cores                     Memory                        
Node        Requested   Usage             Requested   Current Use    Max Used            
node0397    2           1.00 (49.95 %)    240.00 GiB  201.10 GiB     203.50 GiB (84.79 %)

Node        GPU Model                     Compute Usage  Memory Usage   
node0397    NVIDIA A100 80GB PCIe         0 %            1.17 GiB       


Current Per Node Stats -- Oct  4 02:40:55
--------------------------
            CPU Cores                     Memory                        
Node        Requested   Usage             Requested   Current Use    Max Used            
node0397    2           1.00 (49.95 %)    240.00 GiB  201.44 GiB     203.50 GiB (84.79 %)

Node        GPU Model                     Compute Usage  Memory Usage   
node0397    NVIDIA A100 80GB PCIe         0 %            1.17 GiB       


Current Per Node Stats -- Oct  4 02:41:55
--------------------------
            CPU Cores                     Memory                        
Node        Requested   Usage             Requested   Current Use    Max Used            
node0397    2           1.00 (49.92 %)    240.00 GiB  202.00 GiB     203.50 GiB (84.79 %)

Node        GPU Model                     Compute Usage  Memory Usage   
node0397    NVIDIA A100 80GB PCIe         0 %            1.17 GiB       


Current Per Node Stats -- Oct  4 02:42:55
--------------------------
            CPU Cores                     Memory                        
Node        Requested   Usage             Requested   Current Use    Max Used            
node0397    2           0.99 (49.50 %)    240.00 GiB  189.15 GiB     203.50 GiB (84.79 %)

Node        GPU Model                     Compute Usage  Memory Usage   
node0397    NVIDIA A100 80GB PCIe         19 %           1.17 GiB       


Current Per Node Stats -- Oct  4 02:43:55
--------------------------
            CPU Cores                     Memory                        
Node        Requested   Usage             Requested   Current Use    Max Used            
node0397    2           1.00 (49.93 %)    240.00 GiB  193.68 GiB     203.50 GiB (84.79 %)

Node        GPU Model                     Compute Usage  Memory Usage   
node0397    NVIDIA A100 80GB PCIe         0 %            1.17 GiB       


Current Per Node Stats -- Oct  4 02:44:55
--------------------------
            CPU Cores                     Memory                        
Node        Requested   Usage             Requested   Current Use    Max Used            
node0397    2           1.00 (49.96 %)    240.00 GiB  194.05 GiB     203.50 GiB (84.79 %)

Node        GPU Model                     Compute Usage  Memory Usage   
node0397    NVIDIA A100 80GB PCIe         0 %            1.17 GiB       


Current Per Node Stats -- Oct  4 02:45:55
--------------------------
            CPU Cores                     Memory                        
Node        Requested   Usage             Requested   Current Use    Max Used            
node0397    2           1.00 (49.96 %)    240.00 GiB  194.62 GiB     203.50 GiB (84.79 %)

Node        GPU Model                     Compute Usage  Memory Usage   
node0397    NVIDIA A100 80GB PCIe         0 %            1.17 GiB       


Current Per Node Stats -- Oct  4 02:46:55
--------------------------
            CPU Cores                     Memory                        
Node        Requested   Usage             Requested   Current Use    Max Used            
node0397    2           1.00 (49.96 %)    240.00 GiB  195.12 GiB     203.50 GiB (84.79 %)

Node        GPU Model                     Compute Usage  Memory Usage   
node0397    NVIDIA A100 80GB PCIe         0 %            1.17 GiB       


Current Per Node Stats -- Oct  4 02:47:55
--------------------------
            CPU Cores                     Memory                        
Node        Requested   Usage             Requested   Current Use    Max Used            
node0397    2           1.00 (49.96 %)    240.00 GiB  195.62 GiB     203.50 GiB (84.79 %)

Node        GPU Model                     Compute Usage  Memory Usage   
node0397    NVIDIA A100 80GB PCIe         0 %            1.17 GiB       


Current Per Node Stats -- Oct  4 02:48:55
--------------------------
            CPU Cores                     Memory                        
Node        Requested   Usage             Requested   Current Use    Max Used            
node0397    2           1.00 (49.96 %)    240.00 GiB  196.12 GiB     203.50 GiB (84.79 %)

Node        GPU Model                     Compute Usage  Memory Usage   
node0397    NVIDIA A100 80GB PCIe         0 %            1.17 GiB       


Current Per Node Stats -- Oct  4 02:49:55
--------------------------
            CPU Cores                     Memory                        
Node        Requested   Usage             Requested   Current Use    Max Used            
node0397    2           1.00 (49.96 %)    240.00 GiB  196.62 GiB     203.50 GiB (84.79 %)

Node        GPU Model                     Compute Usage  Memory Usage   
node0397    NVIDIA A100 80GB PCIe         0 %            1.17 GiB       


Current Per Node Stats -- Oct  4 02:50:55
--------------------------
            CPU Cores                     Memory                        
Node        Requested   Usage             Requested   Current Use    Max Used            
node0397    2           1.00 (49.97 %)    240.00 GiB  197.06 GiB     203.50 GiB (84.79 %)

Node        GPU Model                     Compute Usage  Memory Usage   
node0397    NVIDIA A100 80GB PCIe         0 %            1.17 GiB       


Current Per Node Stats -- Oct  4 02:51:55
--------------------------
            CPU Cores                     Memory                        
Node        Requested   Usage             Requested   Current Use    Max Used            
node0397    2           1.00 (49.90 %)    240.00 GiB  197.30 GiB     203.50 GiB (84.79 %)

Node        GPU Model                     Compute Usage  Memory Usage   
node0397    NVIDIA A100 80GB PCIe         0 %            1.17 GiB       


Current Per Node Stats -- Oct  4 02:52:55
--------------------------
            CPU Cores                     Memory                        
Node        Requested   Usage             Requested   Current Use    Max Used            
node0397    2           1.00 (49.96 %)    240.00 GiB  197.73 GiB     203.50 GiB (84.79 %)

Node        GPU Model                     Compute Usage  Memory Usage   
node0397    NVIDIA A100 80GB PCIe         0 %            1.17 GiB       


Current Per Node Stats -- Oct  4 02:53:55
--------------------------
            CPU Cores                     Memory                        
Node        Requested   Usage             Requested   Current Use    Max Used            
node0397    2           1.00 (49.97 %)    240.00 GiB  198.23 GiB     203.50 GiB (84.79 %)

Node        GPU Model                     Compute Usage  Memory Usage   
node0397    NVIDIA A100 80GB PCIe         0 %            1.17 GiB       


Current Per Node Stats -- Oct  4 02:54:55
--------------------------
            CPU Cores                     Memory                        
Node        Requested   Usage             Requested   Current Use    Max Used            
node0397    2           1.00 (49.96 %)    240.00 GiB  198.68 GiB     203.50 GiB (84.79 %)

Node        GPU Model                     Compute Usage  Memory Usage   
node0397    NVIDIA A100 80GB PCIe         0 %            1.17 GiB       


Current Per Node Stats -- Oct  4 02:55:55
--------------------------
            CPU Cores                     Memory                        
Node        Requested   Usage             Requested   Current Use    Max Used            
node0397    2           1.00 (49.96 %)    240.00 GiB  199.11 GiB     203.50 GiB (84.79 %)

Node        GPU Model                     Compute Usage  Memory Usage   
node0397    NVIDIA A100 80GB PCIe         0 %            1.17 GiB       


Current Per Node Stats -- Oct  4 02:56:55
--------------------------
            CPU Cores                     Memory                        
Node        Requested   Usage             Requested   Current Use    Max Used            
node0397    2           1.00 (49.95 %)    240.00 GiB  199.61 GiB     203.50 GiB (84.79 %)

Node        GPU Model                     Compute Usage  Memory Usage   
node0397    NVIDIA A100 80GB PCIe         0 %            1.17 GiB       


Current Per Node Stats -- Oct  4 02:57:55
--------------------------
            CPU Cores                     Memory                        
Node        Requested   Usage             Requested   Current Use    Max Used            
node0397    2           1.00 (49.92 %)    240.00 GiB  198.86 GiB     203.50 GiB (84.79 %)

Node        GPU Model                     Compute Usage  Memory Usage   
node0397    NVIDIA A100 80GB PCIe         0 %            1.17 GiB       


Current Per Node Stats -- Oct  4 02:58:55
--------------------------
            CPU Cores                     Memory                        
Node        Requested   Usage             Requested   Current Use    Max Used            
node0397    2           1.00 (49.95 %)    240.00 GiB  199.30 GiB     203.50 GiB (84.79 %)

Node        GPU Model                     Compute Usage  Memory Usage   
node0397    NVIDIA A100 80GB PCIe         0 %            1.17 GiB       


Current Per Node Stats -- Oct  4 02:59:55
--------------------------
            CPU Cores                     Memory                        
Node        Requested   Usage             Requested   Current Use    Max Used            
node0397    2           1.00 (49.96 %)    240.00 GiB  199.74 GiB     203.50 GiB (84.79 %)

Node        GPU Model                     Compute Usage  Memory Usage   
node0397    NVIDIA A100 80GB PCIe         0 %            1.17 GiB       


Current Per Node Stats -- Oct  4 03:00:55
--------------------------
            CPU Cores                     Memory                        
Node        Requested   Usage             Requested   Current Use    Max Used            
node0397    2           1.00 (49.96 %)    240.00 GiB  200.18 GiB     203.50 GiB (84.79 %)

Node        GPU Model                     Compute Usage  Memory Usage   
node0397    NVIDIA A100 80GB PCIe         0 %            1.17 GiB       


Current Per Node Stats -- Oct  4 03:01:55
--------------------------
            CPU Cores                     Memory                        
Node        Requested   Usage             Requested   Current Use    Max Used            
node0397    2           1.00 (49.95 %)    240.00 GiB  200.60 GiB     203.50 GiB (84.79 %)

Node        GPU Model                     Compute Usage  Memory Usage   
node0397    NVIDIA A100 80GB PCIe         0 %            1.17 GiB       


Current Per Node Stats -- Oct  4 03:02:55
--------------------------
            CPU Cores                     Memory                        
Node        Requested   Usage             Requested   Current Use    Max Used            
node0397    2           1.00 (49.95 %)    240.00 GiB  200.97 GiB     203.50 GiB (84.79 %)

Node        GPU Model                     Compute Usage  Memory Usage   
node0397    NVIDIA A100 80GB PCIe         0 %            1.17 GiB       


Current Per Node Stats -- Oct  4 03:03:55
--------------------------
            CPU Cores                     Memory                        
Node        Requested   Usage             Requested   Current Use    Max Used            
node0397    2           1.00 (49.95 %)    240.00 GiB  200.09 GiB     203.50 GiB (84.79 %)

Node        GPU Model                     Compute Usage  Memory Usage   
node0397    NVIDIA A100 80GB PCIe         0 %            1.17 GiB       


Current Per Node Stats -- Oct  4 03:04:55
--------------------------
            CPU Cores                     Memory                        
Node        Requested   Usage             Requested   Current Use    Max Used            
node0397    2           1.00 (49.96 %)    240.00 GiB  200.60 GiB     203.50 GiB (84.79 %)

Node        GPU Model                     Compute Usage  Memory Usage   
node0397    NVIDIA A100 80GB PCIe         0 %            1.17 GiB       


Current Per Node Stats -- Oct  4 03:05:55
--------------------------
            CPU Cores                     Memory                        
Node        Requested   Usage             Requested   Current Use    Max Used            
node0397    2           1.00 (49.96 %)    240.00 GiB  201.03 GiB     203.50 GiB (84.79 %)

Node        GPU Model                     Compute Usage  Memory Usage   
node0397    NVIDIA A100 80GB PCIe         0 %            1.17 GiB       


Current Per Node Stats -- Oct  4 03:06:55
--------------------------
            CPU Cores                     Memory                        
Node        Requested   Usage             Requested   Current Use    Max Used            
node0397    2           1.00 (49.96 %)    240.00 GiB  201.41 GiB     203.50 GiB (84.79 %)

Node        GPU Model                     Compute Usage  Memory Usage   
node0397    NVIDIA A100 80GB PCIe         0 %            1.17 GiB       


Current Per Node Stats -- Oct  4 03:07:55
--------------------------
            CPU Cores                     Memory                        
Node        Requested   Usage             Requested   Current Use    Max Used            
node0397    2           1.00 (49.97 %)    240.00 GiB  201.79 GiB     203.50 GiB (84.79 %)

Node        GPU Model                     Compute Usage  Memory Usage   
node0397    NVIDIA A100 80GB PCIe         0 %            1.17 GiB       


Current Per Node Stats -- Oct  4 03:08:55
--------------------------
            CPU Cores                     Memory                        
Node        Requested   Usage             Requested   Current Use    Max Used            
node0397    2           1.00 (49.96 %)    240.00 GiB  202.22 GiB     203.50 GiB (84.79 %)

Node        GPU Model                     Compute Usage  Memory Usage   
node0397    NVIDIA A100 80GB PCIe         0 %            1.17 GiB       


Current Per Node Stats -- Oct  4 03:09:55
--------------------------
            CPU Cores                     Memory                        
Node        Requested   Usage             Requested   Current Use    Max Used            
node0397    2           1.00 (49.96 %)    240.00 GiB  202.60 GiB     203.50 GiB (84.79 %)

Node        GPU Model                     Compute Usage  Memory Usage   
node0397    NVIDIA A100 80GB PCIe         0 %            1.17 GiB       


Current Per Node Stats -- Oct  4 03:10:55
--------------------------
            CPU Cores                     Memory                        
Node        Requested   Usage             Requested   Current Use    Max Used            
node0397    2           1.00 (49.97 %)    240.00 GiB  202.98 GiB     203.50 GiB (84.79 %)

Node        GPU Model                     Compute Usage  Memory Usage   
node0397    NVIDIA A100 80GB PCIe         0 %            1.17 GiB       


Current Per Node Stats -- Oct  4 03:11:55
--------------------------
            CPU Cores                     Memory                        
Node        Requested   Usage             Requested   Current Use    Max Used            
node0397    2           1.00 (49.97 %)    240.00 GiB  203.35 GiB     203.50 GiB (84.79 %)

Node        GPU Model                     Compute Usage  Memory Usage   
node0397    NVIDIA A100 80GB PCIe         0 %            1.17 GiB       


Current Per Node Stats -- Oct  4 03:12:55
--------------------------
            CPU Cores                     Memory                        
Node        Requested   Usage             Requested   Current Use    Max Used            
node0397    2           1.00 (49.95 %)    240.00 GiB  201.12 GiB     203.56 GiB (84.82 %)

Node        GPU Model                     Compute Usage  Memory Usage   
node0397    NVIDIA A100 80GB PCIe         0 %            1.17 GiB       


Current Per Node Stats -- Oct  4 03:13:55
--------------------------
            CPU Cores                     Memory                        
Node        Requested   Usage             Requested   Current Use    Max Used            
node0397    2           1.00 (49.96 %)    240.00 GiB  201.62 GiB     203.56 GiB (84.82 %)

Node        GPU Model                     Compute Usage  Memory Usage   
node0397    NVIDIA A100 80GB PCIe         0 %            1.17 GiB       


Current Per Node Stats -- Oct  4 03:14:55
--------------------------
            CPU Cores                     Memory                        
Node        Requested   Usage             Requested   Current Use    Max Used            
node0397    2           1.00 (49.96 %)    240.00 GiB  202.25 GiB     203.56 GiB (84.82 %)

Node        GPU Model                     Compute Usage  Memory Usage   
node0397    NVIDIA A100 80GB PCIe         0 %            1.17 GiB       


Current Per Node Stats -- Oct  4 03:15:55
--------------------------
            CPU Cores                     Memory                        
Node        Requested   Usage             Requested   Current Use    Max Used            
node0397    2           0.99 (49.45 %)    240.00 GiB  172.29 GiB     203.56 GiB (84.82 %)

Node        GPU Model                     Compute Usage  Memory Usage   
node0397    NVIDIA A100 80GB PCIe         24 %           1.17 GiB       


Current Per Node Stats -- Oct  4 03:16:55
--------------------------
            CPU Cores                     Memory                        
Node        Requested   Usage             Requested   Current Use    Max Used            
node0397    2           1.00 (49.89 %)    240.00 GiB  172.81 GiB     203.56 GiB (84.82 %)

Node        GPU Model                     Compute Usage  Memory Usage   
node0397    NVIDIA A100 80GB PCIe         20 %           1.17 GiB       


Current Per Node Stats -- Oct  4 03:17:55
--------------------------
            CPU Cores                     Memory                        
Node        Requested   Usage             Requested   Current Use    Max Used            
node0397    2           1.00 (49.89 %)    240.00 GiB  179.46 GiB     203.56 GiB (84.82 %)

Node        GPU Model                     Compute Usage  Memory Usage   
node0397    NVIDIA A100 80GB PCIe         20 %           1.17 GiB       


Current Per Node Stats -- Oct  4 03:18:55
--------------------------
            CPU Cores                     Memory                        
Node        Requested   Usage             Requested   Current Use    Max Used            
node0397    2           1.00 (49.89 %)    240.00 GiB  178.60 GiB     203.56 GiB (84.82 %)

Node        GPU Model                     Compute Usage  Memory Usage   
node0397    NVIDIA A100 80GB PCIe         24 %           1.17 GiB       


Current Per Node Stats -- Oct  4 03:19:55
--------------------------
            CPU Cores                     Memory                        
Node        Requested   Usage             Requested   Current Use    Max Used            
node0397    2           1.00 (49.89 %)    240.00 GiB  174.07 GiB     203.56 GiB (84.82 %)

Node        GPU Model                     Compute Usage  Memory Usage   
node0397    NVIDIA A100 80GB PCIe         20 %           1.17 GiB       


Current Per Node Stats -- Oct  4 03:20:55
--------------------------
            CPU Cores                     Memory                        
Node        Requested   Usage             Requested   Current Use    Max Used            
node0397    2           1.00 (49.89 %)    240.00 GiB  188.37 GiB     203.56 GiB (84.82 %)

Node        GPU Model                     Compute Usage  Memory Usage   
node0397    NVIDIA A100 80GB PCIe         0 %            1.17 GiB       


Current Per Node Stats -- Oct  4 03:21:55
--------------------------
            CPU Cores                     Memory                        
Node        Requested   Usage             Requested   Current Use    Max Used            
node0397    2           1.00 (49.90 %)    240.00 GiB  180.05 GiB     203.56 GiB (84.82 %)

Node        GPU Model                     Compute Usage  Memory Usage   
node0397    NVIDIA A100 80GB PCIe         20 %           1.17 GiB       


Current Per Node Stats -- Oct  4 03:22:55
--------------------------
            CPU Cores                     Memory                        
Node        Requested   Usage             Requested   Current Use    Max Used            
node0397    2           1.00 (49.89 %)    240.00 GiB  186.98 GiB     203.56 GiB (84.82 %)

Node        GPU Model                     Compute Usage  Memory Usage   
node0397    NVIDIA A100 80GB PCIe         20 %           1.17 GiB       


Current Per Node Stats -- Oct  4 03:23:55
--------------------------
            CPU Cores                     Memory                        
Node        Requested   Usage             Requested   Current Use    Max Used            
node0397    2           1.00 (49.96 %)    240.00 GiB  193.24 GiB     203.56 GiB (84.82 %)

Node        GPU Model                     Compute Usage  Memory Usage   
node0397    NVIDIA A100 80GB PCIe         0 %            1.17 GiB       


Current Per Node Stats -- Oct  4 03:24:55
--------------------------
            CPU Cores                     Memory                        
Node        Requested   Usage             Requested   Current Use    Max Used            
node0397    2           1.00 (49.96 %)    240.00 GiB  193.62 GiB     203.56 GiB (84.82 %)

Node        GPU Model                     Compute Usage  Memory Usage   
node0397    NVIDIA A100 80GB PCIe         0 %            1.17 GiB       


Current Per Node Stats -- Oct  4 03:25:55
--------------------------
            CPU Cores                     Memory                        
Node        Requested   Usage             Requested   Current Use    Max Used            
node0397    2           1.00 (49.96 %)    240.00 GiB  194.06 GiB     203.56 GiB (84.82 %)

Node        GPU Model                     Compute Usage  Memory Usage   
node0397    NVIDIA A100 80GB PCIe         0 %            1.17 GiB       


Current Per Node Stats -- Oct  4 03:26:55
--------------------------
            CPU Cores                     Memory                        
Node        Requested   Usage             Requested   Current Use    Max Used            
node0397    2           1.00 (49.96 %)    240.00 GiB  194.50 GiB     203.56 GiB (84.82 %)

Node        GPU Model                     Compute Usage  Memory Usage   
node0397    NVIDIA A100 80GB PCIe         0 %            1.17 GiB       


Current Per Node Stats -- Oct  4 03:27:55
--------------------------
            CPU Cores                     Memory                        
Node        Requested   Usage             Requested   Current Use    Max Used            
node0397    2           1.00 (49.94 %)    240.00 GiB  180.23 GiB     203.56 GiB (84.82 %)

Node        GPU Model                     Compute Usage  Memory Usage   
node0397    NVIDIA A100 80GB PCIe         20 %           1.17 GiB       


Current Per Node Stats -- Oct  4 03:28:55
--------------------------
            CPU Cores                     Memory                        
Node        Requested   Usage             Requested   Current Use    Max Used            
node0397    2           1.00 (49.94 %)    240.00 GiB  191.83 GiB     203.56 GiB (84.82 %)

Node        GPU Model                     Compute Usage  Memory Usage   
node0397    NVIDIA A100 80GB PCIe         0 %            1.17 GiB       


Current Per Node Stats -- Oct  4 03:29:55
--------------------------
            CPU Cores                     Memory                        
Node        Requested   Usage             Requested   Current Use    Max Used            
node0397    2           1.00 (49.96 %)    240.00 GiB  192.37 GiB     203.56 GiB (84.82 %)

Node        GPU Model                     Compute Usage  Memory Usage   
node0397    NVIDIA A100 80GB PCIe         0 %            1.17 GiB       


Current Per Node Stats -- Oct  4 03:30:55
--------------------------
            CPU Cores                     Memory                        
Node        Requested   Usage             Requested   Current Use    Max Used            
node0397    2           1.00 (49.96 %)    240.00 GiB  192.80 GiB     203.56 GiB (84.82 %)

Node        GPU Model                     Compute Usage  Memory Usage   
node0397    NVIDIA A100 80GB PCIe         0 %            1.17 GiB       


Current Per Node Stats -- Oct  4 03:31:55
--------------------------
            CPU Cores                     Memory                        
Node        Requested   Usage             Requested   Current Use    Max Used            
node0397    2           1.00 (49.96 %)    240.00 GiB  193.31 GiB     203.56 GiB (84.82 %)

Node        GPU Model                     Compute Usage  Memory Usage   
node0397    NVIDIA A100 80GB PCIe         0 %            1.17 GiB       


Current Per Node Stats -- Oct  4 03:32:55
--------------------------
            CPU Cores                     Memory                        
Node        Requested   Usage             Requested   Current Use    Max Used            
node0397    2           1.00 (49.92 %)    240.00 GiB  181.92 GiB     203.56 GiB (84.82 %)

Node        GPU Model                     Compute Usage  Memory Usage   
node0397    NVIDIA A100 80GB PCIe         20 %           1.17 GiB       


Current Per Node Stats -- Oct  4 03:33:55
--------------------------
            CPU Cores                     Memory                        
Node        Requested   Usage             Requested   Current Use    Max Used            
node0397    2           1.00 (49.91 %)    240.00 GiB  192.94 GiB     203.56 GiB (84.82 %)

Node        GPU Model                     Compute Usage  Memory Usage   
node0397    NVIDIA A100 80GB PCIe         0 %            1.17 GiB       


Current Per Node Stats -- Oct  4 03:34:55
--------------------------
            CPU Cores                     Memory                        
Node        Requested   Usage             Requested   Current Use    Max Used            
node0397    2           1.00 (49.97 %)    240.00 GiB  193.37 GiB     203.56 GiB (84.82 %)

Node        GPU Model                     Compute Usage  Memory Usage   
node0397    NVIDIA A100 80GB PCIe         0 %            1.17 GiB       


Current Per Node Stats -- Oct  4 03:35:55
--------------------------
            CPU Cores                     Memory                        
Node        Requested   Usage             Requested   Current Use    Max Used            
node0397    2           1.00 (49.96 %)    240.00 GiB  193.81 GiB     203.56 GiB (84.82 %)

Node        GPU Model                     Compute Usage  Memory Usage   
node0397    NVIDIA A100 80GB PCIe         0 %            1.17 GiB       


Current Per Node Stats -- Oct  4 03:36:55
--------------------------
            CPU Cores                     Memory                        
Node        Requested   Usage             Requested   Current Use    Max Used            
node0397    2           1.00 (49.96 %)    240.00 GiB  194.31 GiB     203.56 GiB (84.82 %)

Node        GPU Model                     Compute Usage  Memory Usage   
node0397    NVIDIA A100 80GB PCIe         0 %            1.17 GiB       


Current Per Node Stats -- Oct  4 03:37:55
--------------------------
            CPU Cores                     Memory                        
Node        Requested   Usage             Requested   Current Use    Max Used            
node0397    2           1.00 (49.96 %)    240.00 GiB  194.75 GiB     203.56 GiB (84.82 %)

Node        GPU Model                     Compute Usage  Memory Usage   
node0397    NVIDIA A100 80GB PCIe         0 %            1.17 GiB       


Current Per Node Stats -- Oct  4 03:38:55
--------------------------
            CPU Cores                     Memory                        
Node        Requested   Usage             Requested   Current Use    Max Used            
node0397    2           1.00 (49.96 %)    240.00 GiB  195.19 GiB     203.56 GiB (84.82 %)

Node        GPU Model                     Compute Usage  Memory Usage   
node0397    NVIDIA A100 80GB PCIe         0 %            1.17 GiB       


Current Per Node Stats -- Oct  4 03:39:55
--------------------------
            CPU Cores                     Memory                        
Node        Requested   Usage             Requested   Current Use    Max Used            
node0397    2           1.00 (49.97 %)    240.00 GiB  195.57 GiB     203.56 GiB (84.82 %)

Node        GPU Model                     Compute Usage  Memory Usage   
node0397    NVIDIA A100 80GB PCIe         0 %            1.17 GiB       


Current Per Node Stats -- Oct  4 03:40:55
--------------------------
            CPU Cores                     Memory                        
Node        Requested   Usage             Requested   Current Use    Max Used            
node0397    2           1.00 (49.96 %)    240.00 GiB  187.32 GiB     203.56 GiB (84.82 %)

Node        GPU Model                     Compute Usage  Memory Usage   
node0397    NVIDIA A100 80GB PCIe         23 %           1.17 GiB       


Current Per Node Stats -- Oct  4 03:41:55
--------------------------
            CPU Cores                     Memory                        
Node        Requested   Usage             Requested   Current Use    Max Used            
node0397    2           1.00 (49.92 %)    240.00 GiB  193.03 GiB     203.56 GiB (84.82 %)

Node        GPU Model                     Compute Usage  Memory Usage   
node0397    NVIDIA A100 80GB PCIe         0 %            1.17 GiB       


Current Per Node Stats -- Oct  4 03:42:55
--------------------------
            CPU Cores                     Memory                        
Node        Requested   Usage             Requested   Current Use    Max Used            
node0397    2           1.00 (49.96 %)    240.00 GiB  193.40 GiB     203.56 GiB (84.82 %)

Node        GPU Model                     Compute Usage  Memory Usage   
node0397    NVIDIA A100 80GB PCIe         0 %            1.17 GiB       


Current Per Node Stats -- Oct  4 03:43:55
--------------------------
            CPU Cores                     Memory                        
Node        Requested   Usage             Requested   Current Use    Max Used            
node0397    2           1.00 (49.96 %)    240.00 GiB  193.84 GiB     203.56 GiB (84.82 %)

Node        GPU Model                     Compute Usage  Memory Usage   
node0397    NVIDIA A100 80GB PCIe         0 %            1.17 GiB       


Current Per Node Stats -- Oct  4 03:44:55
--------------------------
            CPU Cores                     Memory                        
Node        Requested   Usage             Requested   Current Use    Max Used            
node0397    2           1.00 (49.96 %)    240.00 GiB  194.28 GiB     203.56 GiB (84.82 %)

Node        GPU Model                     Compute Usage  Memory Usage   
node0397    NVIDIA A100 80GB PCIe         0 %            1.17 GiB       


Current Per Node Stats -- Oct  4 03:45:55
--------------------------
            CPU Cores                     Memory                        
Node        Requested   Usage             Requested   Current Use    Max Used            
node0397    2           1.00 (49.96 %)    240.00 GiB  194.72 GiB     203.56 GiB (84.82 %)

Node        GPU Model                     Compute Usage  Memory Usage   
node0397    NVIDIA A100 80GB PCIe         0 %            1.17 GiB       


Current Per Node Stats -- Oct  4 03:46:55
--------------------------
            CPU Cores                     Memory                        
Node        Requested   Usage             Requested   Current Use    Max Used            
node0397    2           1.00 (49.90 %)    240.00 GiB  193.00 GiB     203.56 GiB (84.82 %)

Node        GPU Model                     Compute Usage  Memory Usage   
node0397    NVIDIA A100 80GB PCIe         0 %            1.17 GiB       


Current Per Node Stats -- Oct  4 03:47:55
--------------------------
            CPU Cores                     Memory                        
Node        Requested   Usage             Requested   Current Use    Max Used            
node0397    2           1.00 (49.96 %)    240.00 GiB  193.44 GiB     203.56 GiB (84.82 %)

Node        GPU Model                     Compute Usage  Memory Usage   
node0397    NVIDIA A100 80GB PCIe         0 %            1.17 GiB       


Current Per Node Stats -- Oct  4 03:48:55
--------------------------
            CPU Cores                     Memory                        
Node        Requested   Usage             Requested   Current Use    Max Used            
node0397    2           1.00 (49.96 %)    240.00 GiB  193.88 GiB     203.56 GiB (84.82 %)

Node        GPU Model                     Compute Usage  Memory Usage   
node0397    NVIDIA A100 80GB PCIe         0 %            1.17 GiB       


Current Per Node Stats -- Oct  4 03:49:55
--------------------------
            CPU Cores                     Memory                        
Node        Requested   Usage             Requested   Current Use    Max Used            
node0397    2           1.00 (49.97 %)    240.00 GiB  194.32 GiB     203.56 GiB (84.82 %)

Node        GPU Model                     Compute Usage  Memory Usage   
node0397    NVIDIA A100 80GB PCIe         0 %            1.17 GiB       


Current Per Node Stats -- Oct  4 03:50:55
--------------------------
            CPU Cores                     Memory                        
Node        Requested   Usage             Requested   Current Use    Max Used            
node0397    2           1.00 (49.96 %)    240.00 GiB  194.78 GiB     203.56 GiB (84.82 %)

Node        GPU Model                     Compute Usage  Memory Usage   
node0397    NVIDIA A100 80GB PCIe         0 %            1.17 GiB       


Current Per Node Stats -- Oct  4 03:51:55
--------------------------
            CPU Cores                     Memory                        
Node        Requested   Usage             Requested   Current Use    Max Used            
node0397    2           1.00 (49.96 %)    240.00 GiB  195.26 GiB     203.56 GiB (84.82 %)

Node        GPU Model                     Compute Usage  Memory Usage   
node0397    NVIDIA A100 80GB PCIe         0 %            1.17 GiB       


Current Per Node Stats -- Oct  4 03:52:55
--------------------------
            CPU Cores                     Memory                        
Node        Requested   Usage             Requested   Current Use    Max Used            
node0397    2           1.00 (49.96 %)    240.00 GiB  195.69 GiB     203.56 GiB (84.82 %)

Node        GPU Model                     Compute Usage  Memory Usage   
node0397    NVIDIA A100 80GB PCIe         0 %            1.17 GiB       


Current Per Node Stats -- Oct  4 03:53:55
--------------------------
            CPU Cores                     Memory                        
Node        Requested   Usage             Requested   Current Use    Max Used            
node0397    2           1.00 (49.93 %)    240.00 GiB  194.37 GiB     203.56 GiB (84.82 %)

Node        GPU Model                     Compute Usage  Memory Usage   
node0397    NVIDIA A100 80GB PCIe         30 %           1.17 GiB       


Current Per Node Stats -- Oct  4 03:54:55
--------------------------
            CPU Cores                     Memory                        
Node        Requested   Usage             Requested   Current Use    Max Used            
node0397    2           1.00 (49.96 %)    240.00 GiB  196.32 GiB     203.56 GiB (84.82 %)

Node        GPU Model                     Compute Usage  Memory Usage   
node0397    NVIDIA A100 80GB PCIe         0 %            1.17 GiB       


Current Per Node Stats -- Oct  4 03:55:55
--------------------------
            CPU Cores                     Memory                        
Node        Requested   Usage             Requested   Current Use    Max Used            
node0397    2           1.00 (49.97 %)    240.00 GiB  196.82 GiB     203.56 GiB (84.82 %)

Node        GPU Model                     Compute Usage  Memory Usage   
node0397    NVIDIA A100 80GB PCIe         0 %            1.17 GiB       


Current Per Node Stats -- Oct  4 03:56:55
--------------------------
            CPU Cores                     Memory                        
Node        Requested   Usage             Requested   Current Use    Max Used            
node0397    2           1.00 (49.95 %)    240.00 GiB  197.33 GiB     203.56 GiB (84.82 %)

Node        GPU Model                     Compute Usage  Memory Usage   
node0397    NVIDIA A100 80GB PCIe         0 %            1.17 GiB       


Current Per Node Stats -- Oct  4 03:57:55
--------------------------
            CPU Cores                     Memory                        
Node        Requested   Usage             Requested   Current Use    Max Used            
node0397    2           1.00 (49.96 %)    240.00 GiB  197.83 GiB     203.56 GiB (84.82 %)

Node        GPU Model                     Compute Usage  Memory Usage   
node0397    NVIDIA A100 80GB PCIe         0 %            1.17 GiB       


Current Per Node Stats -- Oct  4 03:58:55
--------------------------
            CPU Cores                     Memory                        
Node        Requested   Usage             Requested   Current Use    Max Used            
node0397    2           1.00 (49.96 %)    240.00 GiB  198.27 GiB     203.56 GiB (84.82 %)

Node        GPU Model                     Compute Usage  Memory Usage   
node0397    NVIDIA A100 80GB PCIe         0 %            1.17 GiB       


Current Per Node Stats -- Oct  4 03:59:55
--------------------------
            CPU Cores                     Memory                        
Node        Requested   Usage             Requested   Current Use    Max Used            
node0397    2           1.00 (49.97 %)    240.00 GiB  197.38 GiB     203.56 GiB (84.82 %)

Node        GPU Model                     Compute Usage  Memory Usage   
node0397    NVIDIA A100 80GB PCIe         0 %            1.17 GiB       


Current Per Node Stats -- Oct  4 04:00:55
--------------------------
            CPU Cores                     Memory                        
Node        Requested   Usage             Requested   Current Use    Max Used            
node0397    2           1.00 (49.96 %)    240.00 GiB  197.76 GiB     203.56 GiB (84.82 %)

Node        GPU Model                     Compute Usage  Memory Usage   
node0397    NVIDIA A100 80GB PCIe         0 %            1.17 GiB       


Current Per Node Stats -- Oct  4 04:01:55
--------------------------
            CPU Cores                     Memory                        
Node        Requested   Usage             Requested   Current Use    Max Used            
node0397    2           1.00 (49.96 %)    240.00 GiB  198.20 GiB     203.56 GiB (84.82 %)

Node        GPU Model                     Compute Usage  Memory Usage   
node0397    NVIDIA A100 80GB PCIe         0 %            1.17 GiB       


Current Per Node Stats -- Oct  4 04:02:55
--------------------------
            CPU Cores                     Memory                        
Node        Requested   Usage             Requested   Current Use    Max Used            
node0397    2           1.00 (49.95 %)    240.00 GiB  198.64 GiB     203.56 GiB (84.82 %)

Node        GPU Model                     Compute Usage  Memory Usage   
node0397    NVIDIA A100 80GB PCIe         0 %            1.17 GiB       


Current Per Node Stats -- Oct  4 04:03:55
--------------------------
            CPU Cores                     Memory                        
Node        Requested   Usage             Requested   Current Use    Max Used            
node0397    2           1.00 (49.96 %)    240.00 GiB  199.08 GiB     203.56 GiB (84.82 %)

Node        GPU Model                     Compute Usage  Memory Usage   
node0397    NVIDIA A100 80GB PCIe         0 %            1.17 GiB       


Current Per Node Stats -- Oct  4 04:04:55
--------------------------
            CPU Cores                     Memory                        
Node        Requested   Usage             Requested   Current Use    Max Used            
node0397    2           1.00 (49.97 %)    240.00 GiB  199.51 GiB     203.56 GiB (84.82 %)

Node        GPU Model                     Compute Usage  Memory Usage   
node0397    NVIDIA A100 80GB PCIe         0 %            1.17 GiB       


Current Per Node Stats -- Oct  4 04:05:55
--------------------------
            CPU Cores                     Memory                        
Node        Requested   Usage             Requested   Current Use    Max Used            
node0397    2           1.00 (49.95 %)    240.00 GiB  198.69 GiB     203.56 GiB (84.82 %)

Node        GPU Model                     Compute Usage  Memory Usage   
node0397    NVIDIA A100 80GB PCIe         0 %            1.17 GiB       


Current Per Node Stats -- Oct  4 04:06:55
--------------------------
            CPU Cores                     Memory                        
Node        Requested   Usage             Requested   Current Use    Max Used            
node0397    2           1.00 (49.96 %)    240.00 GiB  199.13 GiB     203.56 GiB (84.82 %)

Node        GPU Model                     Compute Usage  Memory Usage   
node0397    NVIDIA A100 80GB PCIe         0 %            1.17 GiB       


Current Per Node Stats -- Oct  4 04:07:55
--------------------------
            CPU Cores                     Memory                        
Node        Requested   Usage             Requested   Current Use    Max Used            
node0397    2           1.00 (49.96 %)    240.00 GiB  199.57 GiB     203.56 GiB (84.82 %)

Node        GPU Model                     Compute Usage  Memory Usage   
node0397    NVIDIA A100 80GB PCIe         0 %            1.17 GiB       


Current Per Node Stats -- Oct  4 04:08:55
--------------------------
            CPU Cores                     Memory                        
Node        Requested   Usage             Requested   Current Use    Max Used            
node0397    2           1.00 (49.96 %)    240.00 GiB  200.07 GiB     203.56 GiB (84.82 %)

Node        GPU Model                     Compute Usage  Memory Usage   
node0397    NVIDIA A100 80GB PCIe         0 %            1.17 GiB       


Current Per Node Stats -- Oct  4 04:09:55
--------------------------
            CPU Cores                     Memory                        
Node        Requested   Usage             Requested   Current Use    Max Used            
node0397    2           1.00 (49.96 %)    240.00 GiB  200.45 GiB     203.56 GiB (84.82 %)

Node        GPU Model                     Compute Usage  Memory Usage   
node0397    NVIDIA A100 80GB PCIe         0 %            1.17 GiB       


Current Per Node Stats -- Oct  4 04:10:55
--------------------------
            CPU Cores                     Memory                        
Node        Requested   Usage             Requested   Current Use    Max Used            
node0397    2           1.00 (49.96 %)    240.00 GiB  200.82 GiB     203.56 GiB (84.82 %)

Node        GPU Model                     Compute Usage  Memory Usage   
node0397    NVIDIA A100 80GB PCIe         0 %            1.17 GiB       


Current Per Node Stats -- Oct  4 04:11:55
--------------------------
            CPU Cores                     Memory                        
Node        Requested   Usage             Requested   Current Use    Max Used            
node0397    2           1.00 (49.95 %)    240.00 GiB  201.26 GiB     203.56 GiB (84.82 %)

Node        GPU Model                     Compute Usage  Memory Usage   
node0397    NVIDIA A100 80GB PCIe         0 %            1.17 GiB       


Current Per Node Stats -- Oct  4 04:12:55
--------------------------
            CPU Cores                     Memory                        
Node        Requested   Usage             Requested   Current Use    Max Used            
node0397    2           1.00 (49.97 %)    240.00 GiB  201.56 GiB     203.56 GiB (84.82 %)

Node        GPU Model                     Compute Usage  Memory Usage   
node0397    NVIDIA A100 80GB PCIe         0 %            1.17 GiB       


Current Per Node Stats -- Oct  4 04:13:55
--------------------------
            CPU Cores                     Memory                        
Node        Requested   Usage             Requested   Current Use    Max Used            
node0397    2           1.00 (49.97 %)    240.00 GiB  201.94 GiB     203.56 GiB (84.82 %)

Node        GPU Model                     Compute Usage  Memory Usage   
node0397    NVIDIA A100 80GB PCIe         0 %            1.17 GiB       


Current Per Node Stats -- Oct  4 04:14:55
--------------------------
            CPU Cores                     Memory                        
Node        Requested   Usage             Requested   Current Use    Max Used            
node0397    2           1.00 (49.97 %)    240.00 GiB  199.86 GiB     203.56 GiB (84.82 %)

Node        GPU Model                     Compute Usage  Memory Usage   
node0397    NVIDIA A100 80GB PCIe         0 %            1.17 GiB       


Current Per Node Stats -- Oct  4 04:15:55
--------------------------
            CPU Cores                     Memory                        
Node        Requested   Usage             Requested   Current Use    Max Used            
node0397    2           1.00 (49.96 %)    240.00 GiB  200.14 GiB     203.56 GiB (84.82 %)

Node        GPU Model                     Compute Usage  Memory Usage   
node0397    NVIDIA A100 80GB PCIe         0 %            1.17 GiB       


Current Per Node Stats -- Oct  4 04:16:55
--------------------------
            CPU Cores                     Memory                        
Node        Requested   Usage             Requested   Current Use    Max Used            
node0397    2           1.00 (49.96 %)    240.00 GiB  200.64 GiB     203.56 GiB (84.82 %)

Node        GPU Model                     Compute Usage  Memory Usage   
node0397    NVIDIA A100 80GB PCIe         0 %            1.17 GiB       


Current Per Node Stats -- Oct  4 04:17:55
--------------------------
            CPU Cores                     Memory                        
Node        Requested   Usage             Requested   Current Use    Max Used            
node0397    2           1.00 (49.94 %)    240.00 GiB  188.09 GiB     203.56 GiB (84.82 %)

Node        GPU Model                     Compute Usage  Memory Usage   
node0397    NVIDIA A100 80GB PCIe         28 %           1.17 GiB       


Current Per Node Stats -- Oct  4 04:18:55
--------------------------
            CPU Cores                     Memory                        
Node        Requested   Usage             Requested   Current Use    Max Used            
node0397    2           1.00 (49.95 %)    240.00 GiB  193.18 GiB     203.56 GiB (84.82 %)

Node        GPU Model                     Compute Usage  Memory Usage   
node0397    NVIDIA A100 80GB PCIe         0 %            1.17 GiB       


Current Per Node Stats -- Oct  4 04:19:55
--------------------------
            CPU Cores                     Memory                        
Node        Requested   Usage             Requested   Current Use    Max Used            
node0397    2           1.00 (49.96 %)    240.00 GiB  193.62 GiB     203.56 GiB (84.82 %)

Node        GPU Model                     Compute Usage  Memory Usage   
node0397    NVIDIA A100 80GB PCIe         0 %            1.17 GiB       


Current Per Node Stats -- Oct  4 04:20:55
--------------------------
            CPU Cores                     Memory                        
Node        Requested   Usage             Requested   Current Use    Max Used            
node0397    2           1.00 (49.95 %)    240.00 GiB  194.06 GiB     203.56 GiB (84.82 %)

Node        GPU Model                     Compute Usage  Memory Usage   
node0397    NVIDIA A100 80GB PCIe         0 %            1.17 GiB       


Current Per Node Stats -- Oct  4 04:21:55
--------------------------
            CPU Cores                     Memory                        
Node        Requested   Usage             Requested   Current Use    Max Used            
node0397    2           1.00 (49.97 %)    240.00 GiB  194.50 GiB     203.56 GiB (84.82 %)

Node        GPU Model                     Compute Usage  Memory Usage   
node0397    NVIDIA A100 80GB PCIe         0 %            1.17 GiB       


Current Per Node Stats -- Oct  4 04:22:55
--------------------------
            CPU Cores                     Memory                        
Node        Requested   Usage             Requested   Current Use    Max Used            
node0397    2           1.00 (49.96 %)    240.00 GiB  195.00 GiB     203.56 GiB (84.82 %)

Node        GPU Model                     Compute Usage  Memory Usage   
node0397    NVIDIA A100 80GB PCIe         0 %            1.17 GiB       


Current Per Node Stats -- Oct  4 04:23:55
--------------------------
            CPU Cores                     Memory                        
Node        Requested   Usage             Requested   Current Use    Max Used            
node0397    2           1.00 (49.96 %)    240.00 GiB  195.50 GiB     203.56 GiB (84.82 %)

Node        GPU Model                     Compute Usage  Memory Usage   
node0397    NVIDIA A100 80GB PCIe         0 %            1.17 GiB       


Current Per Node Stats -- Oct  4 04:24:55
--------------------------
            CPU Cores                     Memory                        
Node        Requested   Usage             Requested   Current Use    Max Used            
node0397    2           1.00 (49.97 %)    240.00 GiB  195.94 GiB     203.56 GiB (84.82 %)

Node        GPU Model                     Compute Usage  Memory Usage   
node0397    NVIDIA A100 80GB PCIe         0 %            1.17 GiB       


Current Per Node Stats -- Oct  4 04:25:55
--------------------------
            CPU Cores                     Memory                        
Node        Requested   Usage             Requested   Current Use    Max Used            
node0397    2           1.00 (49.92 %)    240.00 GiB  196.07 GiB     203.56 GiB (84.82 %)

Node        GPU Model                     Compute Usage  Memory Usage   
node0397    NVIDIA A100 80GB PCIe         0 %            1.17 GiB       


Current Per Node Stats -- Oct  4 04:26:55
--------------------------
            CPU Cores                     Memory                        
Node        Requested   Usage             Requested   Current Use    Max Used            
node0397    2           1.00 (49.97 %)    240.00 GiB  196.57 GiB     203.56 GiB (84.82 %)

Node        GPU Model                     Compute Usage  Memory Usage   
node0397    NVIDIA A100 80GB PCIe         0 %            1.17 GiB       


Current Per Node Stats -- Oct  4 04:27:55
--------------------------
            CPU Cores                     Memory                        
Node        Requested   Usage             Requested   Current Use    Max Used            
node0397    2           1.00 (49.96 %)    240.00 GiB  197.01 GiB     203.56 GiB (84.82 %)

Node        GPU Model                     Compute Usage  Memory Usage   
node0397    NVIDIA A100 80GB PCIe         0 %            1.17 GiB       


Current Per Node Stats -- Oct  4 04:28:55
--------------------------
            CPU Cores                     Memory                        
Node        Requested   Usage             Requested   Current Use    Max Used            
node0397    2           1.00 (49.96 %)    240.00 GiB  197.45 GiB     203.56 GiB (84.82 %)

Node        GPU Model                     Compute Usage  Memory Usage   
node0397    NVIDIA A100 80GB PCIe         0 %            1.17 GiB       


Current Per Node Stats -- Oct  4 04:29:55
--------------------------
            CPU Cores                     Memory                        
Node        Requested   Usage             Requested   Current Use    Max Used            
node0397    2           1.00 (49.96 %)    240.00 GiB  197.95 GiB     203.56 GiB (84.82 %)

Node        GPU Model                     Compute Usage  Memory Usage   
node0397    NVIDIA A100 80GB PCIe         0 %            1.17 GiB       


Current Per Node Stats -- Oct  4 04:30:55
--------------------------
            CPU Cores                     Memory                        
Node        Requested   Usage             Requested   Current Use    Max Used            
node0397    2           1.00 (49.97 %)    240.00 GiB  198.39 GiB     203.56 GiB (84.82 %)

Node        GPU Model                     Compute Usage  Memory Usage   
node0397    NVIDIA A100 80GB PCIe         0 %            1.17 GiB       


Current Per Node Stats -- Oct  4 04:31:55
--------------------------
            CPU Cores                     Memory                        
Node        Requested   Usage             Requested   Current Use    Max Used            
node0397    2           1.00 (49.96 %)    240.00 GiB  197.63 GiB     203.56 GiB (84.82 %)

Node        GPU Model                     Compute Usage  Memory Usage   
node0397    NVIDIA A100 80GB PCIe         0 %            1.17 GiB       


Current Per Node Stats -- Oct  4 04:32:55
--------------------------
            CPU Cores                     Memory                        
Node        Requested   Usage             Requested   Current Use    Max Used            
node0397    2           1.00 (49.90 %)    240.00 GiB  198.07 GiB     203.56 GiB (84.82 %)

Node        GPU Model                     Compute Usage  Memory Usage   
node0397    NVIDIA A100 80GB PCIe         0 %            1.17 GiB       


Current Per Node Stats -- Oct  4 04:33:55
--------------------------
            CPU Cores                     Memory                        
Node        Requested   Usage             Requested   Current Use    Max Used            
node0397    2           1.00 (49.96 %)    240.00 GiB  198.57 GiB     203.56 GiB (84.82 %)

Node        GPU Model                     Compute Usage  Memory Usage   
node0397    NVIDIA A100 80GB PCIe         0 %            1.17 GiB       


Current Per Node Stats -- Oct  4 04:34:55
--------------------------
            CPU Cores                     Memory                        
Node        Requested   Usage             Requested   Current Use    Max Used            
node0397    2           1.00 (49.96 %)    240.00 GiB  199.01 GiB     203.56 GiB (84.82 %)

Node        GPU Model                     Compute Usage  Memory Usage   
node0397    NVIDIA A100 80GB PCIe         0 %            1.17 GiB       


Current Per Node Stats -- Oct  4 04:35:55
--------------------------
            CPU Cores                     Memory                        
Node        Requested   Usage             Requested   Current Use    Max Used            
node0397    2           1.00 (49.96 %)    240.00 GiB  199.51 GiB     203.56 GiB (84.82 %)

Node        GPU Model                     Compute Usage  Memory Usage   
node0397    NVIDIA A100 80GB PCIe         0 %            1.17 GiB       


Current Per Node Stats -- Oct  4 04:36:55
--------------------------
            CPU Cores                     Memory                        
Node        Requested   Usage             Requested   Current Use    Max Used            
node0397    2           1.00 (49.96 %)    240.00 GiB  198.69 GiB     203.56 GiB (84.82 %)

Node        GPU Model                     Compute Usage  Memory Usage   
node0397    NVIDIA A100 80GB PCIe         0 %            1.17 GiB       


Current Per Node Stats -- Oct  4 04:37:55
--------------------------
            CPU Cores                     Memory                        
Node        Requested   Usage             Requested   Current Use    Max Used            
node0397    2           1.00 (49.96 %)    240.00 GiB  199.13 GiB     203.56 GiB (84.82 %)

Node        GPU Model                     Compute Usage  Memory Usage   
node0397    NVIDIA A100 80GB PCIe         0 %            1.17 GiB       


Current Per Node Stats -- Oct  4 04:38:55
--------------------------
            CPU Cores                     Memory                        
Node        Requested   Usage             Requested   Current Use    Max Used            
node0397    2           1.00 (49.96 %)    240.00 GiB  199.57 GiB     203.56 GiB (84.82 %)

Node        GPU Model                     Compute Usage  Memory Usage   
node0397    NVIDIA A100 80GB PCIe         0 %            1.17 GiB       


Current Per Node Stats -- Oct  4 04:39:55
--------------------------
            CPU Cores                     Memory                        
Node        Requested   Usage             Requested   Current Use    Max Used            
node0397    2           1.00 (49.96 %)    240.00 GiB  200.00 GiB     203.56 GiB (84.82 %)

Node        GPU Model                     Compute Usage  Memory Usage   
node0397    NVIDIA A100 80GB PCIe         0 %            1.17 GiB       


Current Per Node Stats -- Oct  4 04:40:55
--------------------------
            CPU Cores                     Memory                        
Node        Requested   Usage             Requested   Current Use    Max Used            
node0397    2           1.00 (49.96 %)    240.00 GiB  200.51 GiB     203.56 GiB (84.82 %)

Node        GPU Model                     Compute Usage  Memory Usage   
node0397    NVIDIA A100 80GB PCIe         0 %            1.17 GiB       


Current Per Node Stats -- Oct  4 04:41:55
--------------------------
            CPU Cores                     Memory                        
Node        Requested   Usage             Requested   Current Use    Max Used            
node0397    2           1.00 (49.93 %)    240.00 GiB  200.87 GiB     203.56 GiB (84.82 %)

Node        GPU Model                     Compute Usage  Memory Usage   
node0397    NVIDIA A100 80GB PCIe         0 %            1.17 GiB       


Current Per Node Stats -- Oct  4 04:42:55
--------------------------
            CPU Cores                     Memory                        
Node        Requested   Usage             Requested   Current Use    Max Used            
node0397    2           1.00 (49.96 %)    240.00 GiB  201.25 GiB     203.56 GiB (84.82 %)

Node        GPU Model                     Compute Usage  Memory Usage   
node0397    NVIDIA A100 80GB PCIe         0 %            1.17 GiB       


Current Per Node Stats -- Oct  4 04:43:55
--------------------------
            CPU Cores                     Memory                        
Node        Requested   Usage             Requested   Current Use    Max Used            
node0397    2           1.00 (49.97 %)    240.00 GiB  201.62 GiB     203.56 GiB (84.82 %)

Node        GPU Model                     Compute Usage  Memory Usage   
node0397    NVIDIA A100 80GB PCIe         0 %            1.17 GiB       


Current Per Node Stats -- Oct  4 04:44:55
--------------------------
            CPU Cores                     Memory                        
Node        Requested   Usage             Requested   Current Use    Max Used            
node0397    2           1.00 (49.96 %)    240.00 GiB  202.00 GiB     203.56 GiB (84.82 %)

Node        GPU Model                     Compute Usage  Memory Usage   
node0397    NVIDIA A100 80GB PCIe         0 %            1.17 GiB       


Current Per Node Stats -- Oct  4 04:45:55
--------------------------
            CPU Cores                     Memory                        
Node        Requested   Usage             Requested   Current Use    Max Used            
node0397    2           1.00 (49.95 %)    240.00 GiB  199.86 GiB     203.56 GiB (84.82 %)

Node        GPU Model                     Compute Usage  Memory Usage   
node0397    NVIDIA A100 80GB PCIe         0 %            1.17 GiB       


Current Per Node Stats -- Oct  4 04:46:55
--------------------------
            CPU Cores                     Memory                        
Node        Requested   Usage             Requested   Current Use    Max Used            
node0397    2           1.00 (49.94 %)    240.00 GiB  200.27 GiB     203.56 GiB (84.82 %)

Node        GPU Model                     Compute Usage  Memory Usage   
node0397    NVIDIA A100 80GB PCIe         0 %            1.17 GiB       


Current Per Node Stats -- Oct  4 04:47:55
--------------------------
            CPU Cores                     Memory                        
Node        Requested   Usage             Requested   Current Use    Max Used            
node0397    2           1.00 (49.96 %)    240.00 GiB  200.77 GiB     203.56 GiB (84.82 %)

Node        GPU Model                     Compute Usage  Memory Usage   
node0397    NVIDIA A100 80GB PCIe         0 %            1.17 GiB       


Current Per Node Stats -- Oct  4 04:48:55
--------------------------
            CPU Cores                     Memory                        
Node        Requested   Usage             Requested   Current Use    Max Used            
node0397    2           0.99 (49.54 %)    240.00 GiB  194.16 GiB     203.56 GiB (84.82 %)

Node        GPU Model                     Compute Usage  Memory Usage   
node0397    NVIDIA A100 80GB PCIe         0 %            1.17 GiB       


Current Per Node Stats -- Oct  4 04:49:55
--------------------------
            CPU Cores                     Memory                        
Node        Requested   Usage             Requested   Current Use    Max Used            
node0397    2           1.00 (49.96 %)    240.00 GiB  194.60 GiB     203.56 GiB (84.82 %)

Node        GPU Model                     Compute Usage  Memory Usage   
node0397    NVIDIA A100 80GB PCIe         0 %            1.17 GiB       


Current Per Node Stats -- Oct  4 04:50:55
--------------------------
            CPU Cores                     Memory                        
Node        Requested   Usage             Requested   Current Use    Max Used            
node0397    2           1.00 (49.96 %)    240.00 GiB  195.03 GiB     203.56 GiB (84.82 %)

Node        GPU Model                     Compute Usage  Memory Usage   
node0397    NVIDIA A100 80GB PCIe         0 %            1.17 GiB       


Current Per Node Stats -- Oct  4 04:51:55
--------------------------
            CPU Cores                     Memory                        
Node        Requested   Usage             Requested   Current Use    Max Used            
node0397    2           1.00 (49.96 %)    240.00 GiB  195.53 GiB     203.56 GiB (84.82 %)

Node        GPU Model                     Compute Usage  Memory Usage   
node0397    NVIDIA A100 80GB PCIe         0 %            1.17 GiB       


Current Per Node Stats -- Oct  4 04:52:55
--------------------------
            CPU Cores                     Memory                        
Node        Requested   Usage             Requested   Current Use    Max Used            
node0397    2           1.00 (49.96 %)    240.00 GiB  195.97 GiB     203.56 GiB (84.82 %)

Node        GPU Model                     Compute Usage  Memory Usage   
node0397    NVIDIA A100 80GB PCIe         0 %            1.17 GiB       


Current Per Node Stats -- Oct  4 04:53:55
--------------------------
            CPU Cores                     Memory                        
Node        Requested   Usage             Requested   Current Use    Max Used            
node0397    2           1.00 (49.96 %)    240.00 GiB  196.41 GiB     203.56 GiB (84.82 %)

Node        GPU Model                     Compute Usage  Memory Usage   
node0397    NVIDIA A100 80GB PCIe         0 %            1.17 GiB       


Current Per Node Stats -- Oct  4 04:54:55
--------------------------
            CPU Cores                     Memory                        
Node        Requested   Usage             Requested   Current Use    Max Used            
node0397    2           1.00 (49.96 %)    240.00 GiB  196.85 GiB     203.56 GiB (84.82 %)

Node        GPU Model                     Compute Usage  Memory Usage   
node0397    NVIDIA A100 80GB PCIe         0 %            1.17 GiB       


Current Per Node Stats -- Oct  4 04:55:55
--------------------------
            CPU Cores                     Memory                        
Node        Requested   Usage             Requested   Current Use    Max Used            
node0397    2           1.00 (49.96 %)    240.00 GiB  194.76 GiB     203.56 GiB (84.82 %)

Node        GPU Model                     Compute Usage  Memory Usage   
node0397    NVIDIA A100 80GB PCIe         31 %           1.17 GiB       


Current Per Node Stats -- Oct  4 04:56:55
--------------------------
            CPU Cores                     Memory                        
Node        Requested   Usage             Requested   Current Use    Max Used            
node0397    2           1.00 (49.93 %)    240.00 GiB  197.48 GiB     203.56 GiB (84.82 %)

Node        GPU Model                     Compute Usage  Memory Usage   
node0397    NVIDIA A100 80GB PCIe         0 %            1.17 GiB       


Current Per Node Stats -- Oct  4 04:57:55
--------------------------
            CPU Cores                     Memory                        
Node        Requested   Usage             Requested   Current Use    Max Used            
node0397    2           1.00 (49.96 %)    240.00 GiB  197.98 GiB     203.56 GiB (84.82 %)

Node        GPU Model                     Compute Usage  Memory Usage   
node0397    NVIDIA A100 80GB PCIe         0 %            1.17 GiB       


Current Per Node Stats -- Oct  4 04:58:55
--------------------------
            CPU Cores                     Memory                        
Node        Requested   Usage             Requested   Current Use    Max Used            
node0397    2           1.00 (49.97 %)    240.00 GiB  198.42 GiB     203.56 GiB (84.82 %)

Node        GPU Model                     Compute Usage  Memory Usage   
node0397    NVIDIA A100 80GB PCIe         0 %            1.17 GiB       


Current Per Node Stats -- Oct  4 04:59:55
--------------------------
            CPU Cores                     Memory                        
Node        Requested   Usage             Requested   Current Use    Max Used            
node0397    2           1.00 (49.96 %)    240.00 GiB  198.86 GiB     203.56 GiB (84.82 %)

Node        GPU Model                     Compute Usage  Memory Usage   
node0397    NVIDIA A100 80GB PCIe         0 %            1.17 GiB       


Current Per Node Stats -- Oct  4 05:00:55
--------------------------
            CPU Cores                     Memory                        
Node        Requested   Usage             Requested   Current Use    Max Used            
node0397    2           1.00 (49.96 %)    240.00 GiB  199.30 GiB     203.56 GiB (84.82 %)

Node        GPU Model                     Compute Usage  Memory Usage   
node0397    NVIDIA A100 80GB PCIe         0 %            1.17 GiB       


Current Per Node Stats -- Oct  4 05:01:55
--------------------------
            CPU Cores                     Memory                        
Node        Requested   Usage             Requested   Current Use    Max Used            
node0397    2           1.00 (49.95 %)    240.00 GiB  199.74 GiB     203.56 GiB (84.82 %)

Node        GPU Model                     Compute Usage  Memory Usage   
node0397    NVIDIA A100 80GB PCIe         0 %            1.17 GiB       


Current Per Node Stats -- Oct  4 05:02:55
--------------------------
            CPU Cores                     Memory                        
Node        Requested   Usage             Requested   Current Use    Max Used            
node0397    2           1.00 (49.95 %)    240.00 GiB  198.92 GiB     203.56 GiB (84.82 %)

Node        GPU Model                     Compute Usage  Memory Usage   
node0397    NVIDIA A100 80GB PCIe         0 %            1.17 GiB       


Current Per Node Stats -- Oct  4 05:03:55
--------------------------
            CPU Cores                     Memory                        
Node        Requested   Usage             Requested   Current Use    Max Used            
node0397    2           1.00 (49.97 %)    240.00 GiB  199.36 GiB     203.56 GiB (84.82 %)

Node        GPU Model                     Compute Usage  Memory Usage   
node0397    NVIDIA A100 80GB PCIe         0 %            1.17 GiB       


Current Per Node Stats -- Oct  4 05:04:55
--------------------------
            CPU Cores                     Memory                        
Node        Requested   Usage             Requested   Current Use    Max Used            
node0397    2           1.00 (49.96 %)    240.00 GiB  199.80 GiB     203.56 GiB (84.82 %)

Node        GPU Model                     Compute Usage  Memory Usage   
node0397    NVIDIA A100 80GB PCIe         0 %            1.17 GiB       


Current Per Node Stats -- Oct  4 05:05:55
--------------------------
            CPU Cores                     Memory                        
Node        Requested   Usage             Requested   Current Use    Max Used            
node0397    2           1.00 (49.96 %)    240.00 GiB  200.30 GiB     203.56 GiB (84.82 %)

Node        GPU Model                     Compute Usage  Memory Usage   
node0397    NVIDIA A100 80GB PCIe         0 %            1.17 GiB       


Current Per Node Stats -- Oct  4 05:06:55
--------------------------
            CPU Cores                     Memory                        
Node        Requested   Usage             Requested   Current Use    Max Used            
node0397    2           1.00 (49.93 %)    240.00 GiB  200.71 GiB     203.56 GiB (84.82 %)

Node        GPU Model                     Compute Usage  Memory Usage   
node0397    NVIDIA A100 80GB PCIe         0 %            1.17 GiB       


Current Per Node Stats -- Oct  4 05:07:55
--------------------------
            CPU Cores                     Memory                        
Node        Requested   Usage             Requested   Current Use    Max Used            
node0397    2           1.00 (49.96 %)    240.00 GiB  199.83 GiB     203.56 GiB (84.82 %)

Node        GPU Model                     Compute Usage  Memory Usage   
node0397    NVIDIA A100 80GB PCIe         0 %            1.17 GiB       


Current Per Node Stats -- Oct  4 05:08:55
--------------------------
            CPU Cores                     Memory                        
Node        Requested   Usage             Requested   Current Use    Max Used            
node0397    2           1.00 (49.96 %)    240.00 GiB  200.20 GiB     203.56 GiB (84.82 %)

Node        GPU Model                     Compute Usage  Memory Usage   
node0397    NVIDIA A100 80GB PCIe         0 %            1.17 GiB       


Current Per Node Stats -- Oct  4 05:09:55
--------------------------
            CPU Cores                     Memory                        
Node        Requested   Usage             Requested   Current Use    Max Used            
node0397    2           1.00 (49.96 %)    240.00 GiB  200.64 GiB     203.56 GiB (84.82 %)

Node        GPU Model                     Compute Usage  Memory Usage   
node0397    NVIDIA A100 80GB PCIe         0 %            1.17 GiB       


Current Per Node Stats -- Oct  4 05:10:55
--------------------------
            CPU Cores                     Memory                        
Node        Requested   Usage             Requested   Current Use    Max Used            
node0397    2           1.00 (49.96 %)    240.00 GiB  201.14 GiB     203.56 GiB (84.82 %)

Node        GPU Model                     Compute Usage  Memory Usage   
node0397    NVIDIA A100 80GB PCIe         0 %            1.17 GiB       


Current Per Node Stats -- Oct  4 05:11:55
--------------------------
            CPU Cores                     Memory                        
Node        Requested   Usage             Requested   Current Use    Max Used            
node0397    2           1.00 (49.96 %)    240.00 GiB  201.52 GiB     203.56 GiB (84.82 %)

Node        GPU Model                     Compute Usage  Memory Usage   
node0397    NVIDIA A100 80GB PCIe         0 %            1.17 GiB       


Current Per Node Stats -- Oct  4 05:12:55
--------------------------
            CPU Cores                     Memory                        
Node        Requested   Usage             Requested   Current Use    Max Used            
node0397    2           1.00 (49.97 %)    240.00 GiB  201.89 GiB     203.56 GiB (84.82 %)

Node        GPU Model                     Compute Usage  Memory Usage   
node0397    NVIDIA A100 80GB PCIe         0 %            1.17 GiB       


Current Per Node Stats -- Oct  4 05:13:55
--------------------------
            CPU Cores                     Memory                        
Node        Requested   Usage             Requested   Current Use    Max Used            
node0397    2           1.00 (49.96 %)    240.00 GiB  202.27 GiB     203.56 GiB (84.82 %)

Node        GPU Model                     Compute Usage  Memory Usage   
node0397    NVIDIA A100 80GB PCIe         0 %            1.17 GiB       


Current Per Node Stats -- Oct  4 05:14:55
--------------------------
            CPU Cores                     Memory                        
Node        Requested   Usage             Requested   Current Use    Max Used            
node0397    2           1.00 (49.96 %)    240.00 GiB  202.65 GiB     203.56 GiB (84.82 %)

Node        GPU Model                     Compute Usage  Memory Usage   
node0397    NVIDIA A100 80GB PCIe         0 %            1.17 GiB       


Current Per Node Stats -- Oct  4 05:15:55
--------------------------
            CPU Cores                     Memory                        
Node        Requested   Usage             Requested   Current Use    Max Used            
node0397    2           1.00 (49.97 %)    240.00 GiB  203.02 GiB     203.56 GiB (84.82 %)

Node        GPU Model                     Compute Usage  Memory Usage   
node0397    NVIDIA A100 80GB PCIe         0 %            1.17 GiB       


Current Per Node Stats -- Oct  4 05:16:55
--------------------------
            CPU Cores                     Memory                        
Node        Requested   Usage             Requested   Current Use    Max Used            
node0397    2           1.00 (49.97 %)    240.00 GiB  203.46 GiB     203.56 GiB (84.82 %)

Node        GPU Model                     Compute Usage  Memory Usage   
node0397    NVIDIA A100 80GB PCIe         0 %            1.17 GiB       


Current Per Node Stats -- Oct  4 05:17:55
--------------------------
            CPU Cores                     Memory                        
Node        Requested   Usage             Requested   Current Use    Max Used            
node0397    2           1.00 (49.95 %)    240.00 GiB  201.22 GiB     203.56 GiB (84.82 %)

Node        GPU Model                     Compute Usage  Memory Usage   
node0397    NVIDIA A100 80GB PCIe         0 %            1.17 GiB       


Current Per Node Stats -- Oct  4 05:18:55
--------------------------
            CPU Cores                     Memory                        
Node        Requested   Usage             Requested   Current Use    Max Used            
node0397    2           1.00 (49.96 %)    240.00 GiB  201.79 GiB     203.56 GiB (84.82 %)

Node        GPU Model                     Compute Usage  Memory Usage   
node0397    NVIDIA A100 80GB PCIe         0 %            1.17 GiB       


Current Per Node Stats -- Oct  4 05:19:55
--------------------------
            CPU Cores                     Memory                        
Node        Requested   Usage             Requested   Current Use    Max Used            
node0397    2           0.99 (49.57 %)    240.00 GiB  195.18 GiB     203.56 GiB (84.82 %)

Node        GPU Model                     Compute Usage  Memory Usage   
node0397    NVIDIA A100 80GB PCIe         26 %           1.17 GiB       


Current Per Node Stats -- Oct  4 05:20:55
--------------------------
            CPU Cores                     Memory                        
Node        Requested   Usage             Requested   Current Use    Max Used            
node0397    2           1.00 (49.93 %)    240.00 GiB  197.52 GiB     203.56 GiB (84.82 %)

Node        GPU Model                     Compute Usage  Memory Usage   
node0397    NVIDIA A100 80GB PCIe         0 %            1.17 GiB       


Current Per Node Stats -- Oct  4 05:21:55
--------------------------
            CPU Cores                     Memory                        
Node        Requested   Usage             Requested   Current Use    Max Used            
node0397    2           1.00 (49.97 %)    240.00 GiB  197.96 GiB     203.56 GiB (84.82 %)

Node        GPU Model                     Compute Usage  Memory Usage   
node0397    NVIDIA A100 80GB PCIe         0 %            1.17 GiB       


Current Per Node Stats -- Oct  4 05:22:55
--------------------------
            CPU Cores                     Memory                        
Node        Requested   Usage             Requested   Current Use    Max Used            
node0397    2           1.00 (49.95 %)    240.00 GiB  198.46 GiB     203.56 GiB (84.82 %)

Node        GPU Model                     Compute Usage  Memory Usage   
node0397    NVIDIA A100 80GB PCIe         0 %            1.17 GiB       


Current Per Node Stats -- Oct  4 05:23:55
--------------------------
            CPU Cores                     Memory                        
Node        Requested   Usage             Requested   Current Use    Max Used            
node0397    2           1.00 (49.96 %)    240.00 GiB  198.96 GiB     203.56 GiB (84.82 %)

Node        GPU Model                     Compute Usage  Memory Usage   
node0397    NVIDIA A100 80GB PCIe         0 %            1.17 GiB       


Current Per Node Stats -- Oct  4 05:24:55
--------------------------
            CPU Cores                     Memory                        
Node        Requested   Usage             Requested   Current Use    Max Used            
node0397    2           1.00 (49.96 %)    240.00 GiB  199.40 GiB     203.56 GiB (84.82 %)

Node        GPU Model                     Compute Usage  Memory Usage   
node0397    NVIDIA A100 80GB PCIe         0 %            1.17 GiB       


Current Per Node Stats -- Oct  4 05:25:55
--------------------------
            CPU Cores                     Memory                        
Node        Requested   Usage             Requested   Current Use    Max Used            
node0397    2           1.00 (49.96 %)    240.00 GiB  198.58 GiB     203.56 GiB (84.82 %)

Node        GPU Model                     Compute Usage  Memory Usage   
node0397    NVIDIA A100 80GB PCIe         0 %            1.17 GiB       


Current Per Node Stats -- Oct  4 05:26:55
--------------------------
            CPU Cores                     Memory                        
Node        Requested   Usage             Requested   Current Use    Max Used            
node0397    2           1.00 (49.96 %)    240.00 GiB  199.08 GiB     203.56 GiB (84.82 %)

Node        GPU Model                     Compute Usage  Memory Usage   
node0397    NVIDIA A100 80GB PCIe         0 %            1.17 GiB       


Current Per Node Stats -- Oct  4 05:27:55
--------------------------
            CPU Cores                     Memory                        
Node        Requested   Usage             Requested   Current Use    Max Used            
node0397    2           1.00 (49.96 %)    240.00 GiB  199.58 GiB     203.56 GiB (84.82 %)

Node        GPU Model                     Compute Usage  Memory Usage   
node0397    NVIDIA A100 80GB PCIe         0 %            1.17 GiB       


Current Per Node Stats -- Oct  4 05:28:55
--------------------------
            CPU Cores                     Memory                        
Node        Requested   Usage             Requested   Current Use    Max Used            
node0397    2           1.00 (49.96 %)    240.00 GiB  200.08 GiB     203.56 GiB (84.82 %)

Node        GPU Model                     Compute Usage  Memory Usage   
node0397    NVIDIA A100 80GB PCIe         0 %            1.17 GiB       


Current Per Node Stats -- Oct  4 05:29:55
--------------------------
            CPU Cores                     Memory                        
Node        Requested   Usage             Requested   Current Use    Max Used            
node0397    2           1.00 (49.97 %)    240.00 GiB  200.52 GiB     203.56 GiB (84.82 %)

Node        GPU Model                     Compute Usage  Memory Usage   
node0397    NVIDIA A100 80GB PCIe         0 %            1.17 GiB       


Current Per Node Stats -- Oct  4 05:30:55
--------------------------
            CPU Cores                     Memory                        
Node        Requested   Usage             Requested   Current Use    Max Used            
node0397    2           1.00 (49.93 %)    240.00 GiB  200.87 GiB     203.56 GiB (84.82 %)

Node        GPU Model                     Compute Usage  Memory Usage   
node0397    NVIDIA A100 80GB PCIe         0 %            1.17 GiB       


Current Per Node Stats -- Oct  4 05:31:55
--------------------------
            CPU Cores                     Memory                        
Node        Requested   Usage             Requested   Current Use    Max Used            
node0397    2           1.00 (49.96 %)    240.00 GiB  201.25 GiB     203.56 GiB (84.82 %)

Node        GPU Model                     Compute Usage  Memory Usage   
node0397    NVIDIA A100 80GB PCIe         0 %            1.17 GiB       


Current Per Node Stats -- Oct  4 05:32:55
--------------------------
            CPU Cores                     Memory                        
Node        Requested   Usage             Requested   Current Use    Max Used            
node0397    2           1.00 (49.95 %)    240.00 GiB  201.70 GiB     203.56 GiB (84.82 %)

Node        GPU Model                     Compute Usage  Memory Usage   
node0397    NVIDIA A100 80GB PCIe         0 %            1.17 GiB       


Current Per Node Stats -- Oct  4 05:33:55
--------------------------
            CPU Cores                     Memory                        
Node        Requested   Usage             Requested   Current Use    Max Used            
node0397    2           1.00 (49.96 %)    240.00 GiB  202.14 GiB     203.56 GiB (84.82 %)

Node        GPU Model                     Compute Usage  Memory Usage   
node0397    NVIDIA A100 80GB PCIe         0 %            1.17 GiB       


Current Per Node Stats -- Oct  4 05:34:55
--------------------------
            CPU Cores                     Memory                        
Node        Requested   Usage             Requested   Current Use    Max Used            
node0397    2           0.99 (49.53 %)    240.00 GiB  197.32 GiB     203.56 GiB (84.82 %)

Node        GPU Model                     Compute Usage  Memory Usage   
node0397    NVIDIA A100 80GB PCIe         0 %            1.17 GiB       


Current Per Node Stats -- Oct  4 05:35:55
--------------------------
            CPU Cores                     Memory                        
Node        Requested   Usage             Requested   Current Use    Max Used            
node0397    2           1.00 (49.96 %)    240.00 GiB  197.70 GiB     203.56 GiB (84.82 %)

Node        GPU Model                     Compute Usage  Memory Usage   
node0397    NVIDIA A100 80GB PCIe         0 %            1.17 GiB       


Current Per Node Stats -- Oct  4 05:36:55
--------------------------
            CPU Cores                     Memory                        
Node        Requested   Usage             Requested   Current Use    Max Used            
node0397    2           1.00 (49.97 %)    240.00 GiB  198.14 GiB     203.56 GiB (84.82 %)

Node        GPU Model                     Compute Usage  Memory Usage   
node0397    NVIDIA A100 80GB PCIe         0 %            1.17 GiB       


Current Per Node Stats -- Oct  4 05:37:55
--------------------------
            CPU Cores                     Memory                        
Node        Requested   Usage             Requested   Current Use    Max Used            
node0397    2           1.00 (49.96 %)    240.00 GiB  198.58 GiB     203.56 GiB (84.82 %)

Node        GPU Model                     Compute Usage  Memory Usage   
node0397    NVIDIA A100 80GB PCIe         0 %            1.17 GiB       


Current Per Node Stats -- Oct  4 05:38:55
--------------------------
            CPU Cores                     Memory                        
Node        Requested   Usage             Requested   Current Use    Max Used            
node0397    2           1.00 (49.96 %)    240.00 GiB  199.02 GiB     203.56 GiB (84.82 %)

Node        GPU Model                     Compute Usage  Memory Usage   
node0397    NVIDIA A100 80GB PCIe         0 %            1.17 GiB       


Current Per Node Stats -- Oct  4 05:39:55
--------------------------
            CPU Cores                     Memory                        
Node        Requested   Usage             Requested   Current Use    Max Used            
node0397    2           1.00 (49.96 %)    240.00 GiB  199.52 GiB     203.56 GiB (84.82 %)

Node        GPU Model                     Compute Usage  Memory Usage   
node0397    NVIDIA A100 80GB PCIe         0 %            1.17 GiB       


Current Per Node Stats -- Oct  4 05:40:55
--------------------------
            CPU Cores                     Memory                        
Node        Requested   Usage             Requested   Current Use    Max Used            
node0397    2           1.00 (49.96 %)    240.00 GiB  198.71 GiB     203.56 GiB (84.82 %)

Node        GPU Model                     Compute Usage  Memory Usage   
node0397    NVIDIA A100 80GB PCIe         0 %            1.17 GiB       


Current Per Node Stats -- Oct  4 05:41:55
--------------------------
            CPU Cores                     Memory                        
Node        Requested   Usage             Requested   Current Use    Max Used            
node0397    2           1.00 (49.96 %)    240.00 GiB  199.15 GiB     203.56 GiB (84.82 %)

Node        GPU Model                     Compute Usage  Memory Usage   
node0397    NVIDIA A100 80GB PCIe         0 %            1.17 GiB       


Current Per Node Stats -- Oct  4 05:42:55
--------------------------
            CPU Cores                     Memory                        
Node        Requested   Usage             Requested   Current Use    Max Used            
node0397    2           1.00 (49.96 %)    240.00 GiB  199.65 GiB     203.56 GiB (84.82 %)

Node        GPU Model                     Compute Usage  Memory Usage   
node0397    NVIDIA A100 80GB PCIe         0 %            1.17 GiB       


Current Per Node Stats -- Oct  4 05:43:55
--------------------------
            CPU Cores                     Memory                        
Node        Requested   Usage             Requested   Current Use    Max Used            
node0397    2           1.00 (49.96 %)    240.00 GiB  200.09 GiB     203.56 GiB (84.82 %)

Node        GPU Model                     Compute Usage  Memory Usage   
node0397    NVIDIA A100 80GB PCIe         0 %            1.17 GiB       


Current Per Node Stats -- Oct  4 05:44:55
--------------------------
            CPU Cores                     Memory                        
Node        Requested   Usage             Requested   Current Use    Max Used            
node0397    2           1.00 (49.96 %)    240.00 GiB  200.53 GiB     203.56 GiB (84.82 %)

Node        GPU Model                     Compute Usage  Memory Usage   
node0397    NVIDIA A100 80GB PCIe         0 %            1.17 GiB       


Current Per Node Stats -- Oct  4 05:45:55
--------------------------
            CPU Cores                     Memory                        
Node        Requested   Usage             Requested   Current Use    Max Used            
node0397    2           1.00 (49.93 %)    240.00 GiB  200.94 GiB     203.56 GiB (84.82 %)

Node        GPU Model                     Compute Usage  Memory Usage   
node0397    NVIDIA A100 80GB PCIe         0 %            1.17 GiB       


Current Per Node Stats -- Oct  4 05:46:55
--------------------------
            CPU Cores                     Memory                        
Node        Requested   Usage             Requested   Current Use    Max Used            
node0397    2           1.00 (49.96 %)    240.00 GiB  200.01 GiB     203.56 GiB (84.82 %)

Node        GPU Model                     Compute Usage  Memory Usage   
node0397    NVIDIA A100 80GB PCIe         0 %            1.17 GiB       


Current Per Node Stats -- Oct  4 05:47:55
--------------------------
            CPU Cores                     Memory                        
Node        Requested   Usage             Requested   Current Use    Max Used            
node0397    2           1.00 (49.96 %)    240.00 GiB  200.51 GiB     203.56 GiB (84.82 %)

Node        GPU Model                     Compute Usage  Memory Usage   
node0397    NVIDIA A100 80GB PCIe         0 %            1.17 GiB       


Current Per Node Stats -- Oct  4 05:48:55
--------------------------
            CPU Cores                     Memory                        
Node        Requested   Usage             Requested   Current Use    Max Used            
node0397    2           1.00 (49.96 %)    240.00 GiB  200.95 GiB     203.56 GiB (84.82 %)

Node        GPU Model                     Compute Usage  Memory Usage   
node0397    NVIDIA A100 80GB PCIe         0 %            1.17 GiB       


Current Per Node Stats -- Oct  4 05:49:55
--------------------------
            CPU Cores                     Memory                        
Node        Requested   Usage             Requested   Current Use    Max Used            
node0397    2           1.00 (49.95 %)    240.00 GiB  201.33 GiB     203.56 GiB (84.82 %)

Node        GPU Model                     Compute Usage  Memory Usage   
node0397    NVIDIA A100 80GB PCIe         0 %            1.17 GiB       


Current Per Node Stats -- Oct  4 05:50:55
--------------------------
            CPU Cores                     Memory                        
Node        Requested   Usage             Requested   Current Use    Max Used            
node0397    2           1.00 (49.97 %)    240.00 GiB  201.70 GiB     203.56 GiB (84.82 %)

Node        GPU Model                     Compute Usage  Memory Usage   
node0397    NVIDIA A100 80GB PCIe         0 %            1.17 GiB       


Current Per Node Stats -- Oct  4 05:51:55
--------------------------
            CPU Cores                     Memory                        
Node        Requested   Usage             Requested   Current Use    Max Used            
node0397    2           1.00 (49.97 %)    240.00 GiB  202.08 GiB     203.56 GiB (84.82 %)

Node        GPU Model                     Compute Usage  Memory Usage   
node0397    NVIDIA A100 80GB PCIe         0 %            1.17 GiB       


Current Per Node Stats -- Oct  4 05:52:55
--------------------------
            CPU Cores                     Memory                        
Node        Requested   Usage             Requested   Current Use    Max Used            
node0397    2           1.00 (49.97 %)    240.00 GiB  202.45 GiB     203.56 GiB (84.82 %)

Node        GPU Model                     Compute Usage  Memory Usage   
node0397    NVIDIA A100 80GB PCIe         0 %            1.17 GiB       


Current Per Node Stats -- Oct  4 05:53:55
--------------------------
            CPU Cores                     Memory                        
Node        Requested   Usage             Requested   Current Use    Max Used            
node0397    2           1.00 (49.97 %)    240.00 GiB  202.89 GiB     203.56 GiB (84.82 %)

Node        GPU Model                     Compute Usage  Memory Usage   
node0397    NVIDIA A100 80GB PCIe         0 %            1.17 GiB       


Current Per Node Stats -- Oct  4 05:54:55
--------------------------
            CPU Cores                     Memory                        
Node        Requested   Usage             Requested   Current Use    Max Used            
node0397    2           1.00 (49.95 %)    240.00 GiB  203.27 GiB     203.56 GiB (84.82 %)

Node        GPU Model                     Compute Usage  Memory Usage   
node0397    NVIDIA A100 80GB PCIe         0 %            1.17 GiB       


Current Per Node Stats -- Oct  4 05:55:55
--------------------------
            CPU Cores                     Memory                        
Node        Requested   Usage             Requested   Current Use    Max Used            
node0397    2           1.00 (49.96 %)    240.00 GiB  201.14 GiB     203.56 GiB (84.82 %)

Node        GPU Model                     Compute Usage  Memory Usage   
node0397    NVIDIA A100 80GB PCIe         0 %            1.17 GiB       


Current Per Node Stats -- Oct  4 05:56:55
--------------------------
            CPU Cores                     Memory                        
Node        Requested   Usage             Requested   Current Use    Max Used            
node0397    2           1.00 (49.96 %)    240.00 GiB  201.50 GiB     203.56 GiB (84.82 %)

Node        GPU Model                     Compute Usage  Memory Usage   
node0397    NVIDIA A100 80GB PCIe         0 %            1.17 GiB       


Current Per Node Stats -- Oct  4 05:57:55
--------------------------
            CPU Cores                     Memory                        
Node        Requested   Usage             Requested   Current Use    Max Used            
node0397    2           1.00 (49.96 %)    240.00 GiB  202.06 GiB     203.56 GiB (84.82 %)

Node        GPU Model                     Compute Usage  Memory Usage   
node0397    NVIDIA A100 80GB PCIe         0 %            1.17 GiB       


Current Per Node Stats -- Oct  4 05:58:55
--------------------------
            CPU Cores                     Memory                        
Node        Requested   Usage             Requested   Current Use    Max Used            
node0397    2           0.99 (49.59 %)    240.00 GiB  202.25 GiB     203.56 GiB (84.82 %)

Node        GPU Model                     Compute Usage  Memory Usage   
node0397    NVIDIA A100 80GB PCIe         25 %           1.19 GiB       


Current Per Node Stats -- Oct  4 05:59:55
--------------------------
            CPU Cores                     Memory                        
Node        Requested   Usage             Requested   Current Use    Max Used            
node0397    2           1.00 (49.95 %)    240.00 GiB  202.71 GiB     203.56 GiB (84.82 %)

Node        GPU Model                     Compute Usage  Memory Usage   
node0397    NVIDIA A100 80GB PCIe         0 %            1.19 GiB       


Current Per Node Stats -- Oct  4 06:00:55
--------------------------
            CPU Cores                     Memory                        
Node        Requested   Usage             Requested   Current Use    Max Used            
node0397    2           1.00 (49.97 %)    240.00 GiB  203.09 GiB     203.56 GiB (84.82 %)

Node        GPU Model                     Compute Usage  Memory Usage   
node0397    NVIDIA A100 80GB PCIe         0 %            1.19 GiB       


Current Per Node Stats -- Oct  4 06:01:55
--------------------------
            CPU Cores                     Memory                        
Node        Requested   Usage             Requested   Current Use    Max Used            
node0397    2           1.00 (49.96 %)    240.00 GiB  203.45 GiB     203.56 GiB (84.82 %)

Node        GPU Model                     Compute Usage  Memory Usage   
node0397    NVIDIA A100 80GB PCIe         0 %            1.19 GiB       


Current Per Node Stats -- Oct  4 06:02:55
--------------------------
            CPU Cores                     Memory                        
Node        Requested   Usage             Requested   Current Use    Max Used            
node0397    2           1.00 (49.93 %)    240.00 GiB  203.89 GiB     203.89 GiB (84.95 %)

Node        GPU Model                     Compute Usage  Memory Usage   
node0397    NVIDIA A100 80GB PCIe         0 %            1.19 GiB       


Current Per Node Stats -- Oct  4 06:03:55
--------------------------
            CPU Cores                     Memory                        
Node        Requested   Usage             Requested   Current Use    Max Used            
node0397    2           1.00 (49.96 %)    240.00 GiB  204.25 GiB     204.26 GiB (85.11 %)

Node        GPU Model                     Compute Usage  Memory Usage   
node0397    NVIDIA A100 80GB PCIe         0 %            1.19 GiB       


Current Per Node Stats -- Oct  4 06:04:55
--------------------------
            CPU Cores                     Memory                        
Node        Requested   Usage             Requested   Current Use    Max Used            
node0397    2           1.00 (49.96 %)    240.00 GiB  204.63 GiB     204.63 GiB (85.26 %)

Node        GPU Model                     Compute Usage  Memory Usage   
node0397    NVIDIA A100 80GB PCIe         0 %            1.19 GiB       


Current Per Node Stats -- Oct  4 06:05:55
--------------------------
            CPU Cores                     Memory                        
Node        Requested   Usage             Requested   Current Use    Max Used            
node0397    2           1.00 (49.97 %)    240.00 GiB  205.07 GiB     205.07 GiB (85.45 %)

Node        GPU Model                     Compute Usage  Memory Usage   
node0397    NVIDIA A100 80GB PCIe         0 %            1.19 GiB       


Current Per Node Stats -- Oct  4 06:06:55
--------------------------
            CPU Cores                     Memory                        
Node        Requested   Usage             Requested   Current Use    Max Used            
node0397    2           1.00 (49.96 %)    240.00 GiB  205.45 GiB     205.45 GiB (85.60 %)

Node        GPU Model                     Compute Usage  Memory Usage   
node0397    NVIDIA A100 80GB PCIe         0 %            1.19 GiB       


Current Per Node Stats -- Oct  4 06:07:55
--------------------------
            CPU Cores                     Memory                        
Node        Requested   Usage             Requested   Current Use    Max Used            
node0397    2           1.00 (49.97 %)    240.00 GiB  205.95 GiB     205.95 GiB (85.81 %)

Node        GPU Model                     Compute Usage  Memory Usage   
node0397    NVIDIA A100 80GB PCIe         0 %            1.19 GiB       


Current Per Node Stats -- Oct  4 06:08:55
--------------------------
            CPU Cores                     Memory                        
Node        Requested   Usage             Requested   Current Use    Max Used            
node0397    2           1.00 (49.95 %)    240.00 GiB  205.13 GiB     206.04 GiB (85.85 %)

Node        GPU Model                     Compute Usage  Memory Usage   
node0397    NVIDIA A100 80GB PCIe         0 %            1.19 GiB       


Current Per Node Stats -- Oct  4 06:09:55
--------------------------
            CPU Cores                     Memory                        
Node        Requested   Usage             Requested   Current Use    Max Used            
node0397    2           1.00 (49.97 %)    240.00 GiB  205.57 GiB     206.04 GiB (85.85 %)

Node        GPU Model                     Compute Usage  Memory Usage   
node0397    NVIDIA A100 80GB PCIe         0 %            1.19 GiB       


Current Per Node Stats -- Oct  4 06:10:55
--------------------------
            CPU Cores                     Memory                        
Node        Requested   Usage             Requested   Current Use    Max Used            
node0397    2           1.00 (49.96 %)    240.00 GiB  206.01 GiB     206.04 GiB (85.85 %)

Node        GPU Model                     Compute Usage  Memory Usage   
node0397    NVIDIA A100 80GB PCIe         0 %            1.19 GiB       


Current Per Node Stats -- Oct  4 06:11:55
--------------------------
            CPU Cores                     Memory                        
Node        Requested   Usage             Requested   Current Use    Max Used            
node0397    2           1.00 (49.95 %)    240.00 GiB  206.45 GiB     206.45 GiB (86.02 %)

Node        GPU Model                     Compute Usage  Memory Usage   
node0397    NVIDIA A100 80GB PCIe         0 %            1.19 GiB       


Current Per Node Stats -- Oct  4 06:12:55
--------------------------
            CPU Cores                     Memory                        
Node        Requested   Usage             Requested   Current Use    Max Used            
node0397    2           1.00 (49.97 %)    240.00 GiB  206.89 GiB     206.89 GiB (86.20 %)

Node        GPU Model                     Compute Usage  Memory Usage   
node0397    NVIDIA A100 80GB PCIe         0 %            1.19 GiB       


Current Per Node Stats -- Oct  4 06:13:55
--------------------------
            CPU Cores                     Memory                        
Node        Requested   Usage             Requested   Current Use    Max Used            
node0397    2           1.00 (49.96 %)    240.00 GiB  206.07 GiB     207.30 GiB (86.38 %)

Node        GPU Model                     Compute Usage  Memory Usage   
node0397    NVIDIA A100 80GB PCIe         0 %            1.19 GiB       


Current Per Node Stats -- Oct  4 06:14:55
--------------------------
            CPU Cores                     Memory                        
Node        Requested   Usage             Requested   Current Use    Max Used            
node0397    2           1.00 (49.96 %)    240.00 GiB  206.50 GiB     207.30 GiB (86.38 %)

Node        GPU Model                     Compute Usage  Memory Usage   
node0397    NVIDIA A100 80GB PCIe         0 %            1.19 GiB       


Current Per Node Stats -- Oct  4 06:15:55
--------------------------
            CPU Cores                     Memory                        
Node        Requested   Usage             Requested   Current Use    Max Used            
node0397    2           1.00 (49.96 %)    240.00 GiB  206.94 GiB     207.30 GiB (86.38 %)

Node        GPU Model                     Compute Usage  Memory Usage   
node0397    NVIDIA A100 80GB PCIe         0 %            1.19 GiB       


Current Per Node Stats -- Oct  4 06:16:55
--------------------------
            CPU Cores                     Memory                        
Node        Requested   Usage             Requested   Current Use    Max Used            
node0397    2           1.00 (49.97 %)    240.00 GiB  207.38 GiB     207.38 GiB (86.41 %)

Node        GPU Model                     Compute Usage  Memory Usage   
node0397    NVIDIA A100 80GB PCIe         0 %            1.19 GiB       


Current Per Node Stats -- Oct  4 06:17:55
--------------------------
            CPU Cores                     Memory                        
Node        Requested   Usage             Requested   Current Use    Max Used            
node0397    2           1.00 (49.97 %)    240.00 GiB  207.82 GiB     207.82 GiB (86.59 %)

Node        GPU Model                     Compute Usage  Memory Usage   
node0397    NVIDIA A100 80GB PCIe         0 %            1.19 GiB       


Current Per Node Stats -- Oct  4 06:18:55
--------------------------
            CPU Cores                     Memory                        
Node        Requested   Usage             Requested   Current Use    Max Used            
node0397    2           1.00 (49.97 %)    240.00 GiB  208.26 GiB     208.26 GiB (86.77 %)

Node        GPU Model                     Compute Usage  Memory Usage   
node0397    NVIDIA A100 80GB PCIe         0 %            1.19 GiB       


Current Per Node Stats -- Oct  4 06:19:55
--------------------------
            CPU Cores                     Memory                        
Node        Requested   Usage             Requested   Current Use    Max Used            
node0397    2           1.00 (49.97 %)    240.00 GiB  208.70 GiB     208.70 GiB (86.96 %)

Node        GPU Model                     Compute Usage  Memory Usage   
node0397    NVIDIA A100 80GB PCIe         0 %            1.19 GiB       


Current Per Node Stats -- Oct  4 06:20:55
--------------------------
            CPU Cores                     Memory                        
Node        Requested   Usage             Requested   Current Use    Max Used            
node0397    2           1.00 (49.97 %)    240.00 GiB  209.14 GiB     209.14 GiB (87.14 %)

Node        GPU Model                     Compute Usage  Memory Usage   
node0397    NVIDIA A100 80GB PCIe         0 %            1.19 GiB       


Current Per Node Stats -- Oct  4 06:21:55
--------------------------
            CPU Cores                     Memory                        
Node        Requested   Usage             Requested   Current Use    Max Used            
node0397    2           1.00 (49.96 %)    240.00 GiB  209.64 GiB     209.64 GiB (87.35 %)

Node        GPU Model                     Compute Usage  Memory Usage   
node0397    NVIDIA A100 80GB PCIe         0 %            1.19 GiB       


Current Per Node Stats -- Oct  4 06:22:55
--------------------------
            CPU Cores                     Memory                        
Node        Requested   Usage             Requested   Current Use    Max Used            
node0397    2           1.00 (49.96 %)    240.00 GiB  207.46 GiB     209.82 GiB (87.43 %)

Node        GPU Model                     Compute Usage  Memory Usage   
node0397    NVIDIA A100 80GB PCIe         0 %            1.19 GiB       


Current Per Node Stats -- Oct  4 06:23:55
--------------------------
            CPU Cores                     Memory                        
Node        Requested   Usage             Requested   Current Use    Max Used            
node0397    2           1.00 (49.96 %)    240.00 GiB  207.96 GiB     209.82 GiB (87.43 %)

Node        GPU Model                     Compute Usage  Memory Usage   
node0397    NVIDIA A100 80GB PCIe         0 %            1.19 GiB       


Current Per Node Stats -- Oct  4 06:24:55
--------------------------
            CPU Cores                     Memory                        
Node        Requested   Usage             Requested   Current Use    Max Used            
node0397    2           1.00 (49.97 %)    240.00 GiB  208.40 GiB     209.82 GiB (87.43 %)

Node        GPU Model                     Compute Usage  Memory Usage   
node0397    NVIDIA A100 80GB PCIe         0 %            1.19 GiB       


Current Per Node Stats -- Oct  4 06:25:55
--------------------------
            CPU Cores                     Memory                        
Node        Requested   Usage             Requested   Current Use    Max Used            
node0397    2           0.99 (49.56 %)    240.00 GiB  197.33 GiB     209.82 GiB (87.43 %)

Node        GPU Model                     Compute Usage  Memory Usage   
node0397    NVIDIA A100 80GB PCIe         0 %            1.19 GiB       


Current Per Node Stats -- Oct  4 06:26:55
--------------------------
            CPU Cores                     Memory                        
Node        Requested   Usage             Requested   Current Use    Max Used            
node0397    2           1.00 (49.95 %)    240.00 GiB  197.83 GiB     209.82 GiB (87.43 %)

Node        GPU Model                     Compute Usage  Memory Usage   
node0397    NVIDIA A100 80GB PCIe         0 %            1.19 GiB       


Current Per Node Stats -- Oct  4 06:27:55
--------------------------
            CPU Cores                     Memory                        
Node        Requested   Usage             Requested   Current Use    Max Used            
node0397    2           1.00 (49.96 %)    240.00 GiB  198.33 GiB     209.82 GiB (87.43 %)

Node        GPU Model                     Compute Usage  Memory Usage   
node0397    NVIDIA A100 80GB PCIe         0 %            1.19 GiB       


Current Per Node Stats -- Oct  4 06:28:55
--------------------------
            CPU Cores                     Memory                        
Node        Requested   Usage             Requested   Current Use    Max Used            
node0397    2           1.00 (49.95 %)    240.00 GiB  198.84 GiB     209.82 GiB (87.43 %)

Node        GPU Model                     Compute Usage  Memory Usage   
node0397    NVIDIA A100 80GB PCIe         0 %            1.19 GiB       


Current Per Node Stats -- Oct  4 06:29:55
--------------------------
            CPU Cores                     Memory                        
Node        Requested   Usage             Requested   Current Use    Max Used            
node0397    2           1.00 (49.96 %)    240.00 GiB  199.27 GiB     209.82 GiB (87.43 %)

Node        GPU Model                     Compute Usage  Memory Usage   
node0397    NVIDIA A100 80GB PCIe         0 %            1.19 GiB       


Current Per Node Stats -- Oct  4 06:30:55
--------------------------
            CPU Cores                     Memory                        
Node        Requested   Usage             Requested   Current Use    Max Used            
node0397    2           1.00 (49.95 %)    240.00 GiB  198.52 GiB     209.82 GiB (87.43 %)

Node        GPU Model                     Compute Usage  Memory Usage   
node0397    NVIDIA A100 80GB PCIe         0 %            1.19 GiB       


Current Per Node Stats -- Oct  4 06:31:55
--------------------------
            CPU Cores                     Memory                        
Node        Requested   Usage             Requested   Current Use    Max Used            
node0397    2           1.00 (49.96 %)    240.00 GiB  199.02 GiB     209.82 GiB (87.43 %)

Node        GPU Model                     Compute Usage  Memory Usage   
node0397    NVIDIA A100 80GB PCIe         0 %            1.19 GiB       


Current Per Node Stats -- Oct  4 06:32:55
--------------------------
            CPU Cores                     Memory                        
Node        Requested   Usage             Requested   Current Use    Max Used            
node0397    2           1.00 (49.92 %)    240.00 GiB  199.52 GiB     209.82 GiB (87.43 %)

Node        GPU Model                     Compute Usage  Memory Usage   
node0397    NVIDIA A100 80GB PCIe         0 %            1.19 GiB       


Current Per Node Stats -- Oct  4 06:33:55
--------------------------
            CPU Cores                     Memory                        
Node        Requested   Usage             Requested   Current Use    Max Used            
node0397    2           1.00 (49.96 %)    240.00 GiB  199.96 GiB     209.82 GiB (87.43 %)

Node        GPU Model                     Compute Usage  Memory Usage   
node0397    NVIDIA A100 80GB PCIe         0 %            1.19 GiB       


Current Per Node Stats -- Oct  4 06:34:55
--------------------------
            CPU Cores                     Memory                        
Node        Requested   Usage             Requested   Current Use    Max Used            
node0397    2           1.00 (49.96 %)    240.00 GiB  200.46 GiB     209.82 GiB (87.43 %)

Node        GPU Model                     Compute Usage  Memory Usage   
node0397    NVIDIA A100 80GB PCIe         0 %            1.19 GiB       


Current Per Node Stats -- Oct  4 06:35:55
--------------------------
            CPU Cores                     Memory                        
Node        Requested   Usage             Requested   Current Use    Max Used            
node0397    2           1.00 (49.93 %)    240.00 GiB  200.81 GiB     209.82 GiB (87.43 %)

Node        GPU Model                     Compute Usage  Memory Usage   
node0397    NVIDIA A100 80GB PCIe         0 %            1.19 GiB       


Current Per Node Stats -- Oct  4 06:36:55
--------------------------
            CPU Cores                     Memory                        
Node        Requested   Usage             Requested   Current Use    Max Used            
node0397    2           1.00 (49.96 %)    240.00 GiB  200.06 GiB     209.82 GiB (87.43 %)

Node        GPU Model                     Compute Usage  Memory Usage   
node0397    NVIDIA A100 80GB PCIe         0 %            1.19 GiB       


Current Per Node Stats -- Oct  4 06:37:55
--------------------------
            CPU Cores                     Memory                        
Node        Requested   Usage             Requested   Current Use    Max Used            
node0397    2           1.00 (49.96 %)    240.00 GiB  200.56 GiB     209.82 GiB (87.43 %)

Node        GPU Model                     Compute Usage  Memory Usage   
node0397    NVIDIA A100 80GB PCIe         0 %            1.19 GiB       


Current Per Node Stats -- Oct  4 06:38:55
--------------------------
            CPU Cores                     Memory                        
Node        Requested   Usage             Requested   Current Use    Max Used            
node0397    2           1.00 (49.95 %)    240.00 GiB  201.06 GiB     209.82 GiB (87.43 %)

Node        GPU Model                     Compute Usage  Memory Usage   
node0397    NVIDIA A100 80GB PCIe         0 %            1.19 GiB       


Current Per Node Stats -- Oct  4 06:39:55
--------------------------
            CPU Cores                     Memory                        
Node        Requested   Usage             Requested   Current Use    Max Used            
node0397    2           1.00 (49.94 %)    240.00 GiB  201.56 GiB     209.82 GiB (87.43 %)

Node        GPU Model                     Compute Usage  Memory Usage   
node0397    NVIDIA A100 80GB PCIe         0 %            1.19 GiB       


Current Per Node Stats -- Oct  4 06:40:55
--------------------------
            CPU Cores                     Memory                        
Node        Requested   Usage             Requested   Current Use    Max Used            
node0397    2           1.00 (49.96 %)    240.00 GiB  201.93 GiB     209.82 GiB (87.43 %)

Node        GPU Model                     Compute Usage  Memory Usage   
node0397    NVIDIA A100 80GB PCIe         0 %            1.19 GiB       


Current Per Node Stats -- Oct  4 06:41:55
--------------------------
            CPU Cores                     Memory                        
Node        Requested   Usage             Requested   Current Use    Max Used            
node0397    2           1.00 (49.96 %)    240.00 GiB  202.37 GiB     209.82 GiB (87.43 %)

Node        GPU Model                     Compute Usage  Memory Usage   
node0397    NVIDIA A100 80GB PCIe         0 %            1.19 GiB       


Current Per Node Stats -- Oct  4 06:42:55
--------------------------
            CPU Cores                     Memory                        
Node        Requested   Usage             Requested   Current Use    Max Used            
node0397    2           1.00 (49.96 %)    240.00 GiB  202.75 GiB     209.82 GiB (87.43 %)

Node        GPU Model                     Compute Usage  Memory Usage   
node0397    NVIDIA A100 80GB PCIe         0 %            1.19 GiB       


Current Per Node Stats -- Oct  4 06:43:55
--------------------------
            CPU Cores                     Memory                        
Node        Requested   Usage             Requested   Current Use    Max Used            
node0397    2           1.00 (49.96 %)    240.00 GiB  203.19 GiB     209.82 GiB (87.43 %)

Node        GPU Model                     Compute Usage  Memory Usage   
node0397    NVIDIA A100 80GB PCIe         0 %            1.19 GiB       


Current Per Node Stats -- Oct  4 06:44:55
--------------------------
            CPU Cores                     Memory                        
Node        Requested   Usage             Requested   Current Use    Max Used            
node0397    2           1.00 (49.95 %)    240.00 GiB  201.11 GiB     209.82 GiB (87.43 %)

Node        GPU Model                     Compute Usage  Memory Usage   
node0397    NVIDIA A100 80GB PCIe         0 %            1.19 GiB       


Current Per Node Stats -- Oct  4 06:45:55
--------------------------
            CPU Cores                     Memory                        
Node        Requested   Usage             Requested   Current Use    Max Used            
node0397    2           1.00 (49.96 %)    240.00 GiB  201.45 GiB     209.82 GiB (87.43 %)

Node        GPU Model                     Compute Usage  Memory Usage   
node0397    NVIDIA A100 80GB PCIe         0 %            1.19 GiB       


Current Per Node Stats -- Oct  4 06:46:55
--------------------------
            CPU Cores                     Memory                        
Node        Requested   Usage             Requested   Current Use    Max Used            
node0397    2           1.00 (49.96 %)    240.00 GiB  202.08 GiB     209.82 GiB (87.43 %)

Node        GPU Model                     Compute Usage  Memory Usage   
node0397    NVIDIA A100 80GB PCIe         0 %            1.19 GiB       


Current Per Node Stats -- Oct  4 06:47:55
--------------------------
            CPU Cores                     Memory                        
Node        Requested   Usage             Requested   Current Use    Max Used            
node0397    2           0.99 (49.57 %)    240.00 GiB  202.35 GiB     209.82 GiB (87.43 %)

Node        GPU Model                     Compute Usage  Memory Usage   
node0397    NVIDIA A100 80GB PCIe         0 %            1.19 GiB       


Current Per Node Stats -- Oct  4 06:48:55
--------------------------
            CPU Cores                     Memory                        
Node        Requested   Usage             Requested   Current Use    Max Used            
node0397    2           1.00 (49.96 %)    240.00 GiB  202.73 GiB     209.82 GiB (87.43 %)

Node        GPU Model                     Compute Usage  Memory Usage   
node0397    NVIDIA A100 80GB PCIe         0 %            1.19 GiB       


Current Per Node Stats -- Oct  4 06:49:55
--------------------------
            CPU Cores                     Memory                        
Node        Requested   Usage             Requested   Current Use    Max Used            
node0397    2           1.00 (49.96 %)    240.00 GiB  203.16 GiB     209.82 GiB (87.43 %)

Node        GPU Model                     Compute Usage  Memory Usage   
node0397    NVIDIA A100 80GB PCIe         0 %            1.19 GiB       


Current Per Node Stats -- Oct  4 06:50:55
--------------------------
            CPU Cores                     Memory                        
Node        Requested   Usage             Requested   Current Use    Max Used            
node0397    2           1.00 (49.96 %)    240.00 GiB  203.53 GiB     209.82 GiB (87.43 %)

Node        GPU Model                     Compute Usage  Memory Usage   
node0397    NVIDIA A100 80GB PCIe         0 %            1.19 GiB       


Current Per Node Stats -- Oct  4 06:51:55
--------------------------
            CPU Cores                     Memory                        
Node        Requested   Usage             Requested   Current Use    Max Used            
node0397    2           1.00 (49.95 %)    240.00 GiB  203.97 GiB     209.82 GiB (87.43 %)

Node        GPU Model                     Compute Usage  Memory Usage   
node0397    NVIDIA A100 80GB PCIe         0 %            1.19 GiB       


Current Per Node Stats -- Oct  4 06:52:55
--------------------------
            CPU Cores                     Memory                        
Node        Requested   Usage             Requested   Current Use    Max Used            
node0397    2           1.00 (49.96 %)    240.00 GiB  204.41 GiB     209.82 GiB (87.43 %)

Node        GPU Model                     Compute Usage  Memory Usage   
node0397    NVIDIA A100 80GB PCIe         0 %            1.19 GiB       


Current Per Node Stats -- Oct  4 06:53:55
--------------------------
            CPU Cores                     Memory                        
Node        Requested   Usage             Requested   Current Use    Max Used            
node0397    2           1.00 (49.96 %)    240.00 GiB  204.85 GiB     209.82 GiB (87.43 %)

Node        GPU Model                     Compute Usage  Memory Usage   
node0397    NVIDIA A100 80GB PCIe         0 %            1.19 GiB       


Current Per Node Stats -- Oct  4 06:54:55
--------------------------
            CPU Cores                     Memory                        
Node        Requested   Usage             Requested   Current Use    Max Used            
node0397    2           1.00 (49.96 %)    240.00 GiB  205.35 GiB     209.82 GiB (87.43 %)

Node        GPU Model                     Compute Usage  Memory Usage   
node0397    NVIDIA A100 80GB PCIe         0 %            1.19 GiB       


Current Per Node Stats -- Oct  4 06:55:55
--------------------------
            CPU Cores                     Memory                        
Node        Requested   Usage             Requested   Current Use    Max Used            
node0397    2           1.00 (49.97 %)    240.00 GiB  205.79 GiB     209.82 GiB (87.43 %)

Node        GPU Model                     Compute Usage  Memory Usage   
node0397    NVIDIA A100 80GB PCIe         0 %            1.19 GiB       


Current Per Node Stats -- Oct  4 06:56:55
--------------------------
            CPU Cores                     Memory                        
Node        Requested   Usage             Requested   Current Use    Max Used            
node0397    2           1.00 (49.95 %)    240.00 GiB  204.97 GiB     209.82 GiB (87.43 %)

Node        GPU Model                     Compute Usage  Memory Usage   
node0397    NVIDIA A100 80GB PCIe         0 %            1.19 GiB       


Current Per Node Stats -- Oct  4 06:57:55
--------------------------
            CPU Cores                     Memory                        
Node        Requested   Usage             Requested   Current Use    Max Used            
node0397    2           1.00 (49.96 %)    240.00 GiB  205.40 GiB     209.82 GiB (87.43 %)

Node        GPU Model                     Compute Usage  Memory Usage   
node0397    NVIDIA A100 80GB PCIe         0 %            1.19 GiB       


Current Per Node Stats -- Oct  4 06:58:55
--------------------------
            CPU Cores                     Memory                        
Node        Requested   Usage             Requested   Current Use    Max Used            
node0397    2           1.00 (49.97 %)    240.00 GiB  205.78 GiB     209.82 GiB (87.43 %)

Node        GPU Model                     Compute Usage  Memory Usage   
node0397    NVIDIA A100 80GB PCIe         0 %            1.19 GiB       


Current Per Node Stats -- Oct  4 06:59:55
--------------------------
            CPU Cores                     Memory                        
Node        Requested   Usage             Requested   Current Use    Max Used            
node0397    2           1.00 (49.97 %)    240.00 GiB  206.22 GiB     209.82 GiB (87.43 %)

Node        GPU Model                     Compute Usage  Memory Usage   
node0397    NVIDIA A100 80GB PCIe         0 %            1.19 GiB       


Current Per Node Stats -- Oct  4 07:00:55
--------------------------
            CPU Cores                     Memory                        
Node        Requested   Usage             Requested   Current Use    Max Used            
node0397    2           1.00 (49.97 %)    240.00 GiB  206.65 GiB     209.82 GiB (87.43 %)

Node        GPU Model                     Compute Usage  Memory Usage   
node0397    NVIDIA A100 80GB PCIe         0 %            1.19 GiB       


Current Per Node Stats -- Oct  4 07:01:55
--------------------------
            CPU Cores                     Memory                        
Node        Requested   Usage             Requested   Current Use    Max Used            
node0397    2           1.00 (49.96 %)    240.00 GiB  207.09 GiB     209.82 GiB (87.43 %)

Node        GPU Model                     Compute Usage  Memory Usage   
node0397    NVIDIA A100 80GB PCIe         0 %            1.19 GiB       


Current Per Node Stats -- Oct  4 07:02:55
--------------------------
            CPU Cores                     Memory                        
Node        Requested   Usage             Requested   Current Use    Max Used            
node0397    2           1.00 (49.83 %)    240.00 GiB  206.27 GiB     209.82 GiB (87.43 %)

Node        GPU Model                     Compute Usage  Memory Usage   
node0397    NVIDIA A100 80GB PCIe         0 %            1.19 GiB       


Current Per Node Stats -- Oct  4 07:03:55
--------------------------
            CPU Cores                     Memory                        
Node        Requested   Usage             Requested   Current Use    Max Used            
node0397    2           1.00 (49.96 %)    240.00 GiB  206.71 GiB     209.82 GiB (87.43 %)

Node        GPU Model                     Compute Usage  Memory Usage   
node0397    NVIDIA A100 80GB PCIe         0 %            1.19 GiB       


Current Per Node Stats -- Oct  4 07:04:55
--------------------------
            CPU Cores                     Memory                        
Node        Requested   Usage             Requested   Current Use    Max Used            
node0397    2           1.00 (49.96 %)    240.00 GiB  207.15 GiB     209.82 GiB (87.43 %)

Node        GPU Model                     Compute Usage  Memory Usage   
node0397    NVIDIA A100 80GB PCIe         0 %            1.19 GiB       


Current Per Node Stats -- Oct  4 07:05:55
--------------------------
            CPU Cores                     Memory                        
Node        Requested   Usage             Requested   Current Use    Max Used            
node0397    2           1.00 (49.96 %)    240.00 GiB  207.59 GiB     209.82 GiB (87.43 %)

Node        GPU Model                     Compute Usage  Memory Usage   
node0397    NVIDIA A100 80GB PCIe         0 %            1.19 GiB       


Current Per Node Stats -- Oct  4 07:06:55
--------------------------
            CPU Cores                     Memory                        
Node        Requested   Usage             Requested   Current Use    Max Used            
node0397    2           1.00 (49.96 %)    240.00 GiB  208.03 GiB     209.82 GiB (87.43 %)

Node        GPU Model                     Compute Usage  Memory Usage   
node0397    NVIDIA A100 80GB PCIe         0 %            1.19 GiB       


Current Per Node Stats -- Oct  4 07:07:55
--------------------------
            CPU Cores                     Memory                        
Node        Requested   Usage             Requested   Current Use    Max Used            
node0397    2           1.00 (49.96 %)    240.00 GiB  208.40 GiB     209.82 GiB (87.43 %)

Node        GPU Model                     Compute Usage  Memory Usage   
node0397    NVIDIA A100 80GB PCIe         0 %            1.19 GiB       


Current Per Node Stats -- Oct  4 07:08:55
--------------------------
            CPU Cores                     Memory                        
Node        Requested   Usage             Requested   Current Use    Max Used            
node0397    2           1.00 (49.96 %)    240.00 GiB  208.91 GiB     209.82 GiB (87.43 %)

Node        GPU Model                     Compute Usage  Memory Usage   
node0397    NVIDIA A100 80GB PCIe         0 %            1.19 GiB       


Current Per Node Stats -- Oct  4 07:09:55
--------------------------
            CPU Cores                     Memory                        
Node        Requested   Usage             Requested   Current Use    Max Used            
node0397    2           1.00 (49.96 %)    240.00 GiB  209.34 GiB     209.82 GiB (87.43 %)

Node        GPU Model                     Compute Usage  Memory Usage   
node0397    NVIDIA A100 80GB PCIe         0 %            1.19 GiB       


Current Per Node Stats -- Oct  4 07:10:55
--------------------------
            CPU Cores                     Memory                        
Node        Requested   Usage             Requested   Current Use    Max Used            
node0397    2           1.00 (49.95 %)    240.00 GiB  209.78 GiB     209.82 GiB (87.43 %)

Node        GPU Model                     Compute Usage  Memory Usage   
node0397    NVIDIA A100 80GB PCIe         0 %            1.19 GiB       


Current Per Node Stats -- Oct  4 07:11:55
--------------------------
            CPU Cores                     Memory                        
Node        Requested   Usage             Requested   Current Use    Max Used            
node0397    2           1.00 (49.94 %)    240.00 GiB  207.68 GiB     209.83 GiB (87.43 %)

Node        GPU Model                     Compute Usage  Memory Usage   
node0397    NVIDIA A100 80GB PCIe         0 %            1.19 GiB       


Current Per Node Stats -- Oct  4 07:12:55
--------------------------
            CPU Cores                     Memory                        
Node        Requested   Usage             Requested   Current Use    Max Used            
node0397    2           1.00 (49.95 %)    240.00 GiB  208.11 GiB     209.83 GiB (87.43 %)

Node        GPU Model                     Compute Usage  Memory Usage   
node0397    NVIDIA A100 80GB PCIe         0 %            1.19 GiB       


Current Per Node Stats -- Oct  4 07:13:55
--------------------------
            CPU Cores                     Memory                        
Node        Requested   Usage             Requested   Current Use    Max Used            
node0397    2           1.00 (49.97 %)    240.00 GiB  208.55 GiB     209.83 GiB (87.43 %)

Node        GPU Model                     Compute Usage  Memory Usage   
node0397    NVIDIA A100 80GB PCIe         0 %            1.19 GiB       


Current Per Node Stats -- Oct  4 07:14:55
--------------------------
            CPU Cores                     Memory                        
Node        Requested   Usage             Requested   Current Use    Max Used            
node0397    2           0.99 (49.51 %)    240.00 GiB  179.08 GiB     209.83 GiB (87.43 %)

Node        GPU Model                     Compute Usage  Memory Usage   
node0397    NVIDIA A100 80GB PCIe         33 %           1.19 GiB       


Current Per Node Stats -- Oct  4 07:15:55
--------------------------
            CPU Cores                     Memory                        
Node        Requested   Usage             Requested   Current Use    Max Used            
node0397    2           1.00 (49.87 %)    240.00 GiB  184.88 GiB     209.83 GiB (87.43 %)

Node        GPU Model                     Compute Usage  Memory Usage   
node0397    NVIDIA A100 80GB PCIe         33 %           1.19 GiB       


Current Per Node Stats -- Oct  4 07:16:55
--------------------------
            CPU Cores                     Memory                        
Node        Requested   Usage             Requested   Current Use    Max Used            
node0397    2           1.00 (49.93 %)    240.00 GiB  193.11 GiB     209.83 GiB (87.43 %)

Node        GPU Model                     Compute Usage  Memory Usage   
node0397    NVIDIA A100 80GB PCIe         0 %            1.19 GiB       


Current Per Node Stats -- Oct  4 07:17:55
--------------------------
            CPU Cores                     Memory                        
Node        Requested   Usage             Requested   Current Use    Max Used            
node0397    2           1.00 (49.88 %)    240.00 GiB  185.76 GiB     209.83 GiB (87.43 %)

Node        GPU Model                     Compute Usage  Memory Usage   
node0397    NVIDIA A100 80GB PCIe         0 %            1.19 GiB       


Current Per Node Stats -- Oct  4 07:18:55
--------------------------
            CPU Cores                     Memory                        
Node        Requested   Usage             Requested   Current Use    Max Used            
node0397    2           1.00 (49.92 %)    240.00 GiB  193.02 GiB     209.83 GiB (87.43 %)

Node        GPU Model                     Compute Usage  Memory Usage   
node0397    NVIDIA A100 80GB PCIe         0 %            1.19 GiB       


Current Per Node Stats -- Oct  4 07:19:55
--------------------------
            CPU Cores                     Memory                        
Node        Requested   Usage             Requested   Current Use    Max Used            
node0397    2           1.00 (49.93 %)    240.00 GiB  180.31 GiB     209.83 GiB (87.43 %)

Node        GPU Model                     Compute Usage  Memory Usage   
node0397    NVIDIA A100 80GB PCIe         26 %           1.19 GiB       


Current Per Node Stats -- Oct  4 07:20:55
--------------------------
            CPU Cores                     Memory                        
Node        Requested   Usage             Requested   Current Use    Max Used            
node0397    2           1.00 (49.90 %)    240.00 GiB  192.90 GiB     209.83 GiB (87.43 %)

Node        GPU Model                     Compute Usage  Memory Usage   
node0397    NVIDIA A100 80GB PCIe         0 %            1.19 GiB       


Current Per Node Stats -- Oct  4 07:21:55
--------------------------
            CPU Cores                     Memory                        
Node        Requested   Usage             Requested   Current Use    Max Used            
node0397    2           1.00 (49.96 %)    240.00 GiB  193.33 GiB     209.83 GiB (87.43 %)

Node        GPU Model                     Compute Usage  Memory Usage   
node0397    NVIDIA A100 80GB PCIe         0 %            1.19 GiB       


Current Per Node Stats -- Oct  4 07:22:55
--------------------------
            CPU Cores                     Memory                        
Node        Requested   Usage             Requested   Current Use    Max Used            
node0397    2           1.00 (49.96 %)    240.00 GiB  193.84 GiB     209.83 GiB (87.43 %)

Node        GPU Model                     Compute Usage  Memory Usage   
node0397    NVIDIA A100 80GB PCIe         0 %            1.19 GiB       


Current Per Node Stats -- Oct  4 07:23:55
--------------------------
            CPU Cores                     Memory                        
Node        Requested   Usage             Requested   Current Use    Max Used            
node0397    2           1.00 (49.96 %)    240.00 GiB  194.27 GiB     209.83 GiB (87.43 %)

Node        GPU Model                     Compute Usage  Memory Usage   
node0397    NVIDIA A100 80GB PCIe         0 %            1.19 GiB       


Current Per Node Stats -- Oct  4 07:24:55
--------------------------
            CPU Cores                     Memory                        
Node        Requested   Usage             Requested   Current Use    Max Used            
node0397    2           1.00 (49.94 %)    240.00 GiB  186.75 GiB     209.83 GiB (87.43 %)

Node        GPU Model                     Compute Usage  Memory Usage   
node0397    NVIDIA A100 80GB PCIe         33 %           1.19 GiB       


Current Per Node Stats -- Oct  4 07:25:55
--------------------------
            CPU Cores                     Memory                        
Node        Requested   Usage             Requested   Current Use    Max Used            
node0397    2           1.00 (49.96 %)    240.00 GiB  193.14 GiB     209.83 GiB (87.43 %)

Node        GPU Model                     Compute Usage  Memory Usage   
node0397    NVIDIA A100 80GB PCIe         0 %            1.19 GiB       


Current Per Node Stats -- Oct  4 07:26:55
--------------------------
            CPU Cores                     Memory                        
Node        Requested   Usage             Requested   Current Use    Max Used            
node0397    2           1.00 (49.92 %)    240.00 GiB  186.95 GiB     209.83 GiB (87.43 %)

Node        GPU Model                     Compute Usage  Memory Usage   
node0397    NVIDIA A100 80GB PCIe         25 %           1.19 GiB       


Current Per Node Stats -- Oct  4 07:27:55
--------------------------
            CPU Cores                     Memory                        
Node        Requested   Usage             Requested   Current Use    Max Used            
node0397    2           1.00 (49.96 %)    240.00 GiB  193.19 GiB     209.83 GiB (87.43 %)

Node        GPU Model                     Compute Usage  Memory Usage   
node0397    NVIDIA A100 80GB PCIe         0 %            1.19 GiB       


Current Per Node Stats -- Oct  4 07:28:55
--------------------------
            CPU Cores                     Memory                        
Node        Requested   Usage             Requested   Current Use    Max Used            
node0397    2           1.00 (49.96 %)    240.00 GiB  193.63 GiB     209.83 GiB (87.43 %)

Node        GPU Model                     Compute Usage  Memory Usage   
node0397    NVIDIA A100 80GB PCIe         0 %            1.19 GiB       


Current Per Node Stats -- Oct  4 07:29:55
--------------------------
            CPU Cores                     Memory                        
Node        Requested   Usage             Requested   Current Use    Max Used            
node0397    2           1.00 (49.96 %)    240.00 GiB  194.13 GiB     209.83 GiB (87.43 %)

Node        GPU Model                     Compute Usage  Memory Usage   
node0397    NVIDIA A100 80GB PCIe         0 %            1.19 GiB       


Current Per Node Stats -- Oct  4 07:30:55
--------------------------
            CPU Cores                     Memory                        
Node        Requested   Usage             Requested   Current Use    Max Used            
node0397    2           1.00 (49.96 %)    240.00 GiB  193.01 GiB     209.83 GiB (87.43 %)

Node        GPU Model                     Compute Usage  Memory Usage   
node0397    NVIDIA A100 80GB PCIe         0 %            1.19 GiB       


Current Per Node Stats -- Oct  4 07:31:55
--------------------------
            CPU Cores                     Memory                        
Node        Requested   Usage             Requested   Current Use    Max Used            
node0397    2           1.00 (49.92 %)    240.00 GiB  195.51 GiB     209.83 GiB (87.43 %)

Node        GPU Model                     Compute Usage  Memory Usage   
node0397    NVIDIA A100 80GB PCIe         0 %            1.19 GiB       


Current Per Node Stats -- Oct  4 07:32:55
--------------------------
            CPU Cores                     Memory                        
Node        Requested   Usage             Requested   Current Use    Max Used            
node0397    2           1.00 (49.94 %)    240.00 GiB  195.95 GiB     209.83 GiB (87.43 %)

Node        GPU Model                     Compute Usage  Memory Usage   
node0397    NVIDIA A100 80GB PCIe         0 %            1.19 GiB       


Current Per Node Stats -- Oct  4 07:33:55
--------------------------
            CPU Cores                     Memory                        
Node        Requested   Usage             Requested   Current Use    Max Used            
node0397    2           1.00 (49.97 %)    240.00 GiB  196.45 GiB     209.83 GiB (87.43 %)

Node        GPU Model                     Compute Usage  Memory Usage   
node0397    NVIDIA A100 80GB PCIe         0 %            1.19 GiB       


Current Per Node Stats -- Oct  4 07:34:55
--------------------------
            CPU Cores                     Memory                        
Node        Requested   Usage             Requested   Current Use    Max Used            
node0397    2           1.00 (49.96 %)    240.00 GiB  196.95 GiB     209.83 GiB (87.43 %)

Node        GPU Model                     Compute Usage  Memory Usage   
node0397    NVIDIA A100 80GB PCIe         0 %            1.19 GiB       


Current Per Node Stats -- Oct  4 07:35:55
--------------------------
            CPU Cores                     Memory                        
Node        Requested   Usage             Requested   Current Use    Max Used            
node0397    2           1.00 (49.95 %)    240.00 GiB  196.82 GiB     209.83 GiB (87.43 %)

Node        GPU Model                     Compute Usage  Memory Usage   
node0397    NVIDIA A100 80GB PCIe         0 %            1.19 GiB       


Current Per Node Stats -- Oct  4 07:36:55
--------------------------
            CPU Cores                     Memory                        
Node        Requested   Usage             Requested   Current Use    Max Used            
node0397    2           1.00 (49.95 %)    240.00 GiB  197.33 GiB     209.83 GiB (87.43 %)

Node        GPU Model                     Compute Usage  Memory Usage   
node0397    NVIDIA A100 80GB PCIe         0 %            1.19 GiB       


Current Per Node Stats -- Oct  4 07:37:55
--------------------------
            CPU Cores                     Memory                        
Node        Requested   Usage             Requested   Current Use    Max Used            
node0397    2           1.00 (49.96 %)    240.00 GiB  197.76 GiB     209.83 GiB (87.43 %)

Node        GPU Model                     Compute Usage  Memory Usage   
node0397    NVIDIA A100 80GB PCIe         0 %            1.19 GiB       


Current Per Node Stats -- Oct  4 07:38:55
--------------------------
            CPU Cores                     Memory                        
Node        Requested   Usage             Requested   Current Use    Max Used            
node0397    2           1.00 (49.96 %)    240.00 GiB  198.27 GiB     209.83 GiB (87.43 %)

Node        GPU Model                     Compute Usage  Memory Usage   
node0397    NVIDIA A100 80GB PCIe         0 %            1.19 GiB       


Current Per Node Stats -- Oct  4 07:39:55
--------------------------
            CPU Cores                     Memory                        
Node        Requested   Usage             Requested   Current Use    Max Used            
node0397    2           1.00 (49.96 %)    240.00 GiB  198.14 GiB     209.83 GiB (87.43 %)

Node        GPU Model                     Compute Usage  Memory Usage   
node0397    NVIDIA A100 80GB PCIe         0 %            1.19 GiB       


Current Per Node Stats -- Oct  4 07:40:55
--------------------------
            CPU Cores                     Memory                        
Node        Requested   Usage             Requested   Current Use    Max Used            
node0397    2           1.00 (49.96 %)    240.00 GiB  198.57 GiB     209.83 GiB (87.43 %)

Node        GPU Model                     Compute Usage  Memory Usage   
node0397    NVIDIA A100 80GB PCIe         0 %            1.19 GiB       


Current Per Node Stats -- Oct  4 07:41:55
--------------------------
            CPU Cores                     Memory                        
Node        Requested   Usage             Requested   Current Use    Max Used            
node0397    2           1.00 (49.96 %)    240.00 GiB  199.08 GiB     209.83 GiB (87.43 %)

Node        GPU Model                     Compute Usage  Memory Usage   
node0397    NVIDIA A100 80GB PCIe         0 %            1.19 GiB       


Current Per Node Stats -- Oct  4 07:42:55
--------------------------
            CPU Cores                     Memory                        
Node        Requested   Usage             Requested   Current Use    Max Used            
node0397    2           1.00 (49.96 %)    240.00 GiB  199.51 GiB     209.83 GiB (87.43 %)

Node        GPU Model                     Compute Usage  Memory Usage   
node0397    NVIDIA A100 80GB PCIe         0 %            1.19 GiB       


Current Per Node Stats -- Oct  4 07:43:55
--------------------------
            CPU Cores                     Memory                        
Node        Requested   Usage             Requested   Current Use    Max Used            
node0397    2           1.00 (49.97 %)    240.00 GiB  199.95 GiB     209.83 GiB (87.43 %)

Node        GPU Model                     Compute Usage  Memory Usage   
node0397    NVIDIA A100 80GB PCIe         0 %            1.19 GiB       


Current Per Node Stats -- Oct  4 07:44:55
--------------------------
            CPU Cores                     Memory                        
Node        Requested   Usage             Requested   Current Use    Max Used            
node0397    2           1.00 (49.96 %)    240.00 GiB  200.39 GiB     209.83 GiB (87.43 %)

Node        GPU Model                     Compute Usage  Memory Usage   
node0397    NVIDIA A100 80GB PCIe         0 %            1.19 GiB       


Current Per Node Stats -- Oct  4 07:45:55
--------------------------
            CPU Cores                     Memory                        
Node        Requested   Usage             Requested   Current Use    Max Used            
node0397    2           1.00 (49.96 %)    240.00 GiB  200.81 GiB     209.83 GiB (87.43 %)

Node        GPU Model                     Compute Usage  Memory Usage   
node0397    NVIDIA A100 80GB PCIe         0 %            1.19 GiB       


Current Per Node Stats -- Oct  4 07:46:55
--------------------------
            CPU Cores                     Memory                        
Node        Requested   Usage             Requested   Current Use    Max Used            
node0397    2           1.00 (49.94 %)    240.00 GiB  199.42 GiB     209.83 GiB (87.43 %)

Node        GPU Model                     Compute Usage  Memory Usage   
node0397    NVIDIA A100 80GB PCIe         0 %            1.19 GiB       


Current Per Node Stats -- Oct  4 07:47:55
--------------------------
            CPU Cores                     Memory                        
Node        Requested   Usage             Requested   Current Use    Max Used            
node0397    2           0.99 (49.53 %)    240.00 GiB  188.32 GiB     209.83 GiB (87.43 %)

Node        GPU Model                     Compute Usage  Memory Usage   
node0397    NVIDIA A100 80GB PCIe         0 %            1.19 GiB       


Current Per Node Stats -- Oct  4 07:48:55
--------------------------
            CPU Cores                     Memory                        
Node        Requested   Usage             Requested   Current Use    Max Used            
node0397    2           1.00 (49.96 %)    240.00 GiB  193.19 GiB     209.83 GiB (87.43 %)

Node        GPU Model                     Compute Usage  Memory Usage   
node0397    NVIDIA A100 80GB PCIe         0 %            1.19 GiB       


Current Per Node Stats -- Oct  4 07:49:55
--------------------------
            CPU Cores                     Memory                        
Node        Requested   Usage             Requested   Current Use    Max Used            
node0397    2           1.00 (49.95 %)    240.00 GiB  193.69 GiB     209.83 GiB (87.43 %)

Node        GPU Model                     Compute Usage  Memory Usage   
node0397    NVIDIA A100 80GB PCIe         0 %            1.19 GiB       


Current Per Node Stats -- Oct  4 07:50:55
--------------------------
            CPU Cores                     Memory                        
Node        Requested   Usage             Requested   Current Use    Max Used            
node0397    2           1.00 (49.97 %)    240.00 GiB  194.19 GiB     209.83 GiB (87.43 %)

Node        GPU Model                     Compute Usage  Memory Usage   
node0397    NVIDIA A100 80GB PCIe         0 %            1.19 GiB       


Current Per Node Stats -- Oct  4 07:51:55
--------------------------
            CPU Cores                     Memory                        
Node        Requested   Usage             Requested   Current Use    Max Used            
node0397    2           1.00 (49.96 %)    240.00 GiB  192.26 GiB     209.83 GiB (87.43 %)

Node        GPU Model                     Compute Usage  Memory Usage   
node0397    NVIDIA A100 80GB PCIe         34 %           1.19 GiB       


Current Per Node Stats -- Oct  4 07:52:55
--------------------------
            CPU Cores                     Memory                        
Node        Requested   Usage             Requested   Current Use    Max Used            
node0397    2           1.00 (49.94 %)    240.00 GiB  195.57 GiB     209.83 GiB (87.43 %)

Node        GPU Model                     Compute Usage  Memory Usage   
node0397    NVIDIA A100 80GB PCIe         0 %            1.19 GiB       


Current Per Node Stats -- Oct  4 07:53:55
--------------------------
            CPU Cores                     Memory                        
Node        Requested   Usage             Requested   Current Use    Max Used            
node0397    2           1.00 (49.97 %)    240.00 GiB  196.01 GiB     209.83 GiB (87.43 %)

Node        GPU Model                     Compute Usage  Memory Usage   
node0397    NVIDIA A100 80GB PCIe         0 %            1.19 GiB       


Current Per Node Stats -- Oct  4 07:54:55
--------------------------
            CPU Cores                     Memory                        
Node        Requested   Usage             Requested   Current Use    Max Used            
node0397    2           1.00 (49.96 %)    240.00 GiB  196.52 GiB     209.83 GiB (87.43 %)

Node        GPU Model                     Compute Usage  Memory Usage   
node0397    NVIDIA A100 80GB PCIe         0 %            1.19 GiB       


Current Per Node Stats -- Oct  4 07:55:55
--------------------------
            CPU Cores                     Memory                        
Node        Requested   Usage             Requested   Current Use    Max Used            
node0397    2           1.00 (49.96 %)    240.00 GiB  196.89 GiB     209.83 GiB (87.43 %)

Node        GPU Model                     Compute Usage  Memory Usage   
node0397    NVIDIA A100 80GB PCIe         0 %            1.19 GiB       


Current Per Node Stats -- Oct  4 07:56:55
--------------------------
            CPU Cores                     Memory                        
Node        Requested   Usage             Requested   Current Use    Max Used            
node0397    2           1.00 (49.96 %)    240.00 GiB  196.76 GiB     209.83 GiB (87.43 %)

Node        GPU Model                     Compute Usage  Memory Usage   
node0397    NVIDIA A100 80GB PCIe         0 %            1.19 GiB       


Current Per Node Stats -- Oct  4 07:57:55
--------------------------
            CPU Cores                     Memory                        
Node        Requested   Usage             Requested   Current Use    Max Used            
node0397    2           1.00 (49.96 %)    240.00 GiB  197.20 GiB     209.83 GiB (87.43 %)

Node        GPU Model                     Compute Usage  Memory Usage   
node0397    NVIDIA A100 80GB PCIe         0 %            1.19 GiB       


Current Per Node Stats -- Oct  4 07:58:55
--------------------------
            CPU Cores                     Memory                        
Node        Requested   Usage             Requested   Current Use    Max Used            
node0397    2           1.00 (49.96 %)    240.00 GiB  197.58 GiB     209.83 GiB (87.43 %)

Node        GPU Model                     Compute Usage  Memory Usage   
node0397    NVIDIA A100 80GB PCIe         0 %            1.19 GiB       


Current Per Node Stats -- Oct  4 07:59:55
--------------------------
            CPU Cores                     Memory                        
Node        Requested   Usage             Requested   Current Use    Max Used            
node0397    2           1.00 (49.97 %)    240.00 GiB  198.02 GiB     209.83 GiB (87.43 %)

Node        GPU Model                     Compute Usage  Memory Usage   
node0397    NVIDIA A100 80GB PCIe         0 %            1.19 GiB       


Current Per Node Stats -- Oct  4 08:00:55
--------------------------
            CPU Cores                     Memory                        
Node        Requested   Usage             Requested   Current Use    Max Used            
node0397    2           1.00 (49.96 %)    240.00 GiB  197.95 GiB     209.83 GiB (87.43 %)

Node        GPU Model                     Compute Usage  Memory Usage   
node0397    NVIDIA A100 80GB PCIe         0 %            1.19 GiB       


Current Per Node Stats -- Oct  4 08:01:55
--------------------------
            CPU Cores                     Memory                        
Node        Requested   Usage             Requested   Current Use    Max Used            
node0397    2           1.00 (49.97 %)    240.00 GiB  198.39 GiB     209.83 GiB (87.43 %)

Node        GPU Model                     Compute Usage  Memory Usage   
node0397    NVIDIA A100 80GB PCIe         0 %            1.19 GiB       


Current Per Node Stats -- Oct  4 08:02:55
--------------------------
            CPU Cores                     Memory                        
Node        Requested   Usage             Requested   Current Use    Max Used            
node0397    2           1.00 (49.95 %)    240.00 GiB  198.82 GiB     209.83 GiB (87.43 %)

Node        GPU Model                     Compute Usage  Memory Usage   
node0397    NVIDIA A100 80GB PCIe         0 %            1.19 GiB       


Current Per Node Stats -- Oct  4 08:03:55
--------------------------
            CPU Cores                     Memory                        
Node        Requested   Usage             Requested   Current Use    Max Used            
node0397    2           1.00 (49.96 %)    240.00 GiB  199.20 GiB     209.83 GiB (87.43 %)

Node        GPU Model                     Compute Usage  Memory Usage   
node0397    NVIDIA A100 80GB PCIe         0 %            1.19 GiB       


Current Per Node Stats -- Oct  4 08:04:55
--------------------------
            CPU Cores                     Memory                        
Node        Requested   Usage             Requested   Current Use    Max Used            
node0397    2           1.00 (49.96 %)    240.00 GiB  199.70 GiB     209.83 GiB (87.43 %)

Node        GPU Model                     Compute Usage  Memory Usage   
node0397    NVIDIA A100 80GB PCIe         0 %            1.19 GiB       


Current Per Node Stats -- Oct  4 08:05:55
--------------------------
            CPU Cores                     Memory                        
Node        Requested   Usage             Requested   Current Use    Max Used            
node0397    2           1.00 (49.96 %)    240.00 GiB  200.14 GiB     209.83 GiB (87.43 %)

Node        GPU Model                     Compute Usage  Memory Usage   
node0397    NVIDIA A100 80GB PCIe         0 %            1.19 GiB       


Current Per Node Stats -- Oct  4 08:06:55
--------------------------
            CPU Cores                     Memory                        
Node        Requested   Usage             Requested   Current Use    Max Used            
node0397    2           1.00 (49.96 %)    240.00 GiB  200.58 GiB     209.83 GiB (87.43 %)

Node        GPU Model                     Compute Usage  Memory Usage   
node0397    NVIDIA A100 80GB PCIe         0 %            1.19 GiB       


Current Per Node Stats -- Oct  4 08:07:55
--------------------------
            CPU Cores                     Memory                        
Node        Requested   Usage             Requested   Current Use    Max Used            
node0397    2           1.00 (49.97 %)    240.00 GiB  199.12 GiB     209.83 GiB (87.43 %)

Node        GPU Model                     Compute Usage  Memory Usage   
node0397    NVIDIA A100 80GB PCIe         0 %            1.19 GiB       


Current Per Node Stats -- Oct  4 08:08:55
--------------------------
            CPU Cores                     Memory                        
Node        Requested   Usage             Requested   Current Use    Max Used            
node0397    2           1.00 (49.96 %)    240.00 GiB  199.56 GiB     209.83 GiB (87.43 %)

Node        GPU Model                     Compute Usage  Memory Usage   
node0397    NVIDIA A100 80GB PCIe         0 %            1.19 GiB       


Current Per Node Stats -- Oct  4 08:09:55
--------------------------
            CPU Cores                     Memory                        
Node        Requested   Usage             Requested   Current Use    Max Used            
node0397    2           1.00 (49.92 %)    240.00 GiB  194.13 GiB     209.83 GiB (87.43 %)

Node        GPU Model                     Compute Usage  Memory Usage   
node0397    NVIDIA A100 80GB PCIe         0 %            1.19 GiB       


Current Per Node Stats -- Oct  4 08:10:55
--------------------------
            CPU Cores                     Memory                        
Node        Requested   Usage             Requested   Current Use    Max Used            
node0397    2           1.00 (49.96 %)    240.00 GiB  194.57 GiB     209.83 GiB (87.43 %)

Node        GPU Model                     Compute Usage  Memory Usage   
node0397    NVIDIA A100 80GB PCIe         0 %            1.19 GiB       


Current Per Node Stats -- Oct  4 08:11:55
--------------------------
            CPU Cores                     Memory                        
Node        Requested   Usage             Requested   Current Use    Max Used            
node0397    2           1.00 (49.96 %)    240.00 GiB  195.01 GiB     209.83 GiB (87.43 %)

Node        GPU Model                     Compute Usage  Memory Usage   
node0397    NVIDIA A100 80GB PCIe         0 %            1.19 GiB       


Current Per Node Stats -- Oct  4 08:12:55
--------------------------
            CPU Cores                     Memory                        
Node        Requested   Usage             Requested   Current Use    Max Used            
node0397    2           1.00 (49.96 %)    240.00 GiB  195.39 GiB     209.83 GiB (87.43 %)

Node        GPU Model                     Compute Usage  Memory Usage   
node0397    NVIDIA A100 80GB PCIe         0 %            1.19 GiB       


Current Per Node Stats -- Oct  4 08:13:55
--------------------------
            CPU Cores                     Memory                        
Node        Requested   Usage             Requested   Current Use    Max Used            
node0397    2           1.00 (49.96 %)    240.00 GiB  195.82 GiB     209.83 GiB (87.43 %)

Node        GPU Model                     Compute Usage  Memory Usage   
node0397    NVIDIA A100 80GB PCIe         0 %            1.19 GiB       


Current Per Node Stats -- Oct  4 08:14:55
--------------------------
            CPU Cores                     Memory                        
Node        Requested   Usage             Requested   Current Use    Max Used            
node0397    2           1.00 (49.92 %)    240.00 GiB  196.71 GiB     209.83 GiB (87.43 %)

Node        GPU Model                     Compute Usage  Memory Usage   
node0397    NVIDIA A100 80GB PCIe         0 %            1.19 GiB       


Current Per Node Stats -- Oct  4 08:15:55
--------------------------
            CPU Cores                     Memory                        
Node        Requested   Usage             Requested   Current Use    Max Used            
node0397    2           1.00 (49.96 %)    240.00 GiB  197.15 GiB     209.83 GiB (87.43 %)

Node        GPU Model                     Compute Usage  Memory Usage   
node0397    NVIDIA A100 80GB PCIe         0 %            1.19 GiB       


Current Per Node Stats -- Oct  4 08:16:55
--------------------------
            CPU Cores                     Memory                        
Node        Requested   Usage             Requested   Current Use    Max Used            
node0397    2           1.00 (49.96 %)    240.00 GiB  197.58 GiB     209.83 GiB (87.43 %)

Node        GPU Model                     Compute Usage  Memory Usage   
node0397    NVIDIA A100 80GB PCIe         0 %            1.19 GiB       


Current Per Node Stats -- Oct  4 08:17:55
--------------------------
            CPU Cores                     Memory                        
Node        Requested   Usage             Requested   Current Use    Max Used            
node0397    2           1.00 (49.96 %)    240.00 GiB  198.02 GiB     209.83 GiB (87.43 %)

Node        GPU Model                     Compute Usage  Memory Usage   
node0397    NVIDIA A100 80GB PCIe         0 %            1.19 GiB       


Current Per Node Stats -- Oct  4 08:18:55
--------------------------
            CPU Cores                     Memory                        
Node        Requested   Usage             Requested   Current Use    Max Used            
node0397    2           1.00 (49.96 %)    240.00 GiB  197.86 GiB     209.83 GiB (87.43 %)

Node        GPU Model                     Compute Usage  Memory Usage   
node0397    NVIDIA A100 80GB PCIe         0 %            1.19 GiB       


Current Per Node Stats -- Oct  4 08:19:55
--------------------------
            CPU Cores                     Memory                        
Node        Requested   Usage             Requested   Current Use    Max Used            
node0397    2           1.00 (49.96 %)    240.00 GiB  198.33 GiB     209.83 GiB (87.43 %)

Node        GPU Model                     Compute Usage  Memory Usage   
node0397    NVIDIA A100 80GB PCIe         0 %            1.19 GiB       


Current Per Node Stats -- Oct  4 08:20:55
--------------------------
            CPU Cores                     Memory                        
Node        Requested   Usage             Requested   Current Use    Max Used            
node0397    2           1.00 (49.96 %)    240.00 GiB  198.77 GiB     209.83 GiB (87.43 %)

Node        GPU Model                     Compute Usage  Memory Usage   
node0397    NVIDIA A100 80GB PCIe         0 %            1.19 GiB       


Current Per Node Stats -- Oct  4 08:21:55
--------------------------
            CPU Cores                     Memory                        
Node        Requested   Usage             Requested   Current Use    Max Used            
node0397    2           1.00 (49.97 %)    240.00 GiB  199.21 GiB     209.83 GiB (87.43 %)

Node        GPU Model                     Compute Usage  Memory Usage   
node0397    NVIDIA A100 80GB PCIe         0 %            1.19 GiB       


Current Per Node Stats -- Oct  4 08:22:55
--------------------------
            CPU Cores                     Memory                        
Node        Requested   Usage             Requested   Current Use    Max Used            
node0397    2           1.00 (49.96 %)    240.00 GiB  199.59 GiB     209.83 GiB (87.43 %)

Node        GPU Model                     Compute Usage  Memory Usage   
node0397    NVIDIA A100 80GB PCIe         0 %            1.19 GiB       


Current Per Node Stats -- Oct  4 08:23:55
--------------------------
            CPU Cores                     Memory                        
Node        Requested   Usage             Requested   Current Use    Max Used            
node0397    2           1.00 (49.96 %)    240.00 GiB  199.46 GiB     209.83 GiB (87.43 %)

Node        GPU Model                     Compute Usage  Memory Usage   
node0397    NVIDIA A100 80GB PCIe         0 %            1.19 GiB       


Current Per Node Stats -- Oct  4 08:24:55
--------------------------
            CPU Cores                     Memory                        
Node        Requested   Usage             Requested   Current Use    Max Used            
node0397    2           1.00 (49.96 %)    240.00 GiB  199.90 GiB     209.83 GiB (87.43 %)

Node        GPU Model                     Compute Usage  Memory Usage   
node0397    NVIDIA A100 80GB PCIe         0 %            1.19 GiB       


Current Per Node Stats -- Oct  4 08:25:55
--------------------------
            CPU Cores                     Memory                        
Node        Requested   Usage             Requested   Current Use    Max Used            
node0397    2           1.00 (49.96 %)    240.00 GiB  200.40 GiB     209.83 GiB (87.43 %)

Node        GPU Model                     Compute Usage  Memory Usage   
node0397    NVIDIA A100 80GB PCIe         0 %            1.19 GiB       


Current Per Node Stats -- Oct  4 08:26:55
--------------------------
            CPU Cores                     Memory                        
Node        Requested   Usage             Requested   Current Use    Max Used            
node0397    2           1.00 (49.95 %)    240.00 GiB  200.77 GiB     209.83 GiB (87.43 %)

Node        GPU Model                     Compute Usage  Memory Usage   
node0397    NVIDIA A100 80GB PCIe         0 %            1.19 GiB       


Current Per Node Stats -- Oct  4 08:27:55
--------------------------
            CPU Cores                     Memory                        
Node        Requested   Usage             Requested   Current Use    Max Used            
node0397    2           1.00 (49.96 %)    240.00 GiB  201.15 GiB     209.83 GiB (87.43 %)

Node        GPU Model                     Compute Usage  Memory Usage   
node0397    NVIDIA A100 80GB PCIe         0 %            1.19 GiB       


Current Per Node Stats -- Oct  4 08:28:55
--------------------------
            CPU Cores                     Memory                        
Node        Requested   Usage             Requested   Current Use    Max Used            
node0397    2           1.00 (49.97 %)    240.00 GiB  201.52 GiB     209.83 GiB (87.43 %)

Node        GPU Model                     Compute Usage  Memory Usage   
node0397    NVIDIA A100 80GB PCIe         0 %            1.19 GiB       


Current Per Node Stats -- Oct  4 08:29:55
--------------------------
            CPU Cores                     Memory                        
Node        Requested   Usage             Requested   Current Use    Max Used            
node0397    2           1.00 (49.96 %)    240.00 GiB  201.95 GiB     209.83 GiB (87.43 %)

Node        GPU Model                     Compute Usage  Memory Usage   
node0397    NVIDIA A100 80GB PCIe         0 %            1.19 GiB       


Current Per Node Stats -- Oct  4 08:30:55
--------------------------
            CPU Cores                     Memory                        
Node        Requested   Usage             Requested   Current Use    Max Used            
node0397    2           1.00 (49.97 %)    240.00 GiB  200.50 GiB     209.83 GiB (87.43 %)

Node        GPU Model                     Compute Usage  Memory Usage   
node0397    NVIDIA A100 80GB PCIe         0 %            1.19 GiB       


Current Per Node Stats -- Oct  4 08:31:55
--------------------------
            CPU Cores                     Memory                        
Node        Requested   Usage             Requested   Current Use    Max Used            
node0397    2           1.00 (49.94 %)    240.00 GiB  194.01 GiB     209.83 GiB (87.43 %)

Node        GPU Model                     Compute Usage  Memory Usage   
node0397    NVIDIA A100 80GB PCIe         26 %           1.19 GiB       


Current Per Node Stats -- Oct  4 08:32:55
--------------------------
            CPU Cores                     Memory                        
Node        Requested   Usage             Requested   Current Use    Max Used            
node0397    2           1.00 (49.86 %)    240.00 GiB  196.84 GiB     209.83 GiB (87.43 %)

Node        GPU Model                     Compute Usage  Memory Usage   
node0397    NVIDIA A100 80GB PCIe         0 %            1.19 GiB       


Current Per Node Stats -- Oct  4 08:33:55
--------------------------
            CPU Cores                     Memory                        
Node        Requested   Usage             Requested   Current Use    Max Used            
node0397    2           1.00 (49.97 %)    240.00 GiB  197.28 GiB     209.83 GiB (87.43 %)

Node        GPU Model                     Compute Usage  Memory Usage   
node0397    NVIDIA A100 80GB PCIe         0 %            1.19 GiB       


Current Per Node Stats -- Oct  4 08:34:55
--------------------------
            CPU Cores                     Memory                        
Node        Requested   Usage             Requested   Current Use    Max Used            
node0397    2           1.00 (49.96 %)    240.00 GiB  197.78 GiB     209.83 GiB (87.43 %)

Node        GPU Model                     Compute Usage  Memory Usage   
node0397    NVIDIA A100 80GB PCIe         0 %            1.19 GiB       


Current Per Node Stats -- Oct  4 08:35:55
--------------------------
            CPU Cores                     Memory                        
Node        Requested   Usage             Requested   Current Use    Max Used            
node0397    2           1.00 (49.97 %)    240.00 GiB  198.22 GiB     209.83 GiB (87.43 %)

Node        GPU Model                     Compute Usage  Memory Usage   
node0397    NVIDIA A100 80GB PCIe         0 %            1.19 GiB       


Current Per Node Stats -- Oct  4 08:36:55
--------------------------
            CPU Cores                     Memory                        
Node        Requested   Usage             Requested   Current Use    Max Used            
node0397    2           1.00 (49.96 %)    240.00 GiB  198.02 GiB     209.83 GiB (87.43 %)

Node        GPU Model                     Compute Usage  Memory Usage   
node0397    NVIDIA A100 80GB PCIe         0 %            1.19 GiB       


Current Per Node Stats -- Oct  4 08:37:55
--------------------------
            CPU Cores                     Memory                        
Node        Requested   Usage             Requested   Current Use    Max Used            
node0397    2           1.00 (49.97 %)    240.00 GiB  198.53 GiB     209.83 GiB (87.43 %)

Node        GPU Model                     Compute Usage  Memory Usage   
node0397    NVIDIA A100 80GB PCIe         0 %            1.19 GiB       


Current Per Node Stats -- Oct  4 08:38:55
--------------------------
            CPU Cores                     Memory                        
Node        Requested   Usage             Requested   Current Use    Max Used            
node0397    2           1.00 (49.97 %)    240.00 GiB  199.03 GiB     209.83 GiB (87.43 %)

Node        GPU Model                     Compute Usage  Memory Usage   
node0397    NVIDIA A100 80GB PCIe         0 %            1.19 GiB       


Current Per Node Stats -- Oct  4 08:39:55
--------------------------
            CPU Cores                     Memory                        
Node        Requested   Usage             Requested   Current Use    Max Used            
node0397    2           1.00 (49.94 %)    240.00 GiB  199.47 GiB     209.83 GiB (87.43 %)

Node        GPU Model                     Compute Usage  Memory Usage   
node0397    NVIDIA A100 80GB PCIe         0 %            1.19 GiB       


Current Per Node Stats -- Oct  4 08:40:55
--------------------------
            CPU Cores                     Memory                        
Node        Requested   Usage             Requested   Current Use    Max Used            
node0397    2           1.00 (49.88 %)    240.00 GiB  199.97 GiB     209.83 GiB (87.43 %)

Node        GPU Model                     Compute Usage  Memory Usage   
node0397    NVIDIA A100 80GB PCIe         0 %            1.19 GiB       


Current Per Node Stats -- Oct  4 08:41:55
--------------------------
            CPU Cores                     Memory                        
Node        Requested   Usage             Requested   Current Use    Max Used            
node0397    2           1.00 (49.96 %)    240.00 GiB  200.41 GiB     209.83 GiB (87.43 %)

Node        GPU Model                     Compute Usage  Memory Usage   
node0397    NVIDIA A100 80GB PCIe         0 %            1.19 GiB       


Current Per Node Stats -- Oct  4 08:42:55
--------------------------
            CPU Cores                     Memory                        
Node        Requested   Usage             Requested   Current Use    Max Used            
node0397    2           1.00 (49.97 %)    240.00 GiB  200.84 GiB     209.83 GiB (87.43 %)

Node        GPU Model                     Compute Usage  Memory Usage   
node0397    NVIDIA A100 80GB PCIe         0 %            1.19 GiB       


Current Per Node Stats -- Oct  4 08:43:55
--------------------------
            CPU Cores                     Memory                        
Node        Requested   Usage             Requested   Current Use    Max Used            
node0397    2           1.00 (49.91 %)    240.00 GiB  196.68 GiB     209.83 GiB (87.43 %)

Node        GPU Model                     Compute Usage  Memory Usage   
node0397    NVIDIA A100 80GB PCIe         0 %            1.19 GiB       


Current Per Node Stats -- Oct  4 08:44:55
--------------------------
            CPU Cores                     Memory                        
Node        Requested   Usage             Requested   Current Use    Max Used            
node0397    2           1.00 (49.96 %)    240.00 GiB  197.12 GiB     209.83 GiB (87.43 %)

Node        GPU Model                     Compute Usage  Memory Usage   
node0397    NVIDIA A100 80GB PCIe         0 %            1.19 GiB       


Current Per Node Stats -- Oct  4 08:45:55
--------------------------
            CPU Cores                     Memory                        
Node        Requested   Usage             Requested   Current Use    Max Used            
node0397    2           1.00 (49.96 %)    240.00 GiB  197.56 GiB     209.83 GiB (87.43 %)

Node        GPU Model                     Compute Usage  Memory Usage   
node0397    NVIDIA A100 80GB PCIe         0 %            1.19 GiB       


Current Per Node Stats -- Oct  4 08:46:55
--------------------------
            CPU Cores                     Memory                        
Node        Requested   Usage             Requested   Current Use    Max Used            
node0397    2           1.00 (49.96 %)    240.00 GiB  198.00 GiB     209.83 GiB (87.43 %)

Node        GPU Model                     Compute Usage  Memory Usage   
node0397    NVIDIA A100 80GB PCIe         0 %            1.19 GiB       


Current Per Node Stats -- Oct  4 08:47:55
--------------------------
            CPU Cores                     Memory                        
Node        Requested   Usage             Requested   Current Use    Max Used            
node0397    2           1.00 (49.96 %)    240.00 GiB  197.87 GiB     209.83 GiB (87.43 %)

Node        GPU Model                     Compute Usage  Memory Usage   
node0397    NVIDIA A100 80GB PCIe         0 %            1.19 GiB       


Current Per Node Stats -- Oct  4 08:48:55
--------------------------
            CPU Cores                     Memory                        
Node        Requested   Usage             Requested   Current Use    Max Used            
node0397    2           1.00 (49.96 %)    240.00 GiB  198.31 GiB     209.83 GiB (87.43 %)

Node        GPU Model                     Compute Usage  Memory Usage   
node0397    NVIDIA A100 80GB PCIe         0 %            1.19 GiB       


Current Per Node Stats -- Oct  4 08:49:55
--------------------------
            CPU Cores                     Memory                        
Node        Requested   Usage             Requested   Current Use    Max Used            
node0397    2           1.00 (49.96 %)    240.00 GiB  198.75 GiB     209.83 GiB (87.43 %)

Node        GPU Model                     Compute Usage  Memory Usage   
node0397    NVIDIA A100 80GB PCIe         0 %            1.19 GiB       


Current Per Node Stats -- Oct  4 08:50:55
--------------------------
            CPU Cores                     Memory                        
Node        Requested   Usage             Requested   Current Use    Max Used            
node0397    2           1.00 (49.96 %)    240.00 GiB  199.19 GiB     209.83 GiB (87.43 %)

Node        GPU Model                     Compute Usage  Memory Usage   
node0397    NVIDIA A100 80GB PCIe         0 %            1.19 GiB       


Current Per Node Stats -- Oct  4 08:51:55
--------------------------
            CPU Cores                     Memory                        
Node        Requested   Usage             Requested   Current Use    Max Used            
node0397    2           1.00 (49.96 %)    240.00 GiB  199.06 GiB     209.83 GiB (87.43 %)

Node        GPU Model                     Compute Usage  Memory Usage   
node0397    NVIDIA A100 80GB PCIe         0 %            1.19 GiB       


Current Per Node Stats -- Oct  4 08:52:55
--------------------------
            CPU Cores                     Memory                        
Node        Requested   Usage             Requested   Current Use    Max Used            
node0397    2           1.00 (49.96 %)    240.00 GiB  199.50 GiB     209.83 GiB (87.43 %)

Node        GPU Model                     Compute Usage  Memory Usage   
node0397    NVIDIA A100 80GB PCIe         0 %            1.19 GiB       


Current Per Node Stats -- Oct  4 08:53:55
--------------------------
            CPU Cores                     Memory                        
Node        Requested   Usage             Requested   Current Use    Max Used            
node0397    2           1.00 (49.96 %)    240.00 GiB  200.00 GiB     209.83 GiB (87.43 %)

Node        GPU Model                     Compute Usage  Memory Usage   
node0397    NVIDIA A100 80GB PCIe         0 %            1.19 GiB       


Current Per Node Stats -- Oct  4 08:54:55
--------------------------
            CPU Cores                     Memory                        
Node        Requested   Usage             Requested   Current Use    Max Used            
node0397    2           1.00 (49.97 %)    240.00 GiB  200.50 GiB     209.83 GiB (87.43 %)

Node        GPU Model                     Compute Usage  Memory Usage   
node0397    NVIDIA A100 80GB PCIe         0 %            1.19 GiB       


Current Per Node Stats -- Oct  4 08:55:55
--------------------------
            CPU Cores                     Memory                        
Node        Requested   Usage             Requested   Current Use    Max Used            
node0397    2           1.00 (49.96 %)    240.00 GiB  200.88 GiB     209.83 GiB (87.43 %)

Node        GPU Model                     Compute Usage  Memory Usage   
node0397    NVIDIA A100 80GB PCIe         0 %            1.19 GiB       


Current Per Node Stats -- Oct  4 08:56:55
--------------------------
            CPU Cores                     Memory                        
Node        Requested   Usage             Requested   Current Use    Max Used            
node0397    2           1.00 (49.97 %)    240.00 GiB  201.25 GiB     209.83 GiB (87.43 %)

Node        GPU Model                     Compute Usage  Memory Usage   
node0397    NVIDIA A100 80GB PCIe         0 %            1.19 GiB       


Current Per Node Stats -- Oct  4 08:57:55
--------------------------
            CPU Cores                     Memory                        
Node        Requested   Usage             Requested   Current Use    Max Used            
node0397    2           1.00 (49.78 %)    240.00 GiB  201.63 GiB     209.83 GiB (87.43 %)

Node        GPU Model                     Compute Usage  Memory Usage   
node0397    NVIDIA A100 80GB PCIe         0 %            1.19 GiB       


Current Per Node Stats -- Oct  4 08:58:55
--------------------------
            CPU Cores                     Memory                        
Node        Requested   Usage             Requested   Current Use    Max Used            
node0397    2           1.00 (49.96 %)    240.00 GiB  202.06 GiB     209.83 GiB (87.43 %)

Node        GPU Model                     Compute Usage  Memory Usage   
node0397    NVIDIA A100 80GB PCIe         0 %            1.19 GiB       


Current Per Node Stats -- Oct  4 08:59:55
--------------------------
            CPU Cores                     Memory                        
Node        Requested   Usage             Requested   Current Use    Max Used            
node0397    2           1.00 (49.96 %)    240.00 GiB  200.61 GiB     209.83 GiB (87.43 %)

Node        GPU Model                     Compute Usage  Memory Usage   
node0397    NVIDIA A100 80GB PCIe         0 %            1.19 GiB       


Current Per Node Stats -- Oct  4 09:00:55
--------------------------
            CPU Cores                     Memory                        
Node        Requested   Usage             Requested   Current Use    Max Used            
node0397    2           1.00 (49.93 %)    240.00 GiB  200.78 GiB     209.83 GiB (87.43 %)

Node        GPU Model                     Compute Usage  Memory Usage   
node0397    NVIDIA A100 80GB PCIe         25 %           1.19 GiB       


Current Per Node Stats -- Oct  4 09:01:55
--------------------------
            CPU Cores                     Memory                        
Node        Requested   Usage             Requested   Current Use    Max Used            
node0397    2           1.00 (49.95 %)    240.00 GiB  202.06 GiB     209.83 GiB (87.43 %)

Node        GPU Model                     Compute Usage  Memory Usage   
node0397    NVIDIA A100 80GB PCIe         0 %            1.19 GiB       


Current Per Node Stats -- Oct  4 09:02:55
--------------------------
            CPU Cores                     Memory                        
Node        Requested   Usage             Requested   Current Use    Max Used            
node0397    2           1.00 (49.89 %)    240.00 GiB  202.43 GiB     209.83 GiB (87.43 %)

Node        GPU Model                     Compute Usage  Memory Usage   
node0397    NVIDIA A100 80GB PCIe         0 %            1.19 GiB       


Current Per Node Stats -- Oct  4 09:03:55
--------------------------
            CPU Cores                     Memory                        
Node        Requested   Usage             Requested   Current Use    Max Used            
node0397    2           1.00 (49.97 %)    240.00 GiB  202.80 GiB     209.83 GiB (87.43 %)

Node        GPU Model                     Compute Usage  Memory Usage   
node0397    NVIDIA A100 80GB PCIe         0 %            1.19 GiB       


Current Per Node Stats -- Oct  4 09:04:55
--------------------------
            CPU Cores                     Memory                        
Node        Requested   Usage             Requested   Current Use    Max Used            
node0397    2           1.00 (49.96 %)    240.00 GiB  203.24 GiB     209.83 GiB (87.43 %)

Node        GPU Model                     Compute Usage  Memory Usage   
node0397    NVIDIA A100 80GB PCIe         0 %            1.19 GiB       


Current Per Node Stats -- Oct  4 09:05:55
--------------------------
            CPU Cores                     Memory                        
Node        Requested   Usage             Requested   Current Use    Max Used            
node0397    2           1.00 (49.97 %)    240.00 GiB  203.62 GiB     209.83 GiB (87.43 %)

Node        GPU Model                     Compute Usage  Memory Usage   
node0397    NVIDIA A100 80GB PCIe         0 %            1.19 GiB       


Current Per Node Stats -- Oct  4 09:06:55
--------------------------
            CPU Cores                     Memory                        
Node        Requested   Usage             Requested   Current Use    Max Used            
node0397    2           1.00 (49.96 %)    240.00 GiB  204.00 GiB     209.83 GiB (87.43 %)

Node        GPU Model                     Compute Usage  Memory Usage   
node0397    NVIDIA A100 80GB PCIe         0 %            1.19 GiB       


Current Per Node Stats -- Oct  4 09:07:55
--------------------------
            CPU Cores                     Memory                        
Node        Requested   Usage             Requested   Current Use    Max Used            
node0397    2           1.00 (49.96 %)    240.00 GiB  204.43 GiB     209.83 GiB (87.43 %)

Node        GPU Model                     Compute Usage  Memory Usage   
node0397    NVIDIA A100 80GB PCIe         0 %            1.19 GiB       


Current Per Node Stats -- Oct  4 09:08:55
--------------------------
            CPU Cores                     Memory                        
Node        Requested   Usage             Requested   Current Use    Max Used            
node0397    2           1.00 (49.96 %)    240.00 GiB  203.61 GiB     209.83 GiB (87.43 %)

Node        GPU Model                     Compute Usage  Memory Usage   
node0397    NVIDIA A100 80GB PCIe         0 %            1.19 GiB       


Current Per Node Stats -- Oct  4 09:09:55
--------------------------
            CPU Cores                     Memory                        
Node        Requested   Usage             Requested   Current Use    Max Used            
node0397    2           1.00 (49.97 %)    240.00 GiB  204.05 GiB     209.83 GiB (87.43 %)

Node        GPU Model                     Compute Usage  Memory Usage   
node0397    NVIDIA A100 80GB PCIe         0 %            1.19 GiB       


Current Per Node Stats -- Oct  4 09:10:55
--------------------------
            CPU Cores                     Memory                        
Node        Requested   Usage             Requested   Current Use    Max Used            
node0397    2           1.00 (49.96 %)    240.00 GiB  204.43 GiB     209.83 GiB (87.43 %)

Node        GPU Model                     Compute Usage  Memory Usage   
node0397    NVIDIA A100 80GB PCIe         0 %            1.19 GiB       


Current Per Node Stats -- Oct  4 09:11:55
--------------------------
            CPU Cores                     Memory                        
Node        Requested   Usage             Requested   Current Use    Max Used            
node0397    2           1.00 (49.97 %)    240.00 GiB  204.81 GiB     209.83 GiB (87.43 %)

Node        GPU Model                     Compute Usage  Memory Usage   
node0397    NVIDIA A100 80GB PCIe         0 %            1.19 GiB       


Current Per Node Stats -- Oct  4 09:12:55
--------------------------
            CPU Cores                     Memory                        
Node        Requested   Usage             Requested   Current Use    Max Used            
node0397    2           1.00 (49.95 %)    240.00 GiB  205.31 GiB     209.83 GiB (87.43 %)

Node        GPU Model                     Compute Usage  Memory Usage   
node0397    NVIDIA A100 80GB PCIe         0 %            1.19 GiB       


Current Per Node Stats -- Oct  4 09:13:55
--------------------------
            CPU Cores                     Memory                        
Node        Requested   Usage             Requested   Current Use    Max Used            
node0397    2           1.00 (49.96 %)    240.00 GiB  205.75 GiB     209.83 GiB (87.43 %)

Node        GPU Model                     Compute Usage  Memory Usage   
node0397    NVIDIA A100 80GB PCIe         0 %            1.19 GiB       


Current Per Node Stats -- Oct  4 09:14:55
--------------------------
            CPU Cores                     Memory                        
Node        Requested   Usage             Requested   Current Use    Max Used            
node0397    2           1.00 (49.97 %)    240.00 GiB  204.93 GiB     209.83 GiB (87.43 %)

Node        GPU Model                     Compute Usage  Memory Usage   
node0397    NVIDIA A100 80GB PCIe         0 %            1.19 GiB       


Current Per Node Stats -- Oct  4 09:15:55
--------------------------
            CPU Cores                     Memory                        
Node        Requested   Usage             Requested   Current Use    Max Used            
node0397    2           1.00 (49.97 %)    240.00 GiB  205.43 GiB     209.83 GiB (87.43 %)

Node        GPU Model                     Compute Usage  Memory Usage   
node0397    NVIDIA A100 80GB PCIe         0 %            1.19 GiB       


Current Per Node Stats -- Oct  4 09:16:55
--------------------------
            CPU Cores                     Memory                        
Node        Requested   Usage             Requested   Current Use    Max Used            
node0397    2           1.00 (49.97 %)    240.00 GiB  205.87 GiB     209.83 GiB (87.43 %)

Node        GPU Model                     Compute Usage  Memory Usage   
node0397    NVIDIA A100 80GB PCIe         0 %            1.19 GiB       


Current Per Node Stats -- Oct  4 09:17:55
--------------------------
            CPU Cores                     Memory                        
Node        Requested   Usage             Requested   Current Use    Max Used            
node0397    2           1.00 (49.96 %)    240.00 GiB  206.30 GiB     209.83 GiB (87.43 %)

Node        GPU Model                     Compute Usage  Memory Usage   
node0397    NVIDIA A100 80GB PCIe         0 %            1.19 GiB       


Current Per Node Stats -- Oct  4 09:18:55
--------------------------
            CPU Cores                     Memory                        
Node        Requested   Usage             Requested   Current Use    Max Used            
node0397    2           1.00 (49.97 %)    240.00 GiB  206.81 GiB     209.83 GiB (87.43 %)

Node        GPU Model                     Compute Usage  Memory Usage   
node0397    NVIDIA A100 80GB PCIe         0 %            1.19 GiB       


Current Per Node Stats -- Oct  4 09:19:55
--------------------------
            CPU Cores                     Memory                        
Node        Requested   Usage             Requested   Current Use    Max Used            
node0397    2           1.00 (49.97 %)    240.00 GiB  207.31 GiB     209.83 GiB (87.43 %)

Node        GPU Model                     Compute Usage  Memory Usage   
node0397    NVIDIA A100 80GB PCIe         0 %            1.19 GiB       


Current Per Node Stats -- Oct  4 09:20:55
--------------------------
            CPU Cores                     Memory                        
Node        Requested   Usage             Requested   Current Use    Max Used            
node0397    2           1.00 (49.96 %)    240.00 GiB  207.81 GiB     209.83 GiB (87.43 %)

Node        GPU Model                     Compute Usage  Memory Usage   
node0397    NVIDIA A100 80GB PCIe         0 %            1.19 GiB       


Current Per Node Stats -- Oct  4 09:21:55
--------------------------
            CPU Cores                     Memory                        
Node        Requested   Usage             Requested   Current Use    Max Used            
node0397    2           1.00 (49.97 %)    240.00 GiB  208.31 GiB     209.83 GiB (87.43 %)

Node        GPU Model                     Compute Usage  Memory Usage   
node0397    NVIDIA A100 80GB PCIe         0 %            1.19 GiB       


Current Per Node Stats -- Oct  4 09:22:55
--------------------------
            CPU Cores                     Memory                        
Node        Requested   Usage             Requested   Current Use    Max Used            
node0397    2           1.00 (49.95 %)    240.00 GiB  206.23 GiB     209.83 GiB (87.43 %)

Node        GPU Model                     Compute Usage  Memory Usage   
node0397    NVIDIA A100 80GB PCIe         0 %            1.19 GiB       


Current Per Node Stats -- Oct  4 09:23:55
--------------------------
            CPU Cores                     Memory                        
Node        Requested   Usage             Requested   Current Use    Max Used            
node0397    2           1.00 (49.97 %)    240.00 GiB  206.67 GiB     209.83 GiB (87.43 %)

Node        GPU Model                     Compute Usage  Memory Usage   
node0397    NVIDIA A100 80GB PCIe         0 %            1.19 GiB       


Current Per Node Stats -- Oct  4 09:24:55
--------------------------
            CPU Cores                     Memory                        
Node        Requested   Usage             Requested   Current Use    Max Used            
node0397    2           1.00 (49.96 %)    240.00 GiB  207.11 GiB     209.83 GiB (87.43 %)

Node        GPU Model                     Compute Usage  Memory Usage   
node0397    NVIDIA A100 80GB PCIe         0 %            1.19 GiB       


Current Per Node Stats -- Oct  4 09:25:55
--------------------------
            CPU Cores                     Memory                        
Node        Requested   Usage             Requested   Current Use    Max Used            
node0397    2           0.99 (49.54 %)    240.00 GiB  196.73 GiB     209.83 GiB (87.43 %)

Node        GPU Model                     Compute Usage  Memory Usage   
node0397    NVIDIA A100 80GB PCIe         0 %            1.19 GiB       


Current Per Node Stats -- Oct  4 09:26:55
--------------------------
            CPU Cores                     Memory                        
Node        Requested   Usage             Requested   Current Use    Max Used            
node0397    2           1.00 (49.96 %)    240.00 GiB  197.17 GiB     209.83 GiB (87.43 %)

Node        GPU Model                     Compute Usage  Memory Usage   
node0397    NVIDIA A100 80GB PCIe         0 %            1.19 GiB       


Current Per Node Stats -- Oct  4 09:27:55
--------------------------
            CPU Cores                     Memory                        
Node        Requested   Usage             Requested   Current Use    Max Used            
node0397    2           1.00 (49.96 %)    240.00 GiB  197.67 GiB     209.83 GiB (87.43 %)

Node        GPU Model                     Compute Usage  Memory Usage   
node0397    NVIDIA A100 80GB PCIe         0 %            1.19 GiB       


Current Per Node Stats -- Oct  4 09:28:55
--------------------------
            CPU Cores                     Memory                        
Node        Requested   Usage             Requested   Current Use    Max Used            
node0397    2           1.00 (49.95 %)    240.00 GiB  198.17 GiB     209.83 GiB (87.43 %)

Node        GPU Model                     Compute Usage  Memory Usage   
node0397    NVIDIA A100 80GB PCIe         0 %            1.19 GiB       


Current Per Node Stats -- Oct  4 09:29:55
--------------------------
            CPU Cores                     Memory                        
Node        Requested   Usage             Requested   Current Use    Max Used            
node0397    2           1.00 (49.96 %)    240.00 GiB  198.10 GiB     209.83 GiB (87.43 %)

Node        GPU Model                     Compute Usage  Memory Usage   
node0397    NVIDIA A100 80GB PCIe         0 %            1.19 GiB       


Current Per Node Stats -- Oct  4 09:30:55
--------------------------
            CPU Cores                     Memory                        
Node        Requested   Usage             Requested   Current Use    Max Used            
node0397    2           1.00 (49.96 %)    240.00 GiB  198.61 GiB     209.83 GiB (87.43 %)

Node        GPU Model                     Compute Usage  Memory Usage   
node0397    NVIDIA A100 80GB PCIe         0 %            1.19 GiB       


Current Per Node Stats -- Oct  4 09:31:55
--------------------------
            CPU Cores                     Memory                        
Node        Requested   Usage             Requested   Current Use    Max Used            
node0397    2           1.00 (49.96 %)    240.00 GiB  199.11 GiB     209.83 GiB (87.43 %)

Node        GPU Model                     Compute Usage  Memory Usage   
node0397    NVIDIA A100 80GB PCIe         0 %            1.19 GiB       


Current Per Node Stats -- Oct  4 09:32:55
--------------------------
            CPU Cores                     Memory                        
Node        Requested   Usage             Requested   Current Use    Max Used            
node0397    2           1.00 (49.92 %)    240.00 GiB  199.61 GiB     209.83 GiB (87.43 %)

Node        GPU Model                     Compute Usage  Memory Usage   
node0397    NVIDIA A100 80GB PCIe         0 %            1.19 GiB       


Current Per Node Stats -- Oct  4 09:33:55
--------------------------
            CPU Cores                     Memory                        
Node        Requested   Usage             Requested   Current Use    Max Used            
node0397    2           1.00 (49.96 %)    240.00 GiB  199.54 GiB     209.83 GiB (87.43 %)

Node        GPU Model                     Compute Usage  Memory Usage   
node0397    NVIDIA A100 80GB PCIe         0 %            1.19 GiB       


Current Per Node Stats -- Oct  4 09:34:55
--------------------------
            CPU Cores                     Memory                        
Node        Requested   Usage             Requested   Current Use    Max Used            
node0397    2           1.00 (49.96 %)    240.00 GiB  200.04 GiB     209.83 GiB (87.43 %)

Node        GPU Model                     Compute Usage  Memory Usage   
node0397    NVIDIA A100 80GB PCIe         0 %            1.19 GiB       


Current Per Node Stats -- Oct  4 09:35:55
--------------------------
            CPU Cores                     Memory                        
Node        Requested   Usage             Requested   Current Use    Max Used            
node0397    2           1.00 (49.96 %)    240.00 GiB  200.54 GiB     209.83 GiB (87.43 %)

Node        GPU Model                     Compute Usage  Memory Usage   
node0397    NVIDIA A100 80GB PCIe         0 %            1.19 GiB       


Current Per Node Stats -- Oct  4 09:36:55
--------------------------
            CPU Cores                     Memory                        
Node        Requested   Usage             Requested   Current Use    Max Used            
node0397    2           1.00 (49.96 %)    240.00 GiB  200.92 GiB     209.83 GiB (87.43 %)

Node        GPU Model                     Compute Usage  Memory Usage   
node0397    NVIDIA A100 80GB PCIe         0 %            1.19 GiB       


Current Per Node Stats -- Oct  4 09:37:55
--------------------------
            CPU Cores                     Memory                        
Node        Requested   Usage             Requested   Current Use    Max Used            
node0397    2           1.00 (49.96 %)    240.00 GiB  201.34 GiB     209.83 GiB (87.43 %)

Node        GPU Model                     Compute Usage  Memory Usage   
node0397    NVIDIA A100 80GB PCIe         0 %            1.19 GiB       


Current Per Node Stats -- Oct  4 09:38:55
--------------------------
            CPU Cores                     Memory                        
Node        Requested   Usage             Requested   Current Use    Max Used            
node0397    2           1.00 (49.96 %)    240.00 GiB  201.71 GiB     209.83 GiB (87.43 %)

Node        GPU Model                     Compute Usage  Memory Usage   
node0397    NVIDIA A100 80GB PCIe         0 %            1.19 GiB       


Current Per Node Stats -- Oct  4 09:39:55
--------------------------
            CPU Cores                     Memory                        
Node        Requested   Usage             Requested   Current Use    Max Used            
node0397    2           1.00 (49.96 %)    240.00 GiB  200.30 GiB     209.83 GiB (87.43 %)

Node        GPU Model                     Compute Usage  Memory Usage   
node0397    NVIDIA A100 80GB PCIe         0 %            1.19 GiB       


Current Per Node Stats -- Oct  4 09:40:55
--------------------------
            CPU Cores                     Memory                        
Node        Requested   Usage             Requested   Current Use    Max Used            
node0397    2           1.00 (49.96 %)    240.00 GiB  200.76 GiB     209.83 GiB (87.43 %)

Node        GPU Model                     Compute Usage  Memory Usage   
node0397    NVIDIA A100 80GB PCIe         0 %            1.19 GiB       


Current Per Node Stats -- Oct  4 09:41:55
--------------------------
            CPU Cores                     Memory                        
Node        Requested   Usage             Requested   Current Use    Max Used            
node0397    2           1.00 (49.80 %)    240.00 GiB  200.70 GiB     209.83 GiB (87.43 %)

Node        GPU Model                     Compute Usage  Memory Usage   
node0397    NVIDIA A100 80GB PCIe         0 %            1.19 GiB       


Current Per Node Stats -- Oct  4 09:42:55
--------------------------
            CPU Cores                     Memory                        
Node        Requested   Usage             Requested   Current Use    Max Used            
node0397    2           1.00 (49.97 %)    240.00 GiB  201.14 GiB     209.83 GiB (87.43 %)

Node        GPU Model                     Compute Usage  Memory Usage   
node0397    NVIDIA A100 80GB PCIe         0 %            1.19 GiB       


Current Per Node Stats -- Oct  4 09:43:55
--------------------------
            CPU Cores                     Memory                        
Node        Requested   Usage             Requested   Current Use    Max Used            
node0397    2           1.00 (49.96 %)    240.00 GiB  201.71 GiB     209.83 GiB (87.43 %)

Node        GPU Model                     Compute Usage  Memory Usage   
node0397    NVIDIA A100 80GB PCIe         0 %            1.19 GiB       


Current Per Node Stats -- Oct  4 09:44:55
--------------------------
            CPU Cores                     Memory                        
Node        Requested   Usage             Requested   Current Use    Max Used            
node0397    2           1.00 (49.96 %)    240.00 GiB  202.14 GiB     209.83 GiB (87.43 %)

Node        GPU Model                     Compute Usage  Memory Usage   
node0397    NVIDIA A100 80GB PCIe         0 %            1.19 GiB       


Current Per Node Stats -- Oct  4 09:45:55
--------------------------
            CPU Cores                     Memory                        
Node        Requested   Usage             Requested   Current Use    Max Used            
node0397    2           1.00 (49.96 %)    240.00 GiB  202.58 GiB     209.83 GiB (87.43 %)

Node        GPU Model                     Compute Usage  Memory Usage   
node0397    NVIDIA A100 80GB PCIe         0 %            1.19 GiB       


Current Per Node Stats -- Oct  4 09:46:55
--------------------------
            CPU Cores                     Memory                        
Node        Requested   Usage             Requested   Current Use    Max Used            
node0397    2           1.00 (49.96 %)    240.00 GiB  202.95 GiB     209.83 GiB (87.43 %)

Node        GPU Model                     Compute Usage  Memory Usage   
node0397    NVIDIA A100 80GB PCIe         0 %            1.19 GiB       


Current Per Node Stats -- Oct  4 09:47:55
--------------------------
            CPU Cores                     Memory                        
Node        Requested   Usage             Requested   Current Use    Max Used            
node0397    2           1.00 (49.97 %)    240.00 GiB  202.13 GiB     209.83 GiB (87.43 %)

Node        GPU Model                     Compute Usage  Memory Usage   
node0397    NVIDIA A100 80GB PCIe         0 %            1.19 GiB       


Current Per Node Stats -- Oct  4 09:48:55
--------------------------
            CPU Cores                     Memory                        
Node        Requested   Usage             Requested   Current Use    Max Used            
node0397    2           1.00 (49.96 %)    240.00 GiB  202.69 GiB     209.83 GiB (87.43 %)

Node        GPU Model                     Compute Usage  Memory Usage   
node0397    NVIDIA A100 80GB PCIe         0 %            1.19 GiB       


Current Per Node Stats -- Oct  4 09:49:55
--------------------------
            CPU Cores                     Memory                        
Node        Requested   Usage             Requested   Current Use    Max Used            
node0397    2           1.00 (49.96 %)    240.00 GiB  203.26 GiB     209.83 GiB (87.43 %)

Node        GPU Model                     Compute Usage  Memory Usage   
node0397    NVIDIA A100 80GB PCIe         0 %            1.19 GiB       


Current Per Node Stats -- Oct  4 09:50:55
--------------------------
            CPU Cores                     Memory                        
Node        Requested   Usage             Requested   Current Use    Max Used            
node0397    2           1.00 (49.97 %)    240.00 GiB  203.63 GiB     209.83 GiB (87.43 %)

Node        GPU Model                     Compute Usage  Memory Usage   
node0397    NVIDIA A100 80GB PCIe         0 %            1.19 GiB       


Current Per Node Stats -- Oct  4 09:51:55
--------------------------
            CPU Cores                     Memory                        
Node        Requested   Usage             Requested   Current Use    Max Used            
node0397    2           1.00 (49.97 %)    240.00 GiB  204.01 GiB     209.83 GiB (87.43 %)

Node        GPU Model                     Compute Usage  Memory Usage   
node0397    NVIDIA A100 80GB PCIe         0 %            1.19 GiB       


Current Per Node Stats -- Oct  4 09:52:55
--------------------------
            CPU Cores                     Memory                        
Node        Requested   Usage             Requested   Current Use    Max Used            
node0397    2           1.00 (49.97 %)    240.00 GiB  204.45 GiB     209.83 GiB (87.43 %)

Node        GPU Model                     Compute Usage  Memory Usage   
node0397    NVIDIA A100 80GB PCIe         0 %            1.19 GiB       


Current Per Node Stats -- Oct  4 09:53:55
--------------------------
            CPU Cores                     Memory                        
Node        Requested   Usage             Requested   Current Use    Max Used            
node0397    2           1.00 (49.96 %)    240.00 GiB  203.69 GiB     209.83 GiB (87.43 %)

Node        GPU Model                     Compute Usage  Memory Usage   
node0397    NVIDIA A100 80GB PCIe         0 %            1.19 GiB       


Current Per Node Stats -- Oct  4 09:54:55
--------------------------
            CPU Cores                     Memory                        
Node        Requested   Usage             Requested   Current Use    Max Used            
node0397    2           1.00 (49.96 %)    240.00 GiB  204.19 GiB     209.83 GiB (87.43 %)

Node        GPU Model                     Compute Usage  Memory Usage   
node0397    NVIDIA A100 80GB PCIe         0 %            1.19 GiB       


Current Per Node Stats -- Oct  4 09:55:55
--------------------------
            CPU Cores                     Memory                        
Node        Requested   Usage             Requested   Current Use    Max Used            
node0397    2           1.00 (49.96 %)    240.00 GiB  204.63 GiB     209.83 GiB (87.43 %)

Node        GPU Model                     Compute Usage  Memory Usage   
node0397    NVIDIA A100 80GB PCIe         0 %            1.19 GiB       


Current Per Node Stats -- Oct  4 09:56:55
--------------------------
            CPU Cores                     Memory                        
Node        Requested   Usage             Requested   Current Use    Max Used            
node0397    2           1.00 (49.96 %)    240.00 GiB  205.13 GiB     209.83 GiB (87.43 %)

Node        GPU Model                     Compute Usage  Memory Usage   
node0397    NVIDIA A100 80GB PCIe         0 %            1.19 GiB       


Current Per Node Stats -- Oct  4 09:57:55
--------------------------
            CPU Cores                     Memory                        
Node        Requested   Usage             Requested   Current Use    Max Used            
node0397    2           1.00 (49.97 %)    240.00 GiB  205.57 GiB     209.83 GiB (87.43 %)

Node        GPU Model                     Compute Usage  Memory Usage   
node0397    NVIDIA A100 80GB PCIe         0 %            1.19 GiB       


Current Per Node Stats -- Oct  4 09:58:55
--------------------------
            CPU Cores                     Memory                        
Node        Requested   Usage             Requested   Current Use    Max Used            
node0397    2           1.00 (49.97 %)    240.00 GiB  206.07 GiB     209.83 GiB (87.43 %)

Node        GPU Model                     Compute Usage  Memory Usage   
node0397    NVIDIA A100 80GB PCIe         0 %            1.19 GiB       


Current Per Node Stats -- Oct  4 09:59:55
--------------------------
            CPU Cores                     Memory                        
Node        Requested   Usage             Requested   Current Use    Max Used            
node0397    2           1.00 (49.96 %)    240.00 GiB  206.51 GiB     209.83 GiB (87.43 %)

Node        GPU Model                     Compute Usage  Memory Usage   
node0397    NVIDIA A100 80GB PCIe         0 %            1.19 GiB       


Current Per Node Stats -- Oct  4 10:00:55
--------------------------
            CPU Cores                     Memory                        
Node        Requested   Usage             Requested   Current Use    Max Used            
node0397    2           1.00 (49.96 %)    240.00 GiB  207.08 GiB     209.83 GiB (87.43 %)

Node        GPU Model                     Compute Usage  Memory Usage   
node0397    NVIDIA A100 80GB PCIe         0 %            1.19 GiB       


Current Per Node Stats -- Oct  4 10:01:55
--------------------------
            CPU Cores                     Memory                        
Node        Requested   Usage             Requested   Current Use    Max Used            
node0397    2           1.00 (49.95 %)    240.00 GiB  205.12 GiB     209.83 GiB (87.43 %)

Node        GPU Model                     Compute Usage  Memory Usage   
node0397    NVIDIA A100 80GB PCIe         0 %            1.19 GiB       


Current Per Node Stats -- Oct  4 10:02:55
--------------------------
            CPU Cores                     Memory                        
Node        Requested   Usage             Requested   Current Use    Max Used            
node0397    2           1.00 (49.85 %)    240.00 GiB  205.62 GiB     209.83 GiB (87.43 %)

Node        GPU Model                     Compute Usage  Memory Usage   
node0397    NVIDIA A100 80GB PCIe         0 %            1.19 GiB       


Current Per Node Stats -- Oct  4 10:03:55
--------------------------
            CPU Cores                     Memory                        
Node        Requested   Usage             Requested   Current Use    Max Used            
node0397    2           0.99 (49.58 %)    240.00 GiB  195.65 GiB     209.83 GiB (87.43 %)

Node        GPU Model                     Compute Usage  Memory Usage   
node0397    NVIDIA A100 80GB PCIe         26 %           1.19 GiB       


Current Per Node Stats -- Oct  4 10:04:55
--------------------------
            CPU Cores                     Memory                        
Node        Requested   Usage             Requested   Current Use    Max Used            
node0397    2           1.00 (49.96 %)    240.00 GiB  198.26 GiB     209.83 GiB (87.43 %)

Node        GPU Model                     Compute Usage  Memory Usage   
node0397    NVIDIA A100 80GB PCIe         0 %            1.19 GiB       


Current Per Node Stats -- Oct  4 10:05:55
--------------------------
            CPU Cores                     Memory                        
Node        Requested   Usage             Requested   Current Use    Max Used            
node0397    2           1.00 (49.96 %)    240.00 GiB  198.76 GiB     209.83 GiB (87.43 %)

Node        GPU Model                     Compute Usage  Memory Usage   
node0397    NVIDIA A100 80GB PCIe         0 %            1.19 GiB       


Current Per Node Stats -- Oct  4 10:06:55
--------------------------
            CPU Cores                     Memory                        
Node        Requested   Usage             Requested   Current Use    Max Used            
node0397    2           1.00 (49.97 %)    240.00 GiB  199.33 GiB     209.83 GiB (87.43 %)

Node        GPU Model                     Compute Usage  Memory Usage   
node0397    NVIDIA A100 80GB PCIe         0 %            1.19 GiB       


Current Per Node Stats -- Oct  4 10:07:55
--------------------------
            CPU Cores                     Memory                        
Node        Requested   Usage             Requested   Current Use    Max Used            
node0397    2           1.00 (49.96 %)    240.00 GiB  199.26 GiB     209.83 GiB (87.43 %)

Node        GPU Model                     Compute Usage  Memory Usage   
node0397    NVIDIA A100 80GB PCIe         0 %            1.19 GiB       


Current Per Node Stats -- Oct  4 10:08:55
--------------------------
            CPU Cores                     Memory                        
Node        Requested   Usage             Requested   Current Use    Max Used            
node0397    2           1.00 (49.96 %)    240.00 GiB  199.83 GiB     209.83 GiB (87.43 %)

Node        GPU Model                     Compute Usage  Memory Usage   
node0397    NVIDIA A100 80GB PCIe         0 %            1.19 GiB       


Current Per Node Stats -- Oct  4 10:09:55
--------------------------
            CPU Cores                     Memory                        
Node        Requested   Usage             Requested   Current Use    Max Used            
node0397    2           1.00 (49.96 %)    240.00 GiB  200.39 GiB     209.83 GiB (87.43 %)

Node        GPU Model                     Compute Usage  Memory Usage   
node0397    NVIDIA A100 80GB PCIe         0 %            1.19 GiB       


Current Per Node Stats -- Oct  4 10:10:55
--------------------------
            CPU Cores                     Memory                        
Node        Requested   Usage             Requested   Current Use    Max Used            
node0397    2           1.00 (49.96 %)    240.00 GiB  200.32 GiB     209.83 GiB (87.43 %)

Node        GPU Model                     Compute Usage  Memory Usage   
node0397    NVIDIA A100 80GB PCIe         0 %            1.19 GiB       


Current Per Node Stats -- Oct  4 10:11:55
--------------------------
            CPU Cores                     Memory                        
Node        Requested   Usage             Requested   Current Use    Max Used            
node0397    2           1.00 (49.96 %)    240.00 GiB  200.82 GiB     209.83 GiB (87.43 %)

Node        GPU Model                     Compute Usage  Memory Usage   
node0397    NVIDIA A100 80GB PCIe         0 %            1.19 GiB       


Current Per Node Stats -- Oct  4 10:12:55
--------------------------
            CPU Cores                     Memory                        
Node        Requested   Usage             Requested   Current Use    Max Used            
node0397    2           1.00 (49.97 %)    240.00 GiB  201.26 GiB     209.83 GiB (87.43 %)

Node        GPU Model                     Compute Usage  Memory Usage   
node0397    NVIDIA A100 80GB PCIe         0 %            1.19 GiB       


Current Per Node Stats -- Oct  4 10:13:55
--------------------------
            CPU Cores                     Memory                        
Node        Requested   Usage             Requested   Current Use    Max Used            
node0397    2           1.00 (49.96 %)    240.00 GiB  201.76 GiB     209.83 GiB (87.43 %)

Node        GPU Model                     Compute Usage  Memory Usage   
node0397    NVIDIA A100 80GB PCIe         0 %            1.19 GiB       


Current Per Node Stats -- Oct  4 10:14:55
--------------------------
            CPU Cores                     Memory                        
Node        Requested   Usage             Requested   Current Use    Max Used            
node0397    2           1.00 (49.96 %)    240.00 GiB  202.19 GiB     209.83 GiB (87.43 %)

Node        GPU Model                     Compute Usage  Memory Usage   
node0397    NVIDIA A100 80GB PCIe         0 %            1.19 GiB       


Current Per Node Stats -- Oct  4 10:15:55
--------------------------
            CPU Cores                     Memory                        
Node        Requested   Usage             Requested   Current Use    Max Used            
node0397    2           1.00 (49.97 %)    240.00 GiB  202.56 GiB     209.83 GiB (87.43 %)

Node        GPU Model                     Compute Usage  Memory Usage   
node0397    NVIDIA A100 80GB PCIe         0 %            1.19 GiB       


Current Per Node Stats -- Oct  4 10:16:55
--------------------------
            CPU Cores                     Memory                        
Node        Requested   Usage             Requested   Current Use    Max Used            
node0397    2           1.00 (49.96 %)    240.00 GiB  203.00 GiB     209.83 GiB (87.43 %)

Node        GPU Model                     Compute Usage  Memory Usage   
node0397    NVIDIA A100 80GB PCIe         0 %            1.19 GiB       


Current Per Node Stats -- Oct  4 10:17:55
--------------------------
            CPU Cores                     Memory                        
Node        Requested   Usage             Requested   Current Use    Max Used            
node0397    2           1.00 (49.97 %)    240.00 GiB  203.37 GiB     209.83 GiB (87.43 %)

Node        GPU Model                     Compute Usage  Memory Usage   
node0397    NVIDIA A100 80GB PCIe         0 %            1.19 GiB       


Current Per Node Stats -- Oct  4 10:18:55
--------------------------
            CPU Cores                     Memory                        
Node        Requested   Usage             Requested   Current Use    Max Used            
node0397    2           1.00 (49.95 %)    240.00 GiB  201.98 GiB     209.83 GiB (87.43 %)

Node        GPU Model                     Compute Usage  Memory Usage   
node0397    NVIDIA A100 80GB PCIe         0 %            1.19 GiB       


Current Per Node Stats -- Oct  4 10:19:55
--------------------------
            CPU Cores                     Memory                        
Node        Requested   Usage             Requested   Current Use    Max Used            
node0397    2           0.99 (49.66 %)    240.00 GiB  202.87 GiB     209.83 GiB (87.43 %)

Node        GPU Model                     Compute Usage  Memory Usage   
node0397    NVIDIA A100 80GB PCIe         0 %            1.19 GiB       


Current Per Node Stats -- Oct  4 10:20:55
--------------------------
            CPU Cores                     Memory                        
Node        Requested   Usage             Requested   Current Use    Max Used            
node0397    2           1.00 (49.97 %)    240.00 GiB  203.37 GiB     209.83 GiB (87.43 %)

Node        GPU Model                     Compute Usage  Memory Usage   
node0397    NVIDIA A100 80GB PCIe         0 %            1.19 GiB       


Current Per Node Stats -- Oct  4 10:21:55
--------------------------
            CPU Cores                     Memory                        
Node        Requested   Usage             Requested   Current Use    Max Used            
node0397    2           1.00 (49.97 %)    240.00 GiB  203.81 GiB     209.83 GiB (87.43 %)

Node        GPU Model                     Compute Usage  Memory Usage   
node0397    NVIDIA A100 80GB PCIe         0 %            1.19 GiB       


Current Per Node Stats -- Oct  4 10:22:55
--------------------------
            CPU Cores                     Memory                        
Node        Requested   Usage             Requested   Current Use    Max Used            
node0397    2           1.00 (49.97 %)    240.00 GiB  204.18 GiB     209.83 GiB (87.43 %)

Node        GPU Model                     Compute Usage  Memory Usage   
node0397    NVIDIA A100 80GB PCIe         0 %            1.19 GiB       


Current Per Node Stats -- Oct  4 10:23:55
--------------------------
            CPU Cores                     Memory                        
Node        Requested   Usage             Requested   Current Use    Max Used            
node0397    2           1.00 (49.97 %)    240.00 GiB  204.55 GiB     209.83 GiB (87.43 %)

Node        GPU Model                     Compute Usage  Memory Usage   
node0397    NVIDIA A100 80GB PCIe         0 %            1.19 GiB       


Current Per Node Stats -- Oct  4 10:24:55
--------------------------
            CPU Cores                     Memory                        
Node        Requested   Usage             Requested   Current Use    Max Used            
node0397    2           1.00 (49.96 %)    240.00 GiB  204.99 GiB     209.83 GiB (87.43 %)

Node        GPU Model                     Compute Usage  Memory Usage   
node0397    NVIDIA A100 80GB PCIe         0 %            1.19 GiB       


Current Per Node Stats -- Oct  4 10:25:55
--------------------------
            CPU Cores                     Memory                        
Node        Requested   Usage             Requested   Current Use    Max Used            
node0397    2           1.00 (49.97 %)    240.00 GiB  205.37 GiB     209.83 GiB (87.43 %)

Node        GPU Model                     Compute Usage  Memory Usage   
node0397    NVIDIA A100 80GB PCIe         0 %            1.19 GiB       


Current Per Node Stats -- Oct  4 10:26:55
--------------------------
            CPU Cores                     Memory                        
Node        Requested   Usage             Requested   Current Use    Max Used            
node0397    2           1.00 (49.97 %)    240.00 GiB  205.80 GiB     209.83 GiB (87.43 %)

Node        GPU Model                     Compute Usage  Memory Usage   
node0397    NVIDIA A100 80GB PCIe         0 %            1.19 GiB       


Current Per Node Stats -- Oct  4 10:27:55
--------------------------
            CPU Cores                     Memory                        
Node        Requested   Usage             Requested   Current Use    Max Used            
node0397    2           1.00 (49.95 %)    240.00 GiB  205.05 GiB     209.83 GiB (87.43 %)

Node        GPU Model                     Compute Usage  Memory Usage   
node0397    NVIDIA A100 80GB PCIe         0 %            1.19 GiB       


Current Per Node Stats -- Oct  4 10:28:55
--------------------------
            CPU Cores                     Memory                        
Node        Requested   Usage             Requested   Current Use    Max Used            
node0397    2           1.00 (49.97 %)    240.00 GiB  205.49 GiB     209.83 GiB (87.43 %)

Node        GPU Model                     Compute Usage  Memory Usage   
node0397    NVIDIA A100 80GB PCIe         0 %            1.19 GiB       


Current Per Node Stats -- Oct  4 10:29:55
--------------------------
            CPU Cores                     Memory                        
Node        Requested   Usage             Requested   Current Use    Max Used            
node0397    2           1.00 (49.97 %)    240.00 GiB  205.93 GiB     209.83 GiB (87.43 %)

Node        GPU Model                     Compute Usage  Memory Usage   
node0397    NVIDIA A100 80GB PCIe         0 %            1.19 GiB       


Current Per Node Stats -- Oct  4 10:30:55
--------------------------
            CPU Cores                     Memory                        
Node        Requested   Usage             Requested   Current Use    Max Used            
node0397    2           1.00 (49.96 %)    240.00 GiB  206.36 GiB     209.83 GiB (87.43 %)

Node        GPU Model                     Compute Usage  Memory Usage   
node0397    NVIDIA A100 80GB PCIe         0 %            1.19 GiB       


Current Per Node Stats -- Oct  4 10:31:55
--------------------------
            CPU Cores                     Memory                        
Node        Requested   Usage             Requested   Current Use    Max Used            
node0397    2           1.00 (49.97 %)    240.00 GiB  206.74 GiB     209.83 GiB (87.43 %)

Node        GPU Model                     Compute Usage  Memory Usage   
node0397    NVIDIA A100 80GB PCIe         0 %            1.19 GiB       


Current Per Node Stats -- Oct  4 10:32:55
--------------------------
            CPU Cores                     Memory                        
Node        Requested   Usage             Requested   Current Use    Max Used            
node0397    2           1.00 (49.80 %)    240.00 GiB  205.98 GiB     209.83 GiB (87.43 %)

Node        GPU Model                     Compute Usage  Memory Usage   
node0397    NVIDIA A100 80GB PCIe         0 %            1.19 GiB       


Current Per Node Stats -- Oct  4 10:33:55
--------------------------
            CPU Cores                     Memory                        
Node        Requested   Usage             Requested   Current Use    Max Used            
node0397    2           1.00 (49.97 %)    240.00 GiB  206.42 GiB     209.83 GiB (87.43 %)

Node        GPU Model                     Compute Usage  Memory Usage   
node0397    NVIDIA A100 80GB PCIe         0 %            1.19 GiB       


Current Per Node Stats -- Oct  4 10:34:55
--------------------------
            CPU Cores                     Memory                        
Node        Requested   Usage             Requested   Current Use    Max Used            
node0397    2           1.00 (49.96 %)    240.00 GiB  206.85 GiB     209.83 GiB (87.43 %)

Node        GPU Model                     Compute Usage  Memory Usage   
node0397    NVIDIA A100 80GB PCIe         0 %            1.19 GiB       


Current Per Node Stats -- Oct  4 10:35:55
--------------------------
            CPU Cores                     Memory                        
Node        Requested   Usage             Requested   Current Use    Max Used            
node0397    2           1.00 (49.96 %)    240.00 GiB  207.29 GiB     209.83 GiB (87.43 %)

Node        GPU Model                     Compute Usage  Memory Usage   
node0397    NVIDIA A100 80GB PCIe         0 %            1.19 GiB       


Current Per Node Stats -- Oct  4 10:36:55
--------------------------
            CPU Cores                     Memory                        
Node        Requested   Usage             Requested   Current Use    Max Used            
node0397    2           1.00 (49.96 %)    240.00 GiB  207.73 GiB     209.83 GiB (87.43 %)

Node        GPU Model                     Compute Usage  Memory Usage   
node0397    NVIDIA A100 80GB PCIe         0 %            1.19 GiB       


Current Per Node Stats -- Oct  4 10:37:55
--------------------------
            CPU Cores                     Memory                        
Node        Requested   Usage             Requested   Current Use    Max Used            
node0397    2           1.00 (49.96 %)    240.00 GiB  208.17 GiB     209.83 GiB (87.43 %)

Node        GPU Model                     Compute Usage  Memory Usage   
node0397    NVIDIA A100 80GB PCIe         0 %            1.19 GiB       


Current Per Node Stats -- Oct  4 10:38:55
--------------------------
            CPU Cores                     Memory                        
Node        Requested   Usage             Requested   Current Use    Max Used            
node0397    2           1.00 (49.96 %)    240.00 GiB  208.61 GiB     209.83 GiB (87.43 %)

Node        GPU Model                     Compute Usage  Memory Usage   
node0397    NVIDIA A100 80GB PCIe         0 %            1.19 GiB       


Current Per Node Stats -- Oct  4 10:39:55
--------------------------
            CPU Cores                     Memory                        
Node        Requested   Usage             Requested   Current Use    Max Used            
node0397    2           1.00 (49.96 %)    240.00 GiB  209.05 GiB     209.83 GiB (87.43 %)

Node        GPU Model                     Compute Usage  Memory Usage   
node0397    NVIDIA A100 80GB PCIe         0 %            1.19 GiB       


Current Per Node Stats -- Oct  4 10:40:55
--------------------------
            CPU Cores                     Memory                        
Node        Requested   Usage             Requested   Current Use    Max Used            
node0397    2           1.00 (49.96 %)    240.00 GiB  209.49 GiB     209.83 GiB (87.43 %)

Node        GPU Model                     Compute Usage  Memory Usage   
node0397    NVIDIA A100 80GB PCIe         0 %            1.19 GiB       


Current Per Node Stats -- Oct  4 10:41:55
--------------------------
            CPU Cores                     Memory                        
Node        Requested   Usage             Requested   Current Use    Max Used            
node0397    2           1.00 (49.95 %)    240.00 GiB  207.47 GiB     209.83 GiB (87.43 %)

Node        GPU Model                     Compute Usage  Memory Usage   
node0397    NVIDIA A100 80GB PCIe         0 %            1.19 GiB       


Current Per Node Stats -- Oct  4 10:42:55
--------------------------
            CPU Cores                     Memory                        
Node        Requested   Usage             Requested   Current Use    Max Used            
node0397    2           1.00 (49.96 %)    240.00 GiB  207.91 GiB     209.83 GiB (87.43 %)

Node        GPU Model                     Compute Usage  Memory Usage   
node0397    NVIDIA A100 80GB PCIe         0 %            1.19 GiB       


Current Per Node Stats -- Oct  4 10:43:55
--------------------------
            CPU Cores                     Memory                        
Node        Requested   Usage             Requested   Current Use    Max Used            
node0397    2           1.00 (49.96 %)    240.00 GiB  208.41 GiB     209.83 GiB (87.43 %)

Node        GPU Model                     Compute Usage  Memory Usage   
node0397    NVIDIA A100 80GB PCIe         0 %            1.19 GiB       


Current Per Node Stats -- Oct  4 10:44:55
--------------------------
            CPU Cores                     Memory                        
Node        Requested   Usage             Requested   Current Use    Max Used            
node0397    2           0.99 (49.43 %)    240.00 GiB  203.07 GiB     209.83 GiB (87.43 %)

Node        GPU Model                     Compute Usage  Memory Usage   
node0397    NVIDIA A100 80GB PCIe         0 %            1.19 GiB       


Current Per Node Stats -- Oct  4 10:45:55
--------------------------
            CPU Cores                     Memory                        
Node        Requested   Usage             Requested   Current Use    Max Used            
node0397    2           1.00 (49.96 %)    240.00 GiB  203.63 GiB     209.83 GiB (87.43 %)

Node        GPU Model                     Compute Usage  Memory Usage   
node0397    NVIDIA A100 80GB PCIe         0 %            1.19 GiB       


Current Per Node Stats -- Oct  4 10:46:55
--------------------------
            CPU Cores                     Memory                        
Node        Requested   Usage             Requested   Current Use    Max Used            
node0397    2           1.00 (49.97 %)    240.00 GiB  204.00 GiB     209.83 GiB (87.43 %)

Node        GPU Model                     Compute Usage  Memory Usage   
node0397    NVIDIA A100 80GB PCIe         0 %            1.19 GiB       


Current Per Node Stats -- Oct  4 10:47:55
--------------------------
            CPU Cores                     Memory                        
Node        Requested   Usage             Requested   Current Use    Max Used            
node0397    2           1.00 (49.96 %)    240.00 GiB  204.44 GiB     209.83 GiB (87.43 %)

Node        GPU Model                     Compute Usage  Memory Usage   
node0397    NVIDIA A100 80GB PCIe         0 %            1.19 GiB       


Current Per Node Stats -- Oct  4 10:48:55
--------------------------
            CPU Cores                     Memory                        
Node        Requested   Usage             Requested   Current Use    Max Used            
node0397    2           1.00 (49.97 %)    240.00 GiB  204.88 GiB     209.83 GiB (87.43 %)

Node        GPU Model                     Compute Usage  Memory Usage   
node0397    NVIDIA A100 80GB PCIe         0 %            1.19 GiB       


Current Per Node Stats -- Oct  4 10:49:55
--------------------------
            CPU Cores                     Memory                        
Node        Requested   Usage             Requested   Current Use    Max Used            
node0397    2           1.00 (49.97 %)    240.00 GiB  205.31 GiB     209.83 GiB (87.43 %)

Node        GPU Model                     Compute Usage  Memory Usage   
node0397    NVIDIA A100 80GB PCIe         0 %            1.19 GiB       


Current Per Node Stats -- Oct  4 10:50:55
--------------------------
            CPU Cores                     Memory                        
Node        Requested   Usage             Requested   Current Use    Max Used            
node0397    2           1.00 (49.96 %)    240.00 GiB  205.75 GiB     209.83 GiB (87.43 %)

Node        GPU Model                     Compute Usage  Memory Usage   
node0397    NVIDIA A100 80GB PCIe         0 %            1.19 GiB       


Current Per Node Stats -- Oct  4 10:51:55
--------------------------
            CPU Cores                     Memory                        
Node        Requested   Usage             Requested   Current Use    Max Used            
node0397    2           1.00 (49.97 %)    240.00 GiB  204.36 GiB     209.83 GiB (87.43 %)

Node        GPU Model                     Compute Usage  Memory Usage   
node0397    NVIDIA A100 80GB PCIe         0 %            1.19 GiB       


Current Per Node Stats -- Oct  4 10:52:55
--------------------------
            CPU Cores                     Memory                        
Node        Requested   Usage             Requested   Current Use    Max Used            
node0397    2           1.00 (49.97 %)    240.00 GiB  204.80 GiB     209.83 GiB (87.43 %)

Node        GPU Model                     Compute Usage  Memory Usage   
node0397    NVIDIA A100 80GB PCIe         0 %            1.19 GiB       


Current Per Node Stats -- Oct  4 10:53:55
--------------------------
            CPU Cores                     Memory                        
Node        Requested   Usage             Requested   Current Use    Max Used            
node0397    2           1.00 (49.97 %)    240.00 GiB  205.24 GiB     209.83 GiB (87.43 %)

Node        GPU Model                     Compute Usage  Memory Usage   
node0397    NVIDIA A100 80GB PCIe         0 %            1.19 GiB       


Current Per Node Stats -- Oct  4 10:54:55
--------------------------
            CPU Cores                     Memory                        
Node        Requested   Usage             Requested   Current Use    Max Used            
node0397    2           1.00 (49.97 %)    240.00 GiB  205.68 GiB     209.83 GiB (87.43 %)

Node        GPU Model                     Compute Usage  Memory Usage   
node0397    NVIDIA A100 80GB PCIe         0 %            1.19 GiB       


Current Per Node Stats -- Oct  4 10:55:55
--------------------------
            CPU Cores                     Memory                        
Node        Requested   Usage             Requested   Current Use    Max Used            
node0397    2           1.00 (49.96 %)    240.00 GiB  205.67 GiB     209.83 GiB (87.43 %)

Node        GPU Model                     Compute Usage  Memory Usage   
node0397    NVIDIA A100 80GB PCIe         0 %            1.19 GiB       


Current Per Node Stats -- Oct  4 10:56:55
--------------------------
            CPU Cores                     Memory                        
Node        Requested   Usage             Requested   Current Use    Max Used            
node0397    2           1.00 (49.97 %)    240.00 GiB  206.17 GiB     209.83 GiB (87.43 %)

Node        GPU Model                     Compute Usage  Memory Usage   
node0397    NVIDIA A100 80GB PCIe         0 %            1.19 GiB       


Current Per Node Stats -- Oct  4 10:57:55
--------------------------
            CPU Cores                     Memory                        
Node        Requested   Usage             Requested   Current Use    Max Used            
node0397    2           1.00 (49.96 %)    240.00 GiB  206.61 GiB     209.83 GiB (87.43 %)

Node        GPU Model                     Compute Usage  Memory Usage   
node0397    NVIDIA A100 80GB PCIe         0 %            1.19 GiB       


Current Per Node Stats -- Oct  4 10:58:55
--------------------------
            CPU Cores                     Memory                        
Node        Requested   Usage             Requested   Current Use    Max Used            
node0397    2           1.00 (49.96 %)    240.00 GiB  207.11 GiB     209.83 GiB (87.43 %)

Node        GPU Model                     Compute Usage  Memory Usage   
node0397    NVIDIA A100 80GB PCIe         0 %            1.19 GiB       


Current Per Node Stats -- Oct  4 10:59:55
--------------------------
            CPU Cores                     Memory                        
Node        Requested   Usage             Requested   Current Use    Max Used            
node0397    2           1.00 (49.96 %)    240.00 GiB  207.54 GiB     209.83 GiB (87.43 %)

Node        GPU Model                     Compute Usage  Memory Usage   
node0397    NVIDIA A100 80GB PCIe         0 %            1.19 GiB       


Current Per Node Stats -- Oct  4 11:00:55
--------------------------
            CPU Cores                     Memory                        
Node        Requested   Usage             Requested   Current Use    Max Used            
node0397    2           1.00 (49.97 %)    240.00 GiB  207.92 GiB     209.83 GiB (87.43 %)

Node        GPU Model                     Compute Usage  Memory Usage   
node0397    NVIDIA A100 80GB PCIe         0 %            1.19 GiB       


Current Per Node Stats -- Oct  4 11:01:55
--------------------------
            CPU Cores                     Memory                        
Node        Requested   Usage             Requested   Current Use    Max Used            
node0397    2           1.00 (49.96 %)    240.00 GiB  208.36 GiB     209.83 GiB (87.43 %)

Node        GPU Model                     Compute Usage  Memory Usage   
node0397    NVIDIA A100 80GB PCIe         0 %            1.19 GiB       


Current Per Node Stats -- Oct  4 11:02:55
--------------------------
            CPU Cores                     Memory                        
Node        Requested   Usage             Requested   Current Use    Max Used            
node0397    2           1.00 (49.93 %)    240.00 GiB  204.51 GiB     209.83 GiB (87.43 %)

Node        GPU Model                     Compute Usage  Memory Usage   
node0397    NVIDIA A100 80GB PCIe         0 %            1.19 GiB       


Current Per Node Stats -- Oct  4 11:03:55
--------------------------
            CPU Cores                     Memory                        
Node        Requested   Usage             Requested   Current Use    Max Used            
node0397    2           0.99 (49.66 %)    240.00 GiB  202.95 GiB     209.83 GiB (87.43 %)

Node        GPU Model                     Compute Usage  Memory Usage   
node0397    NVIDIA A100 80GB PCIe         0 %            1.19 GiB       


Current Per Node Stats -- Oct  4 11:04:55
--------------------------
            CPU Cores                     Memory                        
Node        Requested   Usage             Requested   Current Use    Max Used            
node0397    2           1.00 (49.94 %)    240.00 GiB  203.43 GiB     209.83 GiB (87.43 %)

Node        GPU Model                     Compute Usage  Memory Usage   
node0397    NVIDIA A100 80GB PCIe         0 %            1.19 GiB       


Current Per Node Stats -- Oct  4 11:05:55
--------------------------
            CPU Cores                     Memory                        
Node        Requested   Usage             Requested   Current Use    Max Used            
node0397    2           1.00 (49.96 %)    240.00 GiB  203.87 GiB     209.83 GiB (87.43 %)

Node        GPU Model                     Compute Usage  Memory Usage   
node0397    NVIDIA A100 80GB PCIe         0 %            1.19 GiB       


Current Per Node Stats -- Oct  4 11:06:55
--------------------------
            CPU Cores                     Memory                        
Node        Requested   Usage             Requested   Current Use    Max Used            
node0397    2           1.00 (49.96 %)    240.00 GiB  204.25 GiB     209.83 GiB (87.43 %)

Node        GPU Model                     Compute Usage  Memory Usage   
node0397    NVIDIA A100 80GB PCIe         0 %            1.19 GiB       


Current Per Node Stats -- Oct  4 11:07:55
--------------------------
            CPU Cores                     Memory                        
Node        Requested   Usage             Requested   Current Use    Max Used            
node0397    2           1.00 (49.97 %)    240.00 GiB  204.69 GiB     209.83 GiB (87.43 %)

Node        GPU Model                     Compute Usage  Memory Usage   
node0397    NVIDIA A100 80GB PCIe         0 %            1.19 GiB       


Current Per Node Stats -- Oct  4 11:08:55
--------------------------
            CPU Cores                     Memory                        
Node        Requested   Usage             Requested   Current Use    Max Used            
node0397    2           1.00 (49.96 %)    240.00 GiB  205.06 GiB     209.83 GiB (87.43 %)

Node        GPU Model                     Compute Usage  Memory Usage   
node0397    NVIDIA A100 80GB PCIe         0 %            1.19 GiB       


Current Per Node Stats -- Oct  4 11:09:55
--------------------------
            CPU Cores                     Memory                        
Node        Requested   Usage             Requested   Current Use    Max Used            
node0397    2           1.00 (49.96 %)    240.00 GiB  205.56 GiB     209.83 GiB (87.43 %)

Node        GPU Model                     Compute Usage  Memory Usage   
node0397    NVIDIA A100 80GB PCIe         0 %            1.19 GiB       


Current Per Node Stats -- Oct  4 11:10:55
--------------------------
            CPU Cores                     Memory                        
Node        Requested   Usage             Requested   Current Use    Max Used            
node0397    2           1.00 (49.97 %)    240.00 GiB  204.74 GiB     209.83 GiB (87.43 %)

Node        GPU Model                     Compute Usage  Memory Usage   
node0397    NVIDIA A100 80GB PCIe         0 %            1.19 GiB       


Current Per Node Stats -- Oct  4 11:11:55
--------------------------
            CPU Cores                     Memory                        
Node        Requested   Usage             Requested   Current Use    Max Used            
node0397    2           1.00 (49.97 %)    240.00 GiB  205.12 GiB     209.83 GiB (87.43 %)

Node        GPU Model                     Compute Usage  Memory Usage   
node0397    NVIDIA A100 80GB PCIe         0 %            1.19 GiB       


Current Per Node Stats -- Oct  4 11:12:55
--------------------------
            CPU Cores                     Memory                        
Node        Requested   Usage             Requested   Current Use    Max Used            
node0397    2           1.00 (49.97 %)    240.00 GiB  205.56 GiB     209.83 GiB (87.43 %)

Node        GPU Model                     Compute Usage  Memory Usage   
node0397    NVIDIA A100 80GB PCIe         0 %            1.19 GiB       


Current Per Node Stats -- Oct  4 11:13:55
--------------------------
            CPU Cores                     Memory                        
Node        Requested   Usage             Requested   Current Use    Max Used            
node0397    2           1.00 (49.97 %)    240.00 GiB  205.94 GiB     209.83 GiB (87.43 %)

Node        GPU Model                     Compute Usage  Memory Usage   
node0397    NVIDIA A100 80GB PCIe         0 %            1.19 GiB       


Current Per Node Stats -- Oct  4 11:14:55
--------------------------
            CPU Cores                     Memory                        
Node        Requested   Usage             Requested   Current Use    Max Used            
node0397    2           1.00 (49.96 %)    240.00 GiB  206.37 GiB     209.83 GiB (87.43 %)

Node        GPU Model                     Compute Usage  Memory Usage   
node0397    NVIDIA A100 80GB PCIe         0 %            1.19 GiB       


Current Per Node Stats -- Oct  4 11:15:55
--------------------------
            CPU Cores                     Memory                        
Node        Requested   Usage             Requested   Current Use    Max Used            
node0397    2           1.00 (49.96 %)    240.00 GiB  206.81 GiB     209.83 GiB (87.43 %)

Node        GPU Model                     Compute Usage  Memory Usage   
node0397    NVIDIA A100 80GB PCIe         0 %            1.19 GiB       


Current Per Node Stats -- Oct  4 11:16:55
--------------------------
            CPU Cores                     Memory                        
Node        Requested   Usage             Requested   Current Use    Max Used            
node0397    2           1.00 (49.97 %)    240.00 GiB  205.99 GiB     209.83 GiB (87.43 %)

Node        GPU Model                     Compute Usage  Memory Usage   
node0397    NVIDIA A100 80GB PCIe         0 %            1.19 GiB       


Current Per Node Stats -- Oct  4 11:17:55
--------------------------
            CPU Cores                     Memory                        
Node        Requested   Usage             Requested   Current Use    Max Used            
node0397    2           1.00 (49.97 %)    240.00 GiB  206.43 GiB     209.83 GiB (87.43 %)

Node        GPU Model                     Compute Usage  Memory Usage   
node0397    NVIDIA A100 80GB PCIe         0 %            1.19 GiB       


Current Per Node Stats -- Oct  4 11:18:55
--------------------------
            CPU Cores                     Memory                        
Node        Requested   Usage             Requested   Current Use    Max Used            
node0397    2           1.00 (49.96 %)    240.00 GiB  206.81 GiB     209.83 GiB (87.43 %)

Node        GPU Model                     Compute Usage  Memory Usage   
node0397    NVIDIA A100 80GB PCIe         0 %            1.19 GiB       


Current Per Node Stats -- Oct  4 11:19:55
--------------------------
            CPU Cores                     Memory                        
Node        Requested   Usage             Requested   Current Use    Max Used            
node0397    2           1.00 (49.96 %)    240.00 GiB  207.24 GiB     209.83 GiB (87.43 %)

Node        GPU Model                     Compute Usage  Memory Usage   
node0397    NVIDIA A100 80GB PCIe         0 %            1.19 GiB       


Current Per Node Stats -- Oct  4 11:20:55
--------------------------
            CPU Cores                     Memory                        
Node        Requested   Usage             Requested   Current Use    Max Used            
node0397    2           1.00 (49.96 %)    240.00 GiB  207.62 GiB     209.83 GiB (87.43 %)

Node        GPU Model                     Compute Usage  Memory Usage   
node0397    NVIDIA A100 80GB PCIe         0 %            1.19 GiB       


Current Per Node Stats -- Oct  4 11:21:55
--------------------------
            CPU Cores                     Memory                        
Node        Requested   Usage             Requested   Current Use    Max Used            
node0397    2           1.00 (49.96 %)    240.00 GiB  208.06 GiB     209.83 GiB (87.43 %)

Node        GPU Model                     Compute Usage  Memory Usage   
node0397    NVIDIA A100 80GB PCIe         0 %            1.19 GiB       


Current Per Node Stats -- Oct  4 11:22:55
--------------------------
            CPU Cores                     Memory                        
Node        Requested   Usage             Requested   Current Use    Max Used            
node0397    2           1.00 (49.97 %)    240.00 GiB  208.56 GiB     209.83 GiB (87.43 %)

Node        GPU Model                     Compute Usage  Memory Usage   
node0397    NVIDIA A100 80GB PCIe         0 %            1.19 GiB       


Current Per Node Stats -- Oct  4 11:23:55
--------------------------
            CPU Cores                     Memory                        
Node        Requested   Usage             Requested   Current Use    Max Used            
node0397    2           1.00 (49.96 %)    240.00 GiB  208.94 GiB     209.83 GiB (87.43 %)

Node        GPU Model                     Compute Usage  Memory Usage   
node0397    NVIDIA A100 80GB PCIe         0 %            1.19 GiB       


Current Per Node Stats -- Oct  4 11:24:55
--------------------------
            CPU Cores                     Memory                        
Node        Requested   Usage             Requested   Current Use    Max Used            
node0397    2           1.00 (49.96 %)    240.00 GiB  209.37 GiB     209.83 GiB (87.43 %)

Node        GPU Model                     Compute Usage  Memory Usage   
node0397    NVIDIA A100 80GB PCIe         0 %            1.19 GiB       


Current Per Node Stats -- Oct  4 11:25:55
--------------------------
            CPU Cores                     Memory                        
Node        Requested   Usage             Requested   Current Use    Max Used            
node0397    2           1.00 (49.96 %)    240.00 GiB  207.30 GiB     209.83 GiB (87.43 %)

Node        GPU Model                     Compute Usage  Memory Usage   
node0397    NVIDIA A100 80GB PCIe         0 %            1.19 GiB       


Current Per Node Stats -- Oct  4 11:26:55
--------------------------
            CPU Cores                     Memory                        
Node        Requested   Usage             Requested   Current Use    Max Used            
node0397    2           1.00 (49.96 %)    240.00 GiB  207.80 GiB     209.83 GiB (87.43 %)

Node        GPU Model                     Compute Usage  Memory Usage   
node0397    NVIDIA A100 80GB PCIe         0 %            1.19 GiB       


Current Per Node Stats -- Oct  4 11:27:55
--------------------------
            CPU Cores                     Memory                        
Node        Requested   Usage             Requested   Current Use    Max Used            
node0397    2           1.00 (49.96 %)    240.00 GiB  208.17 GiB     209.83 GiB (87.43 %)

Node        GPU Model                     Compute Usage  Memory Usage   
node0397    NVIDIA A100 80GB PCIe         0 %            1.19 GiB       


Current Per Node Stats -- Oct  4 11:28:55
--------------------------
            CPU Cores                     Memory                        
Node        Requested   Usage             Requested   Current Use    Max Used            
node0397    2           0.99 (49.61 %)    240.00 GiB  208.23 GiB     209.83 GiB (87.43 %)

Node        GPU Model                     Compute Usage  Memory Usage   
node0397    NVIDIA A100 80GB PCIe         26 %           1.21 GiB       


Current Per Node Stats -- Oct  4 11:29:55
--------------------------
            CPU Cores                     Memory                        
Node        Requested   Usage             Requested   Current Use    Max Used            
node0397    2           1.00 (49.96 %)    240.00 GiB  208.87 GiB     209.83 GiB (87.43 %)

Node        GPU Model                     Compute Usage  Memory Usage   
node0397    NVIDIA A100 80GB PCIe         0 %            1.21 GiB       


Current Per Node Stats -- Oct  4 11:30:55
--------------------------
            CPU Cores                     Memory                        
Node        Requested   Usage             Requested   Current Use    Max Used            
node0397    2           1.00 (49.97 %)    240.00 GiB  209.31 GiB     209.83 GiB (87.43 %)

Node        GPU Model                     Compute Usage  Memory Usage   
node0397    NVIDIA A100 80GB PCIe         0 %            1.21 GiB       


Current Per Node Stats -- Oct  4 11:31:55
--------------------------
            CPU Cores                     Memory                        
Node        Requested   Usage             Requested   Current Use    Max Used            
node0397    2           1.00 (49.96 %)    240.00 GiB  209.75 GiB     209.83 GiB (87.43 %)

Node        GPU Model                     Compute Usage  Memory Usage   
node0397    NVIDIA A100 80GB PCIe         0 %            1.21 GiB       


Current Per Node Stats -- Oct  4 11:32:55
--------------------------
            CPU Cores                     Memory                        
Node        Requested   Usage             Requested   Current Use    Max Used            
node0397    2           1.00 (49.87 %)    240.00 GiB  210.19 GiB     210.19 GiB (87.58 %)

Node        GPU Model                     Compute Usage  Memory Usage   
node0397    NVIDIA A100 80GB PCIe         0 %            1.21 GiB       


Current Per Node Stats -- Oct  4 11:33:55
--------------------------
            CPU Cores                     Memory                        
Node        Requested   Usage             Requested   Current Use    Max Used            
node0397    2           1.00 (49.96 %)    240.00 GiB  210.63 GiB     210.63 GiB (87.76 %)

Node        GPU Model                     Compute Usage  Memory Usage   
node0397    NVIDIA A100 80GB PCIe         0 %            1.21 GiB       


Current Per Node Stats -- Oct  4 11:34:55
--------------------------
            CPU Cores                     Memory                        
Node        Requested   Usage             Requested   Current Use    Max Used            
node0397    2           1.00 (49.97 %)    240.00 GiB  211.07 GiB     211.07 GiB (87.94 %)

Node        GPU Model                     Compute Usage  Memory Usage   
node0397    NVIDIA A100 80GB PCIe         0 %            1.21 GiB       


Current Per Node Stats -- Oct  4 11:35:55
--------------------------
            CPU Cores                     Memory                        
Node        Requested   Usage             Requested   Current Use    Max Used            
node0397    2           1.00 (49.97 %)    240.00 GiB  211.57 GiB     211.57 GiB (88.15 %)

Node        GPU Model                     Compute Usage  Memory Usage   
node0397    NVIDIA A100 80GB PCIe         0 %            1.21 GiB       


Current Per Node Stats -- Oct  4 11:36:55
--------------------------
            CPU Cores                     Memory                        
Node        Requested   Usage             Requested   Current Use    Max Used            
node0397    2           1.00 (49.96 %)    240.00 GiB  212.07 GiB     212.07 GiB (88.36 %)

Node        GPU Model                     Compute Usage  Memory Usage   
node0397    NVIDIA A100 80GB PCIe         0 %            1.21 GiB       


Current Per Node Stats -- Oct  4 11:37:55
--------------------------
            CPU Cores                     Memory                        
Node        Requested   Usage             Requested   Current Use    Max Used            
node0397    2           1.00 (49.96 %)    240.00 GiB  211.31 GiB     212.23 GiB (88.43 %)

Node        GPU Model                     Compute Usage  Memory Usage   
node0397    NVIDIA A100 80GB PCIe         0 %            1.21 GiB       


Current Per Node Stats -- Oct  4 11:38:55
--------------------------
            CPU Cores                     Memory                        
Node        Requested   Usage             Requested   Current Use    Max Used            
node0397    2           1.00 (49.96 %)    240.00 GiB  211.75 GiB     212.23 GiB (88.43 %)

Node        GPU Model                     Compute Usage  Memory Usage   
node0397    NVIDIA A100 80GB PCIe         0 %            1.21 GiB       


Current Per Node Stats -- Oct  4 11:39:55
--------------------------
            CPU Cores                     Memory                        
Node        Requested   Usage             Requested   Current Use    Max Used            
node0397    2           1.00 (49.96 %)    240.00 GiB  212.25 GiB     212.25 GiB (88.44 %)

Node        GPU Model                     Compute Usage  Memory Usage   
node0397    NVIDIA A100 80GB PCIe         0 %            1.21 GiB       


Current Per Node Stats -- Oct  4 11:40:55
--------------------------
            CPU Cores                     Memory                        
Node        Requested   Usage             Requested   Current Use    Max Used            
node0397    2           1.00 (49.97 %)    240.00 GiB  212.75 GiB     212.75 GiB (88.65 %)

Node        GPU Model                     Compute Usage  Memory Usage   
node0397    NVIDIA A100 80GB PCIe         0 %            1.21 GiB       


Current Per Node Stats -- Oct  4 11:41:55
--------------------------
            CPU Cores                     Memory                        
Node        Requested   Usage             Requested   Current Use    Max Used            
node0397    2           1.00 (49.97 %)    240.00 GiB  213.19 GiB     213.19 GiB (88.83 %)

Node        GPU Model                     Compute Usage  Memory Usage   
node0397    NVIDIA A100 80GB PCIe         0 %            1.21 GiB       


Current Per Node Stats -- Oct  4 11:42:55
--------------------------
            CPU Cores                     Memory                        
Node        Requested   Usage             Requested   Current Use    Max Used            
node0397    2           1.00 (49.96 %)    240.00 GiB  212.49 GiB     213.48 GiB (88.95 %)

Node        GPU Model                     Compute Usage  Memory Usage   
node0397    NVIDIA A100 80GB PCIe         0 %            1.21 GiB       


Current Per Node Stats -- Oct  4 11:43:55
--------------------------
            CPU Cores                     Memory                        
Node        Requested   Usage             Requested   Current Use    Max Used            
node0397    2           1.00 (49.97 %)    240.00 GiB  212.99 GiB     213.48 GiB (88.95 %)

Node        GPU Model                     Compute Usage  Memory Usage   
node0397    NVIDIA A100 80GB PCIe         0 %            1.21 GiB       


Current Per Node Stats -- Oct  4 11:44:55
--------------------------
            CPU Cores                     Memory                        
Node        Requested   Usage             Requested   Current Use    Max Used            
node0397    2           1.00 (49.96 %)    240.00 GiB  213.49 GiB     213.49 GiB (88.96 %)

Node        GPU Model                     Compute Usage  Memory Usage   
node0397    NVIDIA A100 80GB PCIe         0 %            1.21 GiB       


Current Per Node Stats -- Oct  4 11:45:55
--------------------------
            CPU Cores                     Memory                        
Node        Requested   Usage             Requested   Current Use    Max Used            
node0397    2           1.00 (49.96 %)    240.00 GiB  214.00 GiB     214.00 GiB (89.16 %)

Node        GPU Model                     Compute Usage  Memory Usage   
node0397    NVIDIA A100 80GB PCIe         0 %            1.21 GiB       


Current Per Node Stats -- Oct  4 11:46:55
--------------------------
            CPU Cores                     Memory                        
Node        Requested   Usage             Requested   Current Use    Max Used            
node0397    2           1.00 (49.97 %)    240.00 GiB  214.56 GiB     214.56 GiB (89.40 %)

Node        GPU Model                     Compute Usage  Memory Usage   
node0397    NVIDIA A100 80GB PCIe         0 %            1.21 GiB       


Current Per Node Stats -- Oct  4 11:47:55
--------------------------
            CPU Cores                     Memory                        
Node        Requested   Usage             Requested   Current Use    Max Used            
node0397    2           1.00 (49.97 %)    240.00 GiB  215.12 GiB     215.12 GiB (89.64 %)

Node        GPU Model                     Compute Usage  Memory Usage   
node0397    NVIDIA A100 80GB PCIe         0 %            1.21 GiB       


Current Per Node Stats -- Oct  4 11:48:55
--------------------------
            CPU Cores                     Memory                        
Node        Requested   Usage             Requested   Current Use    Max Used            
node0397    2           1.00 (49.96 %)    240.00 GiB  215.75 GiB     215.75 GiB (89.90 %)

Node        GPU Model                     Compute Usage  Memory Usage   
node0397    NVIDIA A100 80GB PCIe         0 %            1.21 GiB       


Current Per Node Stats -- Oct  4 11:49:55
--------------------------
            CPU Cores                     Memory                        
Node        Requested   Usage             Requested   Current Use    Max Used            
node0397    2           1.00 (49.95 %)    240.00 GiB  213.86 GiB     216.01 GiB (90.00 %)

Node        GPU Model                     Compute Usage  Memory Usage   
node0397    NVIDIA A100 80GB PCIe         0 %            1.21 GiB       


Current Per Node Stats -- Oct  4 11:50:55
--------------------------
            CPU Cores                     Memory                        
Node        Requested   Usage             Requested   Current Use    Max Used            
node0397    2           1.00 (49.96 %)    240.00 GiB  214.42 GiB     216.01 GiB (90.00 %)

Node        GPU Model                     Compute Usage  Memory Usage   
node0397    NVIDIA A100 80GB PCIe         0 %            1.21 GiB       


Current Per Node Stats -- Oct  4 11:51:55
--------------------------
            CPU Cores                     Memory                        
Node        Requested   Usage             Requested   Current Use    Max Used            
node0397    2           1.00 (49.85 %)    240.00 GiB  201.85 GiB     216.01 GiB (90.00 %)

Node        GPU Model                     Compute Usage  Memory Usage   
node0397    NVIDIA A100 80GB PCIe         27 %           1.21 GiB       


Current Per Node Stats -- Oct  4 11:52:55
--------------------------
            CPU Cores                     Memory                        
Node        Requested   Usage             Requested   Current Use    Max Used            
node0397    2           1.00 (49.96 %)    240.00 GiB  203.39 GiB     216.01 GiB (90.00 %)

Node        GPU Model                     Compute Usage  Memory Usage   
node0397    NVIDIA A100 80GB PCIe         0 %            1.21 GiB       


Current Per Node Stats -- Oct  4 11:53:55
--------------------------
            CPU Cores                     Memory                        
Node        Requested   Usage             Requested   Current Use    Max Used            
node0397    2           1.00 (49.97 %)    240.00 GiB  203.83 GiB     216.01 GiB (90.00 %)

Node        GPU Model                     Compute Usage  Memory Usage   
node0397    NVIDIA A100 80GB PCIe         0 %            1.21 GiB       


Current Per Node Stats -- Oct  4 11:54:55
--------------------------
            CPU Cores                     Memory                        
Node        Requested   Usage             Requested   Current Use    Max Used            
node0397    2           1.00 (49.97 %)    240.00 GiB  204.39 GiB     216.01 GiB (90.00 %)

Node        GPU Model                     Compute Usage  Memory Usage   
node0397    NVIDIA A100 80GB PCIe         0 %            1.21 GiB       


Current Per Node Stats -- Oct  4 11:55:55
--------------------------
            CPU Cores                     Memory                        
Node        Requested   Usage             Requested   Current Use    Max Used            
node0397    2           1.00 (49.97 %)    240.00 GiB  204.83 GiB     216.01 GiB (90.00 %)

Node        GPU Model                     Compute Usage  Memory Usage   
node0397    NVIDIA A100 80GB PCIe         0 %            1.21 GiB       


Current Per Node Stats -- Oct  4 11:56:55
--------------------------
            CPU Cores                     Memory                        
Node        Requested   Usage             Requested   Current Use    Max Used            
node0397    2           1.00 (49.96 %)    240.00 GiB  205.33 GiB     216.01 GiB (90.00 %)

Node        GPU Model                     Compute Usage  Memory Usage   
node0397    NVIDIA A100 80GB PCIe         0 %            1.21 GiB       


Current Per Node Stats -- Oct  4 11:57:55
--------------------------
            CPU Cores                     Memory                        
Node        Requested   Usage             Requested   Current Use    Max Used            
node0397    2           1.00 (49.96 %)    240.00 GiB  205.77 GiB     216.01 GiB (90.00 %)

Node        GPU Model                     Compute Usage  Memory Usage   
node0397    NVIDIA A100 80GB PCIe         0 %            1.21 GiB       


Current Per Node Stats -- Oct  4 11:58:55
--------------------------
            CPU Cores                     Memory                        
Node        Requested   Usage             Requested   Current Use    Max Used            
node0397    2           1.00 (49.96 %)    240.00 GiB  205.01 GiB     216.01 GiB (90.00 %)

Node        GPU Model                     Compute Usage  Memory Usage   
node0397    NVIDIA A100 80GB PCIe         0 %            1.21 GiB       


Current Per Node Stats -- Oct  4 11:59:55
--------------------------
            CPU Cores                     Memory                        
Node        Requested   Usage             Requested   Current Use    Max Used            
node0397    2           1.00 (49.97 %)    240.00 GiB  205.45 GiB     216.01 GiB (90.00 %)

Node        GPU Model                     Compute Usage  Memory Usage   
node0397    NVIDIA A100 80GB PCIe         0 %            1.21 GiB       


Current Per Node Stats -- Oct  4 12:00:55
--------------------------
            CPU Cores                     Memory                        
Node        Requested   Usage             Requested   Current Use    Max Used            
node0397    2           1.00 (49.97 %)    240.00 GiB  205.89 GiB     216.01 GiB (90.00 %)

Node        GPU Model                     Compute Usage  Memory Usage   
node0397    NVIDIA A100 80GB PCIe         0 %            1.21 GiB       


Current Per Node Stats -- Oct  4 12:01:55
--------------------------
            CPU Cores                     Memory                        
Node        Requested   Usage             Requested   Current Use    Max Used            
node0397    2           1.00 (49.97 %)    240.00 GiB  206.33 GiB     216.01 GiB (90.00 %)

Node        GPU Model                     Compute Usage  Memory Usage   
node0397    NVIDIA A100 80GB PCIe         0 %            1.21 GiB       


Current Per Node Stats -- Oct  4 12:02:55
--------------------------
            CPU Cores                     Memory                        
Node        Requested   Usage             Requested   Current Use    Max Used            
node0397    2           1.00 (49.87 %)    240.00 GiB  206.77 GiB     216.01 GiB (90.00 %)

Node        GPU Model                     Compute Usage  Memory Usage   
node0397    NVIDIA A100 80GB PCIe         0 %            1.21 GiB       


Current Per Node Stats -- Oct  4 12:03:55
--------------------------
            CPU Cores                     Memory                        
Node        Requested   Usage             Requested   Current Use    Max Used            
node0397    2           1.00 (49.97 %)    240.00 GiB  205.95 GiB     216.01 GiB (90.00 %)

Node        GPU Model                     Compute Usage  Memory Usage   
node0397    NVIDIA A100 80GB PCIe         0 %            1.21 GiB       


Current Per Node Stats -- Oct  4 12:04:55
--------------------------
            CPU Cores                     Memory                        
Node        Requested   Usage             Requested   Current Use    Max Used            
node0397    2           1.00 (49.96 %)    240.00 GiB  206.38 GiB     216.01 GiB (90.00 %)

Node        GPU Model                     Compute Usage  Memory Usage   
node0397    NVIDIA A100 80GB PCIe         0 %            1.21 GiB       


Current Per Node Stats -- Oct  4 12:05:55
--------------------------
            CPU Cores                     Memory                        
Node        Requested   Usage             Requested   Current Use    Max Used            
node0397    2           1.00 (49.96 %)    240.00 GiB  206.76 GiB     216.01 GiB (90.00 %)

Node        GPU Model                     Compute Usage  Memory Usage   
node0397    NVIDIA A100 80GB PCIe         0 %            1.21 GiB       


Current Per Node Stats -- Oct  4 12:06:55
--------------------------
            CPU Cores                     Memory                        
Node        Requested   Usage             Requested   Current Use    Max Used            
node0397    2           1.00 (49.97 %)    240.00 GiB  207.20 GiB     216.01 GiB (90.00 %)

Node        GPU Model                     Compute Usage  Memory Usage   
node0397    NVIDIA A100 80GB PCIe         0 %            1.21 GiB       


Current Per Node Stats -- Oct  4 12:07:55
--------------------------
            CPU Cores                     Memory                        
Node        Requested   Usage             Requested   Current Use    Max Used            
node0397    2           1.00 (49.97 %)    240.00 GiB  207.57 GiB     216.01 GiB (90.00 %)

Node        GPU Model                     Compute Usage  Memory Usage   
node0397    NVIDIA A100 80GB PCIe         0 %            1.21 GiB       


Current Per Node Stats -- Oct  4 12:08:55
--------------------------
            CPU Cores                     Memory                        
Node        Requested   Usage             Requested   Current Use    Max Used            
node0397    2           1.00 (49.96 %)    240.00 GiB  208.01 GiB     216.01 GiB (90.00 %)

Node        GPU Model                     Compute Usage  Memory Usage   
node0397    NVIDIA A100 80GB PCIe         0 %            1.21 GiB       


Current Per Node Stats -- Oct  4 12:09:55
--------------------------
            CPU Cores                     Memory                        
Node        Requested   Usage             Requested   Current Use    Max Used            
node0397    2           1.00 (49.95 %)    240.00 GiB  208.45 GiB     216.01 GiB (90.00 %)

Node        GPU Model                     Compute Usage  Memory Usage   
node0397    NVIDIA A100 80GB PCIe         0 %            1.21 GiB       


Current Per Node Stats -- Oct  4 12:10:55
--------------------------
            CPU Cores                     Memory                        
Node        Requested   Usage             Requested   Current Use    Max Used            
node0397    2           1.00 (49.96 %)    240.00 GiB  208.89 GiB     216.01 GiB (90.00 %)

Node        GPU Model                     Compute Usage  Memory Usage   
node0397    NVIDIA A100 80GB PCIe         0 %            1.21 GiB       


Current Per Node Stats -- Oct  4 12:11:55
--------------------------
            CPU Cores                     Memory                        
Node        Requested   Usage             Requested   Current Use    Max Used            
node0397    2           1.00 (49.96 %)    240.00 GiB  209.27 GiB     216.01 GiB (90.00 %)

Node        GPU Model                     Compute Usage  Memory Usage   
node0397    NVIDIA A100 80GB PCIe         0 %            1.21 GiB       


Current Per Node Stats -- Oct  4 12:12:55
--------------------------
            CPU Cores                     Memory                        
Node        Requested   Usage             Requested   Current Use    Max Used            
node0397    2           1.00 (49.96 %)    240.00 GiB  207.25 GiB     216.01 GiB (90.00 %)

Node        GPU Model                     Compute Usage  Memory Usage   
node0397    NVIDIA A100 80GB PCIe         0 %            1.21 GiB       


Current Per Node Stats -- Oct  4 12:13:55
--------------------------
            CPU Cores                     Memory                        
Node        Requested   Usage             Requested   Current Use    Max Used            
node0397    2           1.00 (49.97 %)    240.00 GiB  207.69 GiB     216.01 GiB (90.00 %)

Node        GPU Model                     Compute Usage  Memory Usage   
node0397    NVIDIA A100 80GB PCIe         0 %            1.21 GiB       


Current Per Node Stats -- Oct  4 12:14:55
--------------------------
            CPU Cores                     Memory                        
Node        Requested   Usage             Requested   Current Use    Max Used            
node0397    2           1.00 (49.97 %)    240.00 GiB  208.13 GiB     216.01 GiB (90.00 %)

Node        GPU Model                     Compute Usage  Memory Usage   
node0397    NVIDIA A100 80GB PCIe         0 %            1.21 GiB       


Current Per Node Stats -- Oct  4 12:15:55
--------------------------
            CPU Cores                     Memory                        
Node        Requested   Usage             Requested   Current Use    Max Used            
node0397    2           1.00 (49.88 %)    240.00 GiB  207.75 GiB     216.01 GiB (90.00 %)

Node        GPU Model                     Compute Usage  Memory Usage   
node0397    NVIDIA A100 80GB PCIe         27 %           1.21 GiB       


Current Per Node Stats -- Oct  4 12:16:55
--------------------------
            CPU Cores                     Memory                        
Node        Requested   Usage             Requested   Current Use    Max Used            
node0397    2           1.00 (49.95 %)    240.00 GiB  208.76 GiB     216.01 GiB (90.00 %)

Node        GPU Model                     Compute Usage  Memory Usage   
node0397    NVIDIA A100 80GB PCIe         0 %            1.21 GiB       


Current Per Node Stats -- Oct  4 12:17:55
--------------------------
            CPU Cores                     Memory                        
Node        Requested   Usage             Requested   Current Use    Max Used            
node0397    2           1.00 (49.97 %)    240.00 GiB  209.19 GiB     216.01 GiB (90.00 %)

Node        GPU Model                     Compute Usage  Memory Usage   
node0397    NVIDIA A100 80GB PCIe         0 %            1.21 GiB       


Current Per Node Stats -- Oct  4 12:18:55
--------------------------
            CPU Cores                     Memory                        
Node        Requested   Usage             Requested   Current Use    Max Used            
node0397    2           1.00 (49.97 %)    240.00 GiB  209.63 GiB     216.01 GiB (90.00 %)

Node        GPU Model                     Compute Usage  Memory Usage   
node0397    NVIDIA A100 80GB PCIe         0 %            1.21 GiB       


Current Per Node Stats -- Oct  4 12:19:55
--------------------------
            CPU Cores                     Memory                        
Node        Requested   Usage             Requested   Current Use    Max Used            
node0397    2           1.00 (49.95 %)    240.00 GiB  210.07 GiB     216.01 GiB (90.00 %)

Node        GPU Model                     Compute Usage  Memory Usage   
node0397    NVIDIA A100 80GB PCIe         0 %            1.21 GiB       


Current Per Node Stats -- Oct  4 12:20:55
--------------------------
            CPU Cores                     Memory                        
Node        Requested   Usage             Requested   Current Use    Max Used            
node0397    2           1.00 (49.97 %)    240.00 GiB  210.51 GiB     216.01 GiB (90.00 %)

Node        GPU Model                     Compute Usage  Memory Usage   
node0397    NVIDIA A100 80GB PCIe         0 %            1.21 GiB       


Current Per Node Stats -- Oct  4 12:21:55
--------------------------
            CPU Cores                     Memory                        
Node        Requested   Usage             Requested   Current Use    Max Used            
node0397    2           1.00 (49.96 %)    240.00 GiB  211.01 GiB     216.01 GiB (90.00 %)

Node        GPU Model                     Compute Usage  Memory Usage   
node0397    NVIDIA A100 80GB PCIe         0 %            1.21 GiB       


Current Per Node Stats -- Oct  4 12:22:55
--------------------------
            CPU Cores                     Memory                        
Node        Requested   Usage             Requested   Current Use    Max Used            
node0397    2           1.00 (49.96 %)    240.00 GiB  211.45 GiB     216.01 GiB (90.00 %)

Node        GPU Model                     Compute Usage  Memory Usage   
node0397    NVIDIA A100 80GB PCIe         0 %            1.21 GiB       


Current Per Node Stats -- Oct  4 12:23:55
--------------------------
            CPU Cores                     Memory                        
Node        Requested   Usage             Requested   Current Use    Max Used            
node0397    2           1.00 (49.96 %)    240.00 GiB  211.95 GiB     216.01 GiB (90.00 %)

Node        GPU Model                     Compute Usage  Memory Usage   
node0397    NVIDIA A100 80GB PCIe         0 %            1.21 GiB       


Current Per Node Stats -- Oct  4 12:24:55
--------------------------
            CPU Cores                     Memory                        
Node        Requested   Usage             Requested   Current Use    Max Used            
node0397    2           1.00 (49.97 %)    240.00 GiB  211.19 GiB     216.01 GiB (90.00 %)

Node        GPU Model                     Compute Usage  Memory Usage   
node0397    NVIDIA A100 80GB PCIe         0 %            1.21 GiB       


Current Per Node Stats -- Oct  4 12:25:55
--------------------------
            CPU Cores                     Memory                        
Node        Requested   Usage             Requested   Current Use    Max Used            
node0397    2           1.00 (49.96 %)    240.00 GiB  211.69 GiB     216.01 GiB (90.00 %)

Node        GPU Model                     Compute Usage  Memory Usage   
node0397    NVIDIA A100 80GB PCIe         0 %            1.21 GiB       


Current Per Node Stats -- Oct  4 12:26:55
--------------------------
            CPU Cores                     Memory                        
Node        Requested   Usage             Requested   Current Use    Max Used            
node0397    2           1.00 (49.95 %)    240.00 GiB  212.19 GiB     216.01 GiB (90.00 %)

Node        GPU Model                     Compute Usage  Memory Usage   
node0397    NVIDIA A100 80GB PCIe         0 %            1.21 GiB       


Current Per Node Stats -- Oct  4 12:27:55
--------------------------
            CPU Cores                     Memory                        
Node        Requested   Usage             Requested   Current Use    Max Used            
node0397    2           1.00 (49.96 %)    240.00 GiB  212.64 GiB     216.01 GiB (90.00 %)

Node        GPU Model                     Compute Usage  Memory Usage   
node0397    NVIDIA A100 80GB PCIe         0 %            1.21 GiB       


Current Per Node Stats -- Oct  4 12:28:55
--------------------------
            CPU Cores                     Memory                        
Node        Requested   Usage             Requested   Current Use    Max Used            
node0397    2           1.00 (49.97 %)    240.00 GiB  213.14 GiB     216.01 GiB (90.00 %)

Node        GPU Model                     Compute Usage  Memory Usage   
node0397    NVIDIA A100 80GB PCIe         0 %            1.21 GiB       


Current Per Node Stats -- Oct  4 12:29:55
--------------------------
            CPU Cores                     Memory                        
Node        Requested   Usage             Requested   Current Use    Max Used            
node0397    2           1.00 (49.96 %)    240.00 GiB  212.44 GiB     216.01 GiB (90.00 %)

Node        GPU Model                     Compute Usage  Memory Usage   
node0397    NVIDIA A100 80GB PCIe         0 %            1.21 GiB       


Current Per Node Stats -- Oct  4 12:30:55
--------------------------
            CPU Cores                     Memory                        
Node        Requested   Usage             Requested   Current Use    Max Used            
node0397    2           1.00 (49.97 %)    240.00 GiB  212.88 GiB     216.01 GiB (90.00 %)

Node        GPU Model                     Compute Usage  Memory Usage   
node0397    NVIDIA A100 80GB PCIe         0 %            1.21 GiB       


Current Per Node Stats -- Oct  4 12:31:55
--------------------------
            CPU Cores                     Memory                        
Node        Requested   Usage             Requested   Current Use    Max Used            
node0397    2           1.00 (49.96 %)    240.00 GiB  213.38 GiB     216.01 GiB (90.00 %)

Node        GPU Model                     Compute Usage  Memory Usage   
node0397    NVIDIA A100 80GB PCIe         0 %            1.21 GiB       


Current Per Node Stats -- Oct  4 12:32:55
--------------------------
            CPU Cores                     Memory                        
Node        Requested   Usage             Requested   Current Use    Max Used            
node0397    2           1.00 (49.95 %)    240.00 GiB  213.95 GiB     216.01 GiB (90.00 %)

Node        GPU Model                     Compute Usage  Memory Usage   
node0397    NVIDIA A100 80GB PCIe         0 %            1.21 GiB       


Current Per Node Stats -- Oct  4 12:33:55
--------------------------
            CPU Cores                     Memory                        
Node        Requested   Usage             Requested   Current Use    Max Used            
node0397    2           1.00 (49.97 %)    240.00 GiB  214.45 GiB     216.01 GiB (90.00 %)

Node        GPU Model                     Compute Usage  Memory Usage   
node0397    NVIDIA A100 80GB PCIe         0 %            1.21 GiB       


Current Per Node Stats -- Oct  4 12:34:55
--------------------------
            CPU Cores                     Memory                        
Node        Requested   Usage             Requested   Current Use    Max Used            
node0397    2           1.00 (49.96 %)    240.00 GiB  215.01 GiB     216.01 GiB (90.00 %)

Node        GPU Model                     Compute Usage  Memory Usage   
node0397    NVIDIA A100 80GB PCIe         0 %            1.21 GiB       


Current Per Node Stats -- Oct  4 12:35:55
--------------------------
            CPU Cores                     Memory                        
Node        Requested   Usage             Requested   Current Use    Max Used            
node0397    2           1.00 (49.97 %)    240.00 GiB  215.57 GiB     216.01 GiB (90.00 %)

Node        GPU Model                     Compute Usage  Memory Usage   
node0397    NVIDIA A100 80GB PCIe         0 %            1.21 GiB       


Current Per Node Stats -- Oct  4 12:36:55
--------------------------
            CPU Cores                     Memory                        
Node        Requested   Usage             Requested   Current Use    Max Used            
node0397    2           1.00 (49.94 %)    240.00 GiB  213.68 GiB     216.01 GiB (90.00 %)

Node        GPU Model                     Compute Usage  Memory Usage   
node0397    NVIDIA A100 80GB PCIe         0 %            1.21 GiB       


Current Per Node Stats -- Oct  4 12:37:55
--------------------------
            CPU Cores                     Memory                        
Node        Requested   Usage             Requested   Current Use    Max Used            
node0397    2           1.00 (49.97 %)    240.00 GiB  214.25 GiB     216.01 GiB (90.00 %)

Node        GPU Model                     Compute Usage  Memory Usage   
node0397    NVIDIA A100 80GB PCIe         0 %            1.21 GiB       


Current Per Node Stats -- Oct  4 12:38:55
--------------------------
            CPU Cores                     Memory                        
Node        Requested   Usage             Requested   Current Use    Max Used            
node0397    2           1.00 (49.85 %)    240.00 GiB  178.59 GiB     216.01 GiB (90.00 %)

Node        GPU Model                     Compute Usage  Memory Usage   
node0397    NVIDIA A100 80GB PCIe         31 %           1.21 GiB       


Current Per Node Stats -- Oct  4 12:39:55
--------------------------
            CPU Cores                     Memory                        
Node        Requested   Usage             Requested   Current Use    Max Used            
node0397    2           1.00 (49.88 %)    240.00 GiB  192.75 GiB     216.01 GiB (90.00 %)

Node        GPU Model                     Compute Usage  Memory Usage   
node0397    NVIDIA A100 80GB PCIe         0 %            1.21 GiB       


Current Per Node Stats -- Oct  4 12:40:55
--------------------------
            CPU Cores                     Memory                        
Node        Requested   Usage             Requested   Current Use    Max Used            
node0397    2           1.00 (49.97 %)    240.00 GiB  193.25 GiB     216.01 GiB (90.00 %)

Node        GPU Model                     Compute Usage  Memory Usage   
node0397    NVIDIA A100 80GB PCIe         0 %            1.21 GiB       


Current Per Node Stats -- Oct  4 12:41:55
--------------------------
            CPU Cores                     Memory                        
Node        Requested   Usage             Requested   Current Use    Max Used            
node0397    2           1.00 (49.90 %)    240.00 GiB  185.09 GiB     216.01 GiB (90.00 %)

Node        GPU Model                     Compute Usage  Memory Usage   
node0397    NVIDIA A100 80GB PCIe         33 %           1.21 GiB       


Current Per Node Stats -- Oct  4 12:42:55
--------------------------
            CPU Cores                     Memory                        
Node        Requested   Usage             Requested   Current Use    Max Used            
node0397    2           1.00 (49.94 %)    240.00 GiB  193.12 GiB     216.01 GiB (90.00 %)

Node        GPU Model                     Compute Usage  Memory Usage   
node0397    NVIDIA A100 80GB PCIe         0 %            1.21 GiB       


Current Per Node Stats -- Oct  4 12:43:55
--------------------------
            CPU Cores                     Memory                        
Node        Requested   Usage             Requested   Current Use    Max Used            
node0397    2           1.00 (49.92 %)    240.00 GiB  191.98 GiB     216.01 GiB (90.00 %)

Node        GPU Model                     Compute Usage  Memory Usage   
node0397    NVIDIA A100 80GB PCIe         25 %           1.21 GiB       


Current Per Node Stats -- Oct  4 12:44:55
--------------------------
            CPU Cores                     Memory                        
Node        Requested   Usage             Requested   Current Use    Max Used            
node0397    2           1.00 (49.96 %)    240.00 GiB  195.07 GiB     216.01 GiB (90.00 %)

Node        GPU Model                     Compute Usage  Memory Usage   
node0397    NVIDIA A100 80GB PCIe         0 %            1.21 GiB       


Current Per Node Stats -- Oct  4 12:45:55
--------------------------
            CPU Cores                     Memory                        
Node        Requested   Usage             Requested   Current Use    Max Used            
node0397    2           1.00 (49.97 %)    240.00 GiB  195.51 GiB     216.01 GiB (90.00 %)

Node        GPU Model                     Compute Usage  Memory Usage   
node0397    NVIDIA A100 80GB PCIe         0 %            1.21 GiB       


Current Per Node Stats -- Oct  4 12:46:55
--------------------------
            CPU Cores                     Memory                        
Node        Requested   Usage             Requested   Current Use    Max Used            
node0397    2           1.00 (49.95 %)    240.00 GiB  196.01 GiB     216.01 GiB (90.00 %)

Node        GPU Model                     Compute Usage  Memory Usage   
node0397    NVIDIA A100 80GB PCIe         0 %            1.21 GiB       


Current Per Node Stats -- Oct  4 12:47:55
--------------------------
            CPU Cores                     Memory                        
Node        Requested   Usage             Requested   Current Use    Max Used            
node0397    2           1.00 (49.96 %)    240.00 GiB  196.39 GiB     216.01 GiB (90.00 %)

Node        GPU Model                     Compute Usage  Memory Usage   
node0397    NVIDIA A100 80GB PCIe         0 %            1.21 GiB       


Current Per Node Stats -- Oct  4 12:48:55
--------------------------
            CPU Cores                     Memory                        
Node        Requested   Usage             Requested   Current Use    Max Used            
node0397    2           1.00 (49.97 %)    240.00 GiB  196.83 GiB     216.01 GiB (90.00 %)

Node        GPU Model                     Compute Usage  Memory Usage   
node0397    NVIDIA A100 80GB PCIe         0 %            1.21 GiB       


Current Per Node Stats -- Oct  4 12:49:55
--------------------------
            CPU Cores                     Memory                        
Node        Requested   Usage             Requested   Current Use    Max Used            
node0397    2           1.00 (49.96 %)    240.00 GiB  197.27 GiB     216.01 GiB (90.00 %)

Node        GPU Model                     Compute Usage  Memory Usage   
node0397    NVIDIA A100 80GB PCIe         0 %            1.21 GiB       


Current Per Node Stats -- Oct  4 12:50:55
--------------------------
            CPU Cores                     Memory                        
Node        Requested   Usage             Requested   Current Use    Max Used            
node0397    2           1.00 (49.96 %)    240.00 GiB  197.77 GiB     216.01 GiB (90.00 %)

Node        GPU Model                     Compute Usage  Memory Usage   
node0397    NVIDIA A100 80GB PCIe         0 %            1.21 GiB       


Current Per Node Stats -- Oct  4 12:51:55
--------------------------
            CPU Cores                     Memory                        
Node        Requested   Usage             Requested   Current Use    Max Used            
node0397    2           1.00 (49.97 %)    240.00 GiB  198.21 GiB     216.01 GiB (90.00 %)

Node        GPU Model                     Compute Usage  Memory Usage   
node0397    NVIDIA A100 80GB PCIe         0 %            1.21 GiB       


Current Per Node Stats -- Oct  4 12:52:55
--------------------------
            CPU Cores                     Memory                        
Node        Requested   Usage             Requested   Current Use    Max Used            
node0397    2           1.00 (49.96 %)    240.00 GiB  198.65 GiB     216.01 GiB (90.00 %)

Node        GPU Model                     Compute Usage  Memory Usage   
node0397    NVIDIA A100 80GB PCIe         0 %            1.21 GiB       


Current Per Node Stats -- Oct  4 12:53:55
--------------------------
            CPU Cores                     Memory                        
Node        Requested   Usage             Requested   Current Use    Max Used            
node0397    2           1.00 (49.96 %)    240.00 GiB  199.08 GiB     216.01 GiB (90.00 %)

Node        GPU Model                     Compute Usage  Memory Usage   
node0397    NVIDIA A100 80GB PCIe         0 %            1.21 GiB       


Current Per Node Stats -- Oct  4 12:54:55
--------------------------
            CPU Cores                     Memory                        
Node        Requested   Usage             Requested   Current Use    Max Used            
node0397    2           1.00 (49.96 %)    240.00 GiB  199.59 GiB     216.01 GiB (90.00 %)

Node        GPU Model                     Compute Usage  Memory Usage   
node0397    NVIDIA A100 80GB PCIe         0 %            1.21 GiB       


Current Per Node Stats -- Oct  4 12:55:55
--------------------------
            CPU Cores                     Memory                        
Node        Requested   Usage             Requested   Current Use    Max Used            
node0397    2           1.00 (49.92 %)    240.00 GiB  192.84 GiB     216.01 GiB (90.00 %)

Node        GPU Model                     Compute Usage  Memory Usage   
node0397    NVIDIA A100 80GB PCIe         0 %            1.21 GiB       


Current Per Node Stats -- Oct  4 12:56:55
--------------------------
            CPU Cores                     Memory                        
Node        Requested   Usage             Requested   Current Use    Max Used            
node0397    2           1.00 (49.96 %)    240.00 GiB  193.28 GiB     216.01 GiB (90.00 %)

Node        GPU Model                     Compute Usage  Memory Usage   
node0397    NVIDIA A100 80GB PCIe         0 %            1.21 GiB       


Current Per Node Stats -- Oct  4 12:57:55
--------------------------
            CPU Cores                     Memory                        
Node        Requested   Usage             Requested   Current Use    Max Used            
node0397    2           1.00 (49.92 %)    240.00 GiB  194.73 GiB     216.01 GiB (90.00 %)

Node        GPU Model                     Compute Usage  Memory Usage   
node0397    NVIDIA A100 80GB PCIe         0 %            1.21 GiB       


Current Per Node Stats -- Oct  4 12:58:55
--------------------------
            CPU Cores                     Memory                        
Node        Requested   Usage             Requested   Current Use    Max Used            
node0397    2           1.00 (49.93 %)    240.00 GiB  195.23 GiB     216.01 GiB (90.00 %)

Node        GPU Model                     Compute Usage  Memory Usage   
node0397    NVIDIA A100 80GB PCIe         0 %            1.21 GiB       


Current Per Node Stats -- Oct  4 12:59:55
--------------------------
            CPU Cores                     Memory                        
Node        Requested   Usage             Requested   Current Use    Max Used            
node0397    2           1.00 (49.96 %)    240.00 GiB  195.73 GiB     216.01 GiB (90.00 %)

Node        GPU Model                     Compute Usage  Memory Usage   
node0397    NVIDIA A100 80GB PCIe         0 %            1.21 GiB       


Current Per Node Stats -- Oct  4 13:00:55
--------------------------
            CPU Cores                     Memory                        
Node        Requested   Usage             Requested   Current Use    Max Used            
node0397    2           1.00 (49.96 %)    240.00 GiB  196.17 GiB     216.01 GiB (90.00 %)

Node        GPU Model                     Compute Usage  Memory Usage   
node0397    NVIDIA A100 80GB PCIe         0 %            1.21 GiB       


Current Per Node Stats -- Oct  4 13:01:55
--------------------------
            CPU Cores                     Memory                        
Node        Requested   Usage             Requested   Current Use    Max Used            
node0397    2           1.00 (49.97 %)    240.00 GiB  196.61 GiB     216.01 GiB (90.00 %)

Node        GPU Model                     Compute Usage  Memory Usage   
node0397    NVIDIA A100 80GB PCIe         0 %            1.21 GiB       


Current Per Node Stats -- Oct  4 13:02:55
--------------------------
            CPU Cores                     Memory                        
Node        Requested   Usage             Requested   Current Use    Max Used            
node0397    2           1.00 (49.92 %)    240.00 GiB  197.11 GiB     216.01 GiB (90.00 %)

Node        GPU Model                     Compute Usage  Memory Usage   
node0397    NVIDIA A100 80GB PCIe         0 %            1.21 GiB       


Current Per Node Stats -- Oct  4 13:03:55
--------------------------
            CPU Cores                     Memory                        
Node        Requested   Usage             Requested   Current Use    Max Used            
node0397    2           1.00 (49.97 %)    240.00 GiB  197.55 GiB     216.01 GiB (90.00 %)

Node        GPU Model                     Compute Usage  Memory Usage   
node0397    NVIDIA A100 80GB PCIe         0 %            1.21 GiB       


Current Per Node Stats -- Oct  4 13:04:55
--------------------------
            CPU Cores                     Memory                        
Node        Requested   Usage             Requested   Current Use    Max Used            
node0397    2           1.00 (49.97 %)    240.00 GiB  197.99 GiB     216.01 GiB (90.00 %)

Node        GPU Model                     Compute Usage  Memory Usage   
node0397    NVIDIA A100 80GB PCIe         0 %            1.21 GiB       


Current Per Node Stats -- Oct  4 13:05:55
--------------------------
            CPU Cores                     Memory                        
Node        Requested   Usage             Requested   Current Use    Max Used            
node0397    2           1.00 (49.97 %)    240.00 GiB  198.43 GiB     216.01 GiB (90.00 %)

Node        GPU Model                     Compute Usage  Memory Usage   
node0397    NVIDIA A100 80GB PCIe         0 %            1.21 GiB       


Current Per Node Stats -- Oct  4 13:06:55
--------------------------
            CPU Cores                     Memory                        
Node        Requested   Usage             Requested   Current Use    Max Used            
node0397    2           1.00 (49.97 %)    240.00 GiB  198.80 GiB     216.01 GiB (90.00 %)

Node        GPU Model                     Compute Usage  Memory Usage   
node0397    NVIDIA A100 80GB PCIe         0 %            1.21 GiB       


Current Per Node Stats -- Oct  4 13:07:55
--------------------------
            CPU Cores                     Memory                        
Node        Requested   Usage             Requested   Current Use    Max Used            
node0397    2           1.00 (49.95 %)    240.00 GiB  199.30 GiB     216.01 GiB (90.00 %)

Node        GPU Model                     Compute Usage  Memory Usage   
node0397    NVIDIA A100 80GB PCIe         0 %            1.21 GiB       


Current Per Node Stats -- Oct  4 13:08:55
--------------------------
            CPU Cores                     Memory                        
Node        Requested   Usage             Requested   Current Use    Max Used            
node0397    2           1.00 (49.95 %)    240.00 GiB  186.26 GiB     216.01 GiB (90.00 %)

Node        GPU Model                     Compute Usage  Memory Usage   
node0397    NVIDIA A100 80GB PCIe         26 %           1.21 GiB       


Current Per Node Stats -- Oct  4 13:09:55
--------------------------
            CPU Cores                     Memory                        
Node        Requested   Usage             Requested   Current Use    Max Used            
node0397    2           1.00 (49.94 %)    240.00 GiB  193.63 GiB     216.01 GiB (90.00 %)

Node        GPU Model                     Compute Usage  Memory Usage   
node0397    NVIDIA A100 80GB PCIe         0 %            1.21 GiB       


Current Per Node Stats -- Oct  4 13:10:55
--------------------------
            CPU Cores                     Memory                        
Node        Requested   Usage             Requested   Current Use    Max Used            
node0397    2           1.00 (49.96 %)    240.00 GiB  194.13 GiB     216.01 GiB (90.00 %)

Node        GPU Model                     Compute Usage  Memory Usage   
node0397    NVIDIA A100 80GB PCIe         0 %            1.21 GiB       


Current Per Node Stats -- Oct  4 13:11:55
--------------------------
            CPU Cores                     Memory                        
Node        Requested   Usage             Requested   Current Use    Max Used            
node0397    2           1.00 (49.96 %)    240.00 GiB  192.12 GiB     216.01 GiB (90.00 %)

Node        GPU Model                     Compute Usage  Memory Usage   
node0397    NVIDIA A100 80GB PCIe         32 %           1.21 GiB       


Current Per Node Stats -- Oct  4 13:12:55
--------------------------
            CPU Cores                     Memory                        
Node        Requested   Usage             Requested   Current Use    Max Used            
node0397    2           1.00 (49.93 %)    240.00 GiB  196.14 GiB     216.01 GiB (90.00 %)

Node        GPU Model                     Compute Usage  Memory Usage   
node0397    NVIDIA A100 80GB PCIe         0 %            1.21 GiB       


Current Per Node Stats -- Oct  4 13:13:55
--------------------------
            CPU Cores                     Memory                        
Node        Requested   Usage             Requested   Current Use    Max Used            
node0397    2           1.00 (49.97 %)    240.00 GiB  196.71 GiB     216.01 GiB (90.00 %)

Node        GPU Model                     Compute Usage  Memory Usage   
node0397    NVIDIA A100 80GB PCIe         0 %            1.21 GiB       


Current Per Node Stats -- Oct  4 13:14:55
--------------------------
            CPU Cores                     Memory                        
Node        Requested   Usage             Requested   Current Use    Max Used            
node0397    2           1.00 (49.96 %)    240.00 GiB  197.21 GiB     216.01 GiB (90.00 %)

Node        GPU Model                     Compute Usage  Memory Usage   
node0397    NVIDIA A100 80GB PCIe         0 %            1.21 GiB       


Current Per Node Stats -- Oct  4 13:15:55
--------------------------
            CPU Cores                     Memory                        
Node        Requested   Usage             Requested   Current Use    Max Used            
node0397    2           1.00 (49.97 %)    240.00 GiB  197.71 GiB     216.01 GiB (90.00 %)

Node        GPU Model                     Compute Usage  Memory Usage   
node0397    NVIDIA A100 80GB PCIe         0 %            1.21 GiB       


Current Per Node Stats -- Oct  4 13:16:55
--------------------------
            CPU Cores                     Memory                        
Node        Requested   Usage             Requested   Current Use    Max Used            
node0397    2           1.00 (49.97 %)    240.00 GiB  198.21 GiB     216.01 GiB (90.00 %)

Node        GPU Model                     Compute Usage  Memory Usage   
node0397    NVIDIA A100 80GB PCIe         0 %            1.21 GiB       


Current Per Node Stats -- Oct  4 13:17:55
--------------------------
            CPU Cores                     Memory                        
Node        Requested   Usage             Requested   Current Use    Max Used            
node0397    2           1.00 (49.96 %)    240.00 GiB  198.71 GiB     216.01 GiB (90.00 %)

Node        GPU Model                     Compute Usage  Memory Usage   
node0397    NVIDIA A100 80GB PCIe         0 %            1.21 GiB       


Current Per Node Stats -- Oct  4 13:18:55
--------------------------
            CPU Cores                     Memory                        
Node        Requested   Usage             Requested   Current Use    Max Used            
node0397    2           1.00 (49.97 %)    240.00 GiB  199.21 GiB     216.01 GiB (90.00 %)

Node        GPU Model                     Compute Usage  Memory Usage   
node0397    NVIDIA A100 80GB PCIe         0 %            1.21 GiB       


Current Per Node Stats -- Oct  4 13:19:55
--------------------------
            CPU Cores                     Memory                        
Node        Requested   Usage             Requested   Current Use    Max Used            
node0397    2           1.00 (49.96 %)    240.00 GiB  199.78 GiB     216.01 GiB (90.00 %)

Node        GPU Model                     Compute Usage  Memory Usage   
node0397    NVIDIA A100 80GB PCIe         0 %            1.21 GiB       


Current Per Node Stats -- Oct  4 13:20:55
--------------------------
            CPU Cores                     Memory                        
Node        Requested   Usage             Requested   Current Use    Max Used            
node0397    2           1.00 (49.96 %)    240.00 GiB  200.22 GiB     216.01 GiB (90.00 %)

Node        GPU Model                     Compute Usage  Memory Usage   
node0397    NVIDIA A100 80GB PCIe         0 %            1.21 GiB       


Current Per Node Stats -- Oct  4 13:21:55
--------------------------
            CPU Cores                     Memory                        
Node        Requested   Usage             Requested   Current Use    Max Used            
node0397    2           1.00 (49.95 %)    240.00 GiB  200.72 GiB     216.01 GiB (90.00 %)

Node        GPU Model                     Compute Usage  Memory Usage   
node0397    NVIDIA A100 80GB PCIe         0 %            1.21 GiB       


Current Per Node Stats -- Oct  4 13:22:55
--------------------------
            CPU Cores                     Memory                        
Node        Requested   Usage             Requested   Current Use    Max Used            
node0397    2           1.00 (49.93 %)    240.00 GiB  195.87 GiB     216.01 GiB (90.00 %)

Node        GPU Model                     Compute Usage  Memory Usage   
node0397    NVIDIA A100 80GB PCIe         0 %            1.21 GiB       


Current Per Node Stats -- Oct  4 13:23:55
--------------------------
            CPU Cores                     Memory                        
Node        Requested   Usage             Requested   Current Use    Max Used            
node0397    2           1.00 (49.96 %)    240.00 GiB  196.31 GiB     216.01 GiB (90.00 %)

Node        GPU Model                     Compute Usage  Memory Usage   
node0397    NVIDIA A100 80GB PCIe         0 %            1.21 GiB       


Current Per Node Stats -- Oct  4 13:24:55
--------------------------
            CPU Cores                     Memory                        
Node        Requested   Usage             Requested   Current Use    Max Used            
node0397    2           1.00 (49.96 %)    240.00 GiB  196.68 GiB     216.01 GiB (90.00 %)

Node        GPU Model                     Compute Usage  Memory Usage   
node0397    NVIDIA A100 80GB PCIe         0 %            1.21 GiB       


Current Per Node Stats -- Oct  4 13:25:55
--------------------------
            CPU Cores                     Memory                        
Node        Requested   Usage             Requested   Current Use    Max Used            
node0397    2           1.00 (49.95 %)    240.00 GiB  196.24 GiB     216.01 GiB (90.00 %)

Node        GPU Model                     Compute Usage  Memory Usage   
node0397    NVIDIA A100 80GB PCIe         0 %            1.21 GiB       


Current Per Node Stats -- Oct  4 13:26:55
--------------------------
            CPU Cores                     Memory                        
Node        Requested   Usage             Requested   Current Use    Max Used            
node0397    2           1.00 (49.97 %)    240.00 GiB  197.50 GiB     216.01 GiB (90.00 %)

Node        GPU Model                     Compute Usage  Memory Usage   
node0397    NVIDIA A100 80GB PCIe         0 %            1.21 GiB       


Current Per Node Stats -- Oct  4 13:27:55
--------------------------
            CPU Cores                     Memory                        
Node        Requested   Usage             Requested   Current Use    Max Used            
node0397    2           1.00 (49.96 %)    240.00 GiB  198.00 GiB     216.01 GiB (90.00 %)

Node        GPU Model                     Compute Usage  Memory Usage   
node0397    NVIDIA A100 80GB PCIe         0 %            1.21 GiB       


Current Per Node Stats -- Oct  4 13:28:55
--------------------------
            CPU Cores                     Memory                        
Node        Requested   Usage             Requested   Current Use    Max Used            
node0397    2           1.00 (49.96 %)    240.00 GiB  198.47 GiB     216.01 GiB (90.00 %)

Node        GPU Model                     Compute Usage  Memory Usage   
node0397    NVIDIA A100 80GB PCIe         0 %            1.21 GiB       


Current Per Node Stats -- Oct  4 13:29:55
--------------------------
            CPU Cores                     Memory                        
Node        Requested   Usage             Requested   Current Use    Max Used            
node0397    2           1.00 (49.96 %)    240.00 GiB  198.94 GiB     216.01 GiB (90.00 %)

Node        GPU Model                     Compute Usage  Memory Usage   
node0397    NVIDIA A100 80GB PCIe         0 %            1.21 GiB       


Current Per Node Stats -- Oct  4 13:30:55
--------------------------
            CPU Cores                     Memory                        
Node        Requested   Usage             Requested   Current Use    Max Used            
node0397    2           1.00 (49.96 %)    240.00 GiB  199.44 GiB     216.01 GiB (90.00 %)

Node        GPU Model                     Compute Usage  Memory Usage   
node0397    NVIDIA A100 80GB PCIe         0 %            1.21 GiB       


Current Per Node Stats -- Oct  4 13:31:55
--------------------------
            CPU Cores                     Memory                        
Node        Requested   Usage             Requested   Current Use    Max Used            
node0397    2           1.00 (49.92 %)    240.00 GiB  195.85 GiB     216.01 GiB (90.00 %)

Node        GPU Model                     Compute Usage  Memory Usage   
node0397    NVIDIA A100 80GB PCIe         0 %            1.21 GiB       


Current Per Node Stats -- Oct  4 13:32:55
--------------------------
            CPU Cores                     Memory                        
Node        Requested   Usage             Requested   Current Use    Max Used            
node0397    2           1.00 (49.95 %)    240.00 GiB  196.23 GiB     216.01 GiB (90.00 %)

Node        GPU Model                     Compute Usage  Memory Usage   
node0397    NVIDIA A100 80GB PCIe         0 %            1.21 GiB       


Current Per Node Stats -- Oct  4 13:33:55
--------------------------
            CPU Cores                     Memory                        
Node        Requested   Usage             Requested   Current Use    Max Used            
node0397    2           1.00 (49.97 %)    240.00 GiB  196.73 GiB     216.01 GiB (90.00 %)

Node        GPU Model                     Compute Usage  Memory Usage   
node0397    NVIDIA A100 80GB PCIe         0 %            1.21 GiB       


Current Per Node Stats -- Oct  4 13:34:55
--------------------------
            CPU Cores                     Memory                        
Node        Requested   Usage             Requested   Current Use    Max Used            
node0397    2           1.00 (49.96 %)    240.00 GiB  197.10 GiB     216.01 GiB (90.00 %)

Node        GPU Model                     Compute Usage  Memory Usage   
node0397    NVIDIA A100 80GB PCIe         0 %            1.21 GiB       


Current Per Node Stats -- Oct  4 13:35:55
--------------------------
            CPU Cores                     Memory                        
Node        Requested   Usage             Requested   Current Use    Max Used            
node0397    2           1.00 (49.96 %)    240.00 GiB  197.49 GiB     216.01 GiB (90.00 %)

Node        GPU Model                     Compute Usage  Memory Usage   
node0397    NVIDIA A100 80GB PCIe         0 %            1.21 GiB       


Current Per Node Stats -- Oct  4 13:36:55
--------------------------
            CPU Cores                     Memory                        
Node        Requested   Usage             Requested   Current Use    Max Used            
node0397    2           1.00 (49.96 %)    240.00 GiB  197.86 GiB     216.01 GiB (90.00 %)

Node        GPU Model                     Compute Usage  Memory Usage   
node0397    NVIDIA A100 80GB PCIe         0 %            1.21 GiB       


Current Per Node Stats -- Oct  4 13:37:55
--------------------------
            CPU Cores                     Memory                        
Node        Requested   Usage             Requested   Current Use    Max Used            
node0397    2           1.00 (49.96 %)    240.00 GiB  198.24 GiB     216.01 GiB (90.00 %)

Node        GPU Model                     Compute Usage  Memory Usage   
node0397    NVIDIA A100 80GB PCIe         0 %            1.21 GiB       


Current Per Node Stats -- Oct  4 13:38:55
--------------------------
            CPU Cores                     Memory                        
Node        Requested   Usage             Requested   Current Use    Max Used            
node0397    2           1.00 (49.97 %)    240.00 GiB  198.61 GiB     216.01 GiB (90.00 %)

Node        GPU Model                     Compute Usage  Memory Usage   
node0397    NVIDIA A100 80GB PCIe         0 %            1.21 GiB       


Current Per Node Stats -- Oct  4 13:39:55
--------------------------
            CPU Cores                     Memory                        
Node        Requested   Usage             Requested   Current Use    Max Used            
node0397    2           1.00 (49.96 %)    240.00 GiB  199.05 GiB     216.01 GiB (90.00 %)

Node        GPU Model                     Compute Usage  Memory Usage   
node0397    NVIDIA A100 80GB PCIe         0 %            1.21 GiB       


Current Per Node Stats -- Oct  4 13:40:55
--------------------------
            CPU Cores                     Memory                        
Node        Requested   Usage             Requested   Current Use    Max Used            
node0397    2           1.00 (49.97 %)    240.00 GiB  199.43 GiB     216.01 GiB (90.00 %)

Node        GPU Model                     Compute Usage  Memory Usage   
node0397    NVIDIA A100 80GB PCIe         0 %            1.21 GiB       


Current Per Node Stats -- Oct  4 13:41:55
--------------------------
            CPU Cores                     Memory                        
Node        Requested   Usage             Requested   Current Use    Max Used            
node0397    2           1.00 (49.97 %)    240.00 GiB  199.81 GiB     216.01 GiB (90.00 %)

Node        GPU Model                     Compute Usage  Memory Usage   
node0397    NVIDIA A100 80GB PCIe         0 %            1.21 GiB       


Current Per Node Stats -- Oct  4 13:42:55
--------------------------
            CPU Cores                     Memory                        
Node        Requested   Usage             Requested   Current Use    Max Used            
node0397    2           1.00 (49.97 %)    240.00 GiB  200.24 GiB     216.01 GiB (90.00 %)

Node        GPU Model                     Compute Usage  Memory Usage   
node0397    NVIDIA A100 80GB PCIe         0 %            1.21 GiB       


Current Per Node Stats -- Oct  4 13:43:55
--------------------------
            CPU Cores                     Memory                        
Node        Requested   Usage             Requested   Current Use    Max Used            
node0397    2           1.00 (49.96 %)    240.00 GiB  200.68 GiB     216.01 GiB (90.00 %)

Node        GPU Model                     Compute Usage  Memory Usage   
node0397    NVIDIA A100 80GB PCIe         0 %            1.21 GiB       


Current Per Node Stats -- Oct  4 13:44:55
--------------------------
            CPU Cores                     Memory                        
Node        Requested   Usage             Requested   Current Use    Max Used            
node0397    2           1.00 (49.92 %)    240.00 GiB  199.53 GiB     216.01 GiB (90.00 %)

Node        GPU Model                     Compute Usage  Memory Usage   
node0397    NVIDIA A100 80GB PCIe         25 %           1.21 GiB       


Current Per Node Stats -- Oct  4 13:45:55
--------------------------
            CPU Cores                     Memory                        
Node        Requested   Usage             Requested   Current Use    Max Used            
node0397    2           1.00 (49.96 %)    240.00 GiB  201.25 GiB     216.01 GiB (90.00 %)

Node        GPU Model                     Compute Usage  Memory Usage   
node0397    NVIDIA A100 80GB PCIe         0 %            1.21 GiB       


Current Per Node Stats -- Oct  4 13:46:55
--------------------------
            CPU Cores                     Memory                        
Node        Requested   Usage             Requested   Current Use    Max Used            
node0397    2           1.00 (49.96 %)    240.00 GiB  201.69 GiB     216.01 GiB (90.00 %)

Node        GPU Model                     Compute Usage  Memory Usage   
node0397    NVIDIA A100 80GB PCIe         0 %            1.21 GiB       


Current Per Node Stats -- Oct  4 13:47:55
--------------------------
            CPU Cores                     Memory                        
Node        Requested   Usage             Requested   Current Use    Max Used            
node0397    2           1.00 (49.97 %)    240.00 GiB  202.06 GiB     216.01 GiB (90.00 %)

Node        GPU Model                     Compute Usage  Memory Usage   
node0397    NVIDIA A100 80GB PCIe         0 %            1.21 GiB       


Current Per Node Stats -- Oct  4 13:48:55
--------------------------
            CPU Cores                     Memory                        
Node        Requested   Usage             Requested   Current Use    Max Used            
node0397    2           1.00 (49.96 %)    240.00 GiB  202.44 GiB     216.01 GiB (90.00 %)

Node        GPU Model                     Compute Usage  Memory Usage   
node0397    NVIDIA A100 80GB PCIe         0 %            1.21 GiB       


Current Per Node Stats -- Oct  4 13:49:55
--------------------------
            CPU Cores                     Memory                        
Node        Requested   Usage             Requested   Current Use    Max Used            
node0397    2           1.00 (49.96 %)    240.00 GiB  202.81 GiB     216.01 GiB (90.00 %)

Node        GPU Model                     Compute Usage  Memory Usage   
node0397    NVIDIA A100 80GB PCIe         0 %            1.21 GiB       


Current Per Node Stats -- Oct  4 13:50:55
--------------------------
            CPU Cores                     Memory                        
Node        Requested   Usage             Requested   Current Use    Max Used            
node0397    2           1.00 (49.96 %)    240.00 GiB  203.25 GiB     216.01 GiB (90.00 %)

Node        GPU Model                     Compute Usage  Memory Usage   
node0397    NVIDIA A100 80GB PCIe         0 %            1.21 GiB       


Current Per Node Stats -- Oct  4 13:51:55
--------------------------
            CPU Cores                     Memory                        
Node        Requested   Usage             Requested   Current Use    Max Used            
node0397    2           1.00 (49.97 %)    240.00 GiB  202.37 GiB     216.01 GiB (90.00 %)

Node        GPU Model                     Compute Usage  Memory Usage   
node0397    NVIDIA A100 80GB PCIe         0 %            1.21 GiB       


Current Per Node Stats -- Oct  4 13:52:55
--------------------------
            CPU Cores                     Memory                        
Node        Requested   Usage             Requested   Current Use    Max Used            
node0397    2           1.00 (49.97 %)    240.00 GiB  202.68 GiB     216.01 GiB (90.00 %)

Node        GPU Model                     Compute Usage  Memory Usage   
node0397    NVIDIA A100 80GB PCIe         0 %            1.21 GiB       


Current Per Node Stats -- Oct  4 13:53:55
--------------------------
            CPU Cores                     Memory                        
Node        Requested   Usage             Requested   Current Use    Max Used            
node0397    2           1.00 (49.96 %)    240.00 GiB  203.06 GiB     216.01 GiB (90.00 %)

Node        GPU Model                     Compute Usage  Memory Usage   
node0397    NVIDIA A100 80GB PCIe         0 %            1.21 GiB       


Current Per Node Stats -- Oct  4 13:54:55
--------------------------
            CPU Cores                     Memory                        
Node        Requested   Usage             Requested   Current Use    Max Used            
node0397    2           1.00 (49.96 %)    240.00 GiB  203.50 GiB     216.01 GiB (90.00 %)

Node        GPU Model                     Compute Usage  Memory Usage   
node0397    NVIDIA A100 80GB PCIe         0 %            1.21 GiB       


Current Per Node Stats -- Oct  4 13:55:55
--------------------------
            CPU Cores                     Memory                        
Node        Requested   Usage             Requested   Current Use    Max Used            
node0397    2           1.00 (49.96 %)    240.00 GiB  203.87 GiB     216.01 GiB (90.00 %)

Node        GPU Model                     Compute Usage  Memory Usage   
node0397    NVIDIA A100 80GB PCIe         0 %            1.21 GiB       


Current Per Node Stats -- Oct  4 13:56:55
--------------------------
            CPU Cores                     Memory                        
Node        Requested   Usage             Requested   Current Use    Max Used            
node0397    2           1.00 (49.96 %)    240.00 GiB  204.25 GiB     216.01 GiB (90.00 %)

Node        GPU Model                     Compute Usage  Memory Usage   
node0397    NVIDIA A100 80GB PCIe         0 %            1.21 GiB       


Current Per Node Stats -- Oct  4 13:57:55
--------------------------
            CPU Cores                     Memory                        
Node        Requested   Usage             Requested   Current Use    Max Used            
node0397    2           1.00 (49.96 %)    240.00 GiB  203.43 GiB     216.01 GiB (90.00 %)

Node        GPU Model                     Compute Usage  Memory Usage   
node0397    NVIDIA A100 80GB PCIe         0 %            1.21 GiB       


Current Per Node Stats -- Oct  4 13:58:55
--------------------------
            CPU Cores                     Memory                        
Node        Requested   Usage             Requested   Current Use    Max Used            
node0397    2           1.00 (49.97 %)    240.00 GiB  203.80 GiB     216.01 GiB (90.00 %)

Node        GPU Model                     Compute Usage  Memory Usage   
node0397    NVIDIA A100 80GB PCIe         0 %            1.21 GiB       


Current Per Node Stats -- Oct  4 13:59:55
--------------------------
            CPU Cores                     Memory                        
Node        Requested   Usage             Requested   Current Use    Max Used            
node0397    2           1.00 (49.97 %)    240.00 GiB  204.24 GiB     216.01 GiB (90.00 %)

Node        GPU Model                     Compute Usage  Memory Usage   
node0397    NVIDIA A100 80GB PCIe         0 %            1.21 GiB       


Current Per Node Stats -- Oct  4 14:00:55
--------------------------
            CPU Cores                     Memory                        
Node        Requested   Usage             Requested   Current Use    Max Used            
node0397    2           1.00 (49.97 %)    240.00 GiB  204.62 GiB     216.01 GiB (90.00 %)

Node        GPU Model                     Compute Usage  Memory Usage   
node0397    NVIDIA A100 80GB PCIe         0 %            1.21 GiB       


Current Per Node Stats -- Oct  4 14:01:55
--------------------------
            CPU Cores                     Memory                        
Node        Requested   Usage             Requested   Current Use    Max Used            
node0397    2           1.00 (49.97 %)    240.00 GiB  205.06 GiB     216.01 GiB (90.00 %)

Node        GPU Model                     Compute Usage  Memory Usage   
node0397    NVIDIA A100 80GB PCIe         0 %            1.21 GiB       


Current Per Node Stats -- Oct  4 14:02:55
--------------------------
            CPU Cores                     Memory                        
Node        Requested   Usage             Requested   Current Use    Max Used            
node0397    2           1.00 (49.93 %)    240.00 GiB  205.43 GiB     216.01 GiB (90.00 %)

Node        GPU Model                     Compute Usage  Memory Usage   
node0397    NVIDIA A100 80GB PCIe         0 %            1.21 GiB       


Current Per Node Stats -- Oct  4 14:03:55
--------------------------
            CPU Cores                     Memory                        
Node        Requested   Usage             Requested   Current Use    Max Used            
node0397    2           1.00 (49.96 %)    240.00 GiB  205.87 GiB     216.01 GiB (90.00 %)

Node        GPU Model                     Compute Usage  Memory Usage   
node0397    NVIDIA A100 80GB PCIe         0 %            1.21 GiB       


Current Per Node Stats -- Oct  4 14:04:55
--------------------------
            CPU Cores                     Memory                        
Node        Requested   Usage             Requested   Current Use    Max Used            
node0397    2           1.00 (49.97 %)    240.00 GiB  206.37 GiB     216.01 GiB (90.00 %)

Node        GPU Model                     Compute Usage  Memory Usage   
node0397    NVIDIA A100 80GB PCIe         0 %            1.21 GiB       


Current Per Node Stats -- Oct  4 14:05:55
--------------------------
            CPU Cores                     Memory                        
Node        Requested   Usage             Requested   Current Use    Max Used            
node0397    2           1.00 (49.97 %)    240.00 GiB  206.81 GiB     216.01 GiB (90.00 %)

Node        GPU Model                     Compute Usage  Memory Usage   
node0397    NVIDIA A100 80GB PCIe         0 %            1.21 GiB       


Current Per Node Stats -- Oct  4 14:06:55
--------------------------
            CPU Cores                     Memory                        
Node        Requested   Usage             Requested   Current Use    Max Used            
node0397    2           1.00 (49.95 %)    240.00 GiB  204.73 GiB     216.01 GiB (90.00 %)

Node        GPU Model                     Compute Usage  Memory Usage   
node0397    NVIDIA A100 80GB PCIe         0 %            1.21 GiB       


Current Per Node Stats -- Oct  4 14:07:55
--------------------------
            CPU Cores                     Memory                        
Node        Requested   Usage             Requested   Current Use    Max Used            
node0397    2           1.00 (49.96 %)    240.00 GiB  205.23 GiB     216.01 GiB (90.00 %)

Node        GPU Model                     Compute Usage  Memory Usage   
node0397    NVIDIA A100 80GB PCIe         0 %            1.21 GiB       


Current Per Node Stats -- Oct  4 14:08:55
--------------------------
            CPU Cores                     Memory                        
Node        Requested   Usage             Requested   Current Use    Max Used            
node0397    2           1.00 (49.97 %)    240.00 GiB  205.73 GiB     216.01 GiB (90.00 %)

Node        GPU Model                     Compute Usage  Memory Usage   
node0397    NVIDIA A100 80GB PCIe         0 %            1.21 GiB       


Current Per Node Stats -- Oct  4 14:09:55
--------------------------
            CPU Cores                     Memory                        
Node        Requested   Usage             Requested   Current Use    Max Used            
node0397    2           1.00 (49.89 %)    240.00 GiB  194.86 GiB     216.01 GiB (90.00 %)

Node        GPU Model                     Compute Usage  Memory Usage   
node0397    NVIDIA A100 80GB PCIe         0 %            1.21 GiB       


Current Per Node Stats -- Oct  4 14:10:55
--------------------------
            CPU Cores                     Memory                        
Node        Requested   Usage             Requested   Current Use    Max Used            
node0397    2           1.00 (49.94 %)    240.00 GiB  196.35 GiB     216.01 GiB (90.00 %)

Node        GPU Model                     Compute Usage  Memory Usage   
node0397    NVIDIA A100 80GB PCIe         0 %            1.21 GiB       


Current Per Node Stats -- Oct  4 14:11:55
--------------------------
            CPU Cores                     Memory                        
Node        Requested   Usage             Requested   Current Use    Max Used            
node0397    2           1.00 (49.96 %)    240.00 GiB  196.73 GiB     216.01 GiB (90.00 %)

Node        GPU Model                     Compute Usage  Memory Usage   
node0397    NVIDIA A100 80GB PCIe         0 %            1.21 GiB       


Current Per Node Stats -- Oct  4 14:12:55
--------------------------
            CPU Cores                     Memory                        
Node        Requested   Usage             Requested   Current Use    Max Used            
node0397    2           1.00 (49.96 %)    240.00 GiB  197.17 GiB     216.01 GiB (90.00 %)

Node        GPU Model                     Compute Usage  Memory Usage   
node0397    NVIDIA A100 80GB PCIe         0 %            1.21 GiB       


Current Per Node Stats -- Oct  4 14:13:55
--------------------------
            CPU Cores                     Memory                        
Node        Requested   Usage             Requested   Current Use    Max Used            
node0397    2           1.00 (49.97 %)    240.00 GiB  197.61 GiB     216.01 GiB (90.00 %)

Node        GPU Model                     Compute Usage  Memory Usage   
node0397    NVIDIA A100 80GB PCIe         0 %            1.21 GiB       


Current Per Node Stats -- Oct  4 14:14:55
--------------------------
            CPU Cores                     Memory                        
Node        Requested   Usage             Requested   Current Use    Max Used            
node0397    2           1.00 (49.96 %)    240.00 GiB  198.04 GiB     216.01 GiB (90.00 %)

Node        GPU Model                     Compute Usage  Memory Usage   
node0397    NVIDIA A100 80GB PCIe         0 %            1.21 GiB       


Current Per Node Stats -- Oct  4 14:15:55
--------------------------
            CPU Cores                     Memory                        
Node        Requested   Usage             Requested   Current Use    Max Used            
node0397    2           1.00 (49.96 %)    240.00 GiB  198.42 GiB     216.01 GiB (90.00 %)

Node        GPU Model                     Compute Usage  Memory Usage   
node0397    NVIDIA A100 80GB PCIe         0 %            1.21 GiB       


Current Per Node Stats -- Oct  4 14:16:55
--------------------------
            CPU Cores                     Memory                        
Node        Requested   Usage             Requested   Current Use    Max Used            
node0397    2           1.00 (49.96 %)    240.00 GiB  198.86 GiB     216.01 GiB (90.00 %)

Node        GPU Model                     Compute Usage  Memory Usage   
node0397    NVIDIA A100 80GB PCIe         0 %            1.21 GiB       


Current Per Node Stats -- Oct  4 14:17:55
--------------------------
            CPU Cores                     Memory                        
Node        Requested   Usage             Requested   Current Use    Max Used            
node0397    2           1.00 (49.97 %)    240.00 GiB  199.24 GiB     216.01 GiB (90.00 %)

Node        GPU Model                     Compute Usage  Memory Usage   
node0397    NVIDIA A100 80GB PCIe         0 %            1.21 GiB       


Current Per Node Stats -- Oct  4 14:18:55
--------------------------
            CPU Cores                     Memory                        
Node        Requested   Usage             Requested   Current Use    Max Used            
node0397    2           1.00 (49.95 %)    240.00 GiB  199.67 GiB     216.01 GiB (90.00 %)

Node        GPU Model                     Compute Usage  Memory Usage   
node0397    NVIDIA A100 80GB PCIe         0 %            1.21 GiB       


Current Per Node Stats -- Oct  4 14:19:55
--------------------------
            CPU Cores                     Memory                        
Node        Requested   Usage             Requested   Current Use    Max Used            
node0397    2           1.00 (49.96 %)    240.00 GiB  200.11 GiB     216.01 GiB (90.00 %)

Node        GPU Model                     Compute Usage  Memory Usage   
node0397    NVIDIA A100 80GB PCIe         0 %            1.21 GiB       


Current Per Node Stats -- Oct  4 14:20:55
--------------------------
            CPU Cores                     Memory                        
Node        Requested   Usage             Requested   Current Use    Max Used            
node0397    2           1.00 (49.96 %)    240.00 GiB  200.55 GiB     216.01 GiB (90.00 %)

Node        GPU Model                     Compute Usage  Memory Usage   
node0397    NVIDIA A100 80GB PCIe         0 %            1.21 GiB       


Current Per Node Stats -- Oct  4 14:21:55
--------------------------
            CPU Cores                     Memory                        
Node        Requested   Usage             Requested   Current Use    Max Used            
node0397    2           1.00 (49.95 %)    240.00 GiB  198.82 GiB     216.01 GiB (90.00 %)

Node        GPU Model                     Compute Usage  Memory Usage   
node0397    NVIDIA A100 80GB PCIe         26 %           1.21 GiB       


Current Per Node Stats -- Oct  4 14:22:55
--------------------------
            CPU Cores                     Memory                        
Node        Requested   Usage             Requested   Current Use    Max Used            
node0397    2           1.00 (49.94 %)    240.00 GiB  201.18 GiB     216.01 GiB (90.00 %)

Node        GPU Model                     Compute Usage  Memory Usage   
node0397    NVIDIA A100 80GB PCIe         0 %            1.21 GiB       


Current Per Node Stats -- Oct  4 14:23:55
--------------------------
            CPU Cores                     Memory                        
Node        Requested   Usage             Requested   Current Use    Max Used            
node0397    2           1.00 (49.96 %)    240.00 GiB  201.56 GiB     216.01 GiB (90.00 %)

Node        GPU Model                     Compute Usage  Memory Usage   
node0397    NVIDIA A100 80GB PCIe         0 %            1.21 GiB       


Current Per Node Stats -- Oct  4 14:24:55
--------------------------
            CPU Cores                     Memory                        
Node        Requested   Usage             Requested   Current Use    Max Used            
node0397    2           1.00 (49.97 %)    240.00 GiB  201.87 GiB     216.01 GiB (90.00 %)

Node        GPU Model                     Compute Usage  Memory Usage   
node0397    NVIDIA A100 80GB PCIe         0 %            1.21 GiB       


Current Per Node Stats -- Oct  4 14:25:55
--------------------------
            CPU Cores                     Memory                        
Node        Requested   Usage             Requested   Current Use    Max Used            
node0397    2           1.00 (49.97 %)    240.00 GiB  202.24 GiB     216.01 GiB (90.00 %)

Node        GPU Model                     Compute Usage  Memory Usage   
node0397    NVIDIA A100 80GB PCIe         0 %            1.21 GiB       


Current Per Node Stats -- Oct  4 14:26:55
--------------------------
            CPU Cores                     Memory                        
Node        Requested   Usage             Requested   Current Use    Max Used            
node0397    2           1.00 (49.96 %)    240.00 GiB  202.62 GiB     216.01 GiB (90.00 %)

Node        GPU Model                     Compute Usage  Memory Usage   
node0397    NVIDIA A100 80GB PCIe         0 %            1.21 GiB       


Current Per Node Stats -- Oct  4 14:27:55
--------------------------
            CPU Cores                     Memory                        
Node        Requested   Usage             Requested   Current Use    Max Used            
node0397    2           1.00 (49.97 %)    240.00 GiB  203.00 GiB     216.01 GiB (90.00 %)

Node        GPU Model                     Compute Usage  Memory Usage   
node0397    NVIDIA A100 80GB PCIe         0 %            1.21 GiB       


Current Per Node Stats -- Oct  4 14:28:55
--------------------------
            CPU Cores                     Memory                        
Node        Requested   Usage             Requested   Current Use    Max Used            
node0397    2           1.00 (49.97 %)    240.00 GiB  203.37 GiB     216.01 GiB (90.00 %)

Node        GPU Model                     Compute Usage  Memory Usage   
node0397    NVIDIA A100 80GB PCIe         0 %            1.21 GiB       


Current Per Node Stats -- Oct  4 14:29:55
--------------------------
            CPU Cores                     Memory                        
Node        Requested   Usage             Requested   Current Use    Max Used            
node0397    2           1.00 (49.97 %)    240.00 GiB  202.55 GiB     216.01 GiB (90.00 %)

Node        GPU Model                     Compute Usage  Memory Usage   
node0397    NVIDIA A100 80GB PCIe         0 %            1.21 GiB       


Current Per Node Stats -- Oct  4 14:30:55
--------------------------
            CPU Cores                     Memory                        
Node        Requested   Usage             Requested   Current Use    Max Used            
node0397    2           1.00 (49.96 %)    240.00 GiB  202.93 GiB     216.01 GiB (90.00 %)

Node        GPU Model                     Compute Usage  Memory Usage   
node0397    NVIDIA A100 80GB PCIe         0 %            1.21 GiB       


Current Per Node Stats -- Oct  4 14:31:55
--------------------------
            CPU Cores                     Memory                        
Node        Requested   Usage             Requested   Current Use    Max Used            
node0397    2           1.00 (49.96 %)    240.00 GiB  203.30 GiB     216.01 GiB (90.00 %)

Node        GPU Model                     Compute Usage  Memory Usage   
node0397    NVIDIA A100 80GB PCIe         0 %            1.21 GiB       


Current Per Node Stats -- Oct  4 14:32:55
--------------------------
            CPU Cores                     Memory                        
Node        Requested   Usage             Requested   Current Use    Max Used            
node0397    2           1.00 (49.97 %)    240.00 GiB  203.74 GiB     216.01 GiB (90.00 %)

Node        GPU Model                     Compute Usage  Memory Usage   
node0397    NVIDIA A100 80GB PCIe         0 %            1.21 GiB       


Current Per Node Stats -- Oct  4 14:33:55
--------------------------
            CPU Cores                     Memory                        
Node        Requested   Usage             Requested   Current Use    Max Used            
node0397    2           1.00 (49.97 %)    240.00 GiB  204.18 GiB     216.01 GiB (90.00 %)

Node        GPU Model                     Compute Usage  Memory Usage   
node0397    NVIDIA A100 80GB PCIe         0 %            1.21 GiB       


Current Per Node Stats -- Oct  4 14:34:55
--------------------------
            CPU Cores                     Memory                        
Node        Requested   Usage             Requested   Current Use    Max Used            
node0397    2           1.00 (49.96 %)    240.00 GiB  204.62 GiB     216.01 GiB (90.00 %)

Node        GPU Model                     Compute Usage  Memory Usage   
node0397    NVIDIA A100 80GB PCIe         0 %            1.21 GiB       


Current Per Node Stats -- Oct  4 14:35:55
--------------------------
            CPU Cores                     Memory                        
Node        Requested   Usage             Requested   Current Use    Max Used            
node0397    2           1.00 (49.97 %)    240.00 GiB  203.80 GiB     216.01 GiB (90.00 %)

Node        GPU Model                     Compute Usage  Memory Usage   
node0397    NVIDIA A100 80GB PCIe         0 %            1.21 GiB       


Current Per Node Stats -- Oct  4 14:36:55
--------------------------
            CPU Cores                     Memory                        
Node        Requested   Usage             Requested   Current Use    Max Used            
node0397    2           1.00 (49.97 %)    240.00 GiB  204.24 GiB     216.01 GiB (90.00 %)

Node        GPU Model                     Compute Usage  Memory Usage   
node0397    NVIDIA A100 80GB PCIe         0 %            1.21 GiB       


Current Per Node Stats -- Oct  4 14:37:55
--------------------------
            CPU Cores                     Memory                        
Node        Requested   Usage             Requested   Current Use    Max Used            
node0397    2           1.00 (49.97 %)    240.00 GiB  204.61 GiB     216.01 GiB (90.00 %)

Node        GPU Model                     Compute Usage  Memory Usage   
node0397    NVIDIA A100 80GB PCIe         0 %            1.21 GiB       


Current Per Node Stats -- Oct  4 14:38:55
--------------------------
            CPU Cores                     Memory                        
Node        Requested   Usage             Requested   Current Use    Max Used            
node0397    2           1.00 (49.96 %)    240.00 GiB  205.05 GiB     216.01 GiB (90.00 %)

Node        GPU Model                     Compute Usage  Memory Usage   
node0397    NVIDIA A100 80GB PCIe         0 %            1.21 GiB       


Current Per Node Stats -- Oct  4 14:39:55
--------------------------
            CPU Cores                     Memory                        
Node        Requested   Usage             Requested   Current Use    Max Used            
node0397    2           1.00 (49.97 %)    240.00 GiB  205.49 GiB     216.01 GiB (90.00 %)

Node        GPU Model                     Compute Usage  Memory Usage   
node0397    NVIDIA A100 80GB PCIe         0 %            1.21 GiB       


Current Per Node Stats -- Oct  4 14:40:55
--------------------------
            CPU Cores                     Memory                        
Node        Requested   Usage             Requested   Current Use    Max Used            
node0397    2           1.00 (49.97 %)    240.00 GiB  205.93 GiB     216.01 GiB (90.00 %)

Node        GPU Model                     Compute Usage  Memory Usage   
node0397    NVIDIA A100 80GB PCIe         0 %            1.21 GiB       


Current Per Node Stats -- Oct  4 14:41:55
--------------------------
            CPU Cores                     Memory                        
Node        Requested   Usage             Requested   Current Use    Max Used            
node0397    2           1.00 (49.97 %)    240.00 GiB  206.37 GiB     216.01 GiB (90.00 %)

Node        GPU Model                     Compute Usage  Memory Usage   
node0397    NVIDIA A100 80GB PCIe         0 %            1.21 GiB       


Current Per Node Stats -- Oct  4 14:42:55
--------------------------
            CPU Cores                     Memory                        
Node        Requested   Usage             Requested   Current Use    Max Used            
node0397    2           1.00 (49.97 %)    240.00 GiB  206.93 GiB     216.01 GiB (90.00 %)

Node        GPU Model                     Compute Usage  Memory Usage   
node0397    NVIDIA A100 80GB PCIe         0 %            1.21 GiB       


Current Per Node Stats -- Oct  4 14:43:55
--------------------------
            CPU Cores                     Memory                        
Node        Requested   Usage             Requested   Current Use    Max Used            
node0397    2           1.00 (49.96 %)    240.00 GiB  204.79 GiB     216.01 GiB (90.00 %)

Node        GPU Model                     Compute Usage  Memory Usage   
node0397    NVIDIA A100 80GB PCIe         0 %            1.21 GiB       


Current Per Node Stats -- Oct  4 14:44:55
--------------------------
            CPU Cores                     Memory                        
Node        Requested   Usage             Requested   Current Use    Max Used            
node0397    2           1.00 (49.96 %)    240.00 GiB  205.23 GiB     216.01 GiB (90.00 %)

Node        GPU Model                     Compute Usage  Memory Usage   
node0397    NVIDIA A100 80GB PCIe         0 %            1.21 GiB       


Current Per Node Stats -- Oct  4 14:45:55
--------------------------
            CPU Cores                     Memory                        
Node        Requested   Usage             Requested   Current Use    Max Used            
node0397    2           1.00 (49.95 %)    240.00 GiB  205.66 GiB     216.01 GiB (90.00 %)

Node        GPU Model                     Compute Usage  Memory Usage   
node0397    NVIDIA A100 80GB PCIe         0 %            1.21 GiB       


Current Per Node Stats -- Oct  4 14:46:55
--------------------------
            CPU Cores                     Memory                        
Node        Requested   Usage             Requested   Current Use    Max Used            
node0397    2           1.00 (49.85 %)    240.00 GiB  194.41 GiB     216.01 GiB (90.00 %)

Node        GPU Model                     Compute Usage  Memory Usage   
node0397    NVIDIA A100 80GB PCIe         26 %           1.21 GiB       


Current Per Node Stats -- Oct  4 14:47:55
--------------------------
            CPU Cores                     Memory                        
Node        Requested   Usage             Requested   Current Use    Max Used            
node0397    2           1.00 (49.96 %)    240.00 GiB  197.61 GiB     216.01 GiB (90.00 %)

Node        GPU Model                     Compute Usage  Memory Usage   
node0397    NVIDIA A100 80GB PCIe         0 %            1.21 GiB       


Current Per Node Stats -- Oct  4 14:48:55
--------------------------
            CPU Cores                     Memory                        
Node        Requested   Usage             Requested   Current Use    Max Used            
node0397    2           1.00 (49.95 %)    240.00 GiB  198.05 GiB     216.01 GiB (90.00 %)

Node        GPU Model                     Compute Usage  Memory Usage   
node0397    NVIDIA A100 80GB PCIe         0 %            1.21 GiB       


Current Per Node Stats -- Oct  4 14:49:55
--------------------------
            CPU Cores                     Memory                        
Node        Requested   Usage             Requested   Current Use    Max Used            
node0397    2           1.00 (49.96 %)    240.00 GiB  198.55 GiB     216.01 GiB (90.00 %)

Node        GPU Model                     Compute Usage  Memory Usage   
node0397    NVIDIA A100 80GB PCIe         0 %            1.21 GiB       


Current Per Node Stats -- Oct  4 14:50:55
--------------------------
            CPU Cores                     Memory                        
Node        Requested   Usage             Requested   Current Use    Max Used            
node0397    2           1.00 (49.96 %)    240.00 GiB  198.92 GiB     216.01 GiB (90.00 %)

Node        GPU Model                     Compute Usage  Memory Usage   
node0397    NVIDIA A100 80GB PCIe         0 %            1.21 GiB       


Current Per Node Stats -- Oct  4 14:51:55
--------------------------
            CPU Cores                     Memory                        
Node        Requested   Usage             Requested   Current Use    Max Used            
node0397    2           1.00 (49.96 %)    240.00 GiB  199.36 GiB     216.01 GiB (90.00 %)

Node        GPU Model                     Compute Usage  Memory Usage   
node0397    NVIDIA A100 80GB PCIe         0 %            1.21 GiB       


Current Per Node Stats -- Oct  4 14:52:55
--------------------------
            CPU Cores                     Memory                        
Node        Requested   Usage             Requested   Current Use    Max Used            
node0397    2           1.00 (49.96 %)    240.00 GiB  199.80 GiB     216.01 GiB (90.00 %)

Node        GPU Model                     Compute Usage  Memory Usage   
node0397    NVIDIA A100 80GB PCIe         0 %            1.21 GiB       


Current Per Node Stats -- Oct  4 14:53:55
--------------------------
            CPU Cores                     Memory                        
Node        Requested   Usage             Requested   Current Use    Max Used            
node0397    2           1.00 (49.96 %)    240.00 GiB  200.30 GiB     216.01 GiB (90.00 %)

Node        GPU Model                     Compute Usage  Memory Usage   
node0397    NVIDIA A100 80GB PCIe         0 %            1.21 GiB       


Current Per Node Stats -- Oct  4 14:54:55
--------------------------
            CPU Cores                     Memory                        
Node        Requested   Usage             Requested   Current Use    Max Used            
node0397    2           1.00 (49.96 %)    240.00 GiB  200.68 GiB     216.01 GiB (90.00 %)

Node        GPU Model                     Compute Usage  Memory Usage   
node0397    NVIDIA A100 80GB PCIe         0 %            1.21 GiB       


Current Per Node Stats -- Oct  4 14:55:55
--------------------------
            CPU Cores                     Memory                        
Node        Requested   Usage             Requested   Current Use    Max Used            
node0397    2           1.00 (49.96 %)    240.00 GiB  201.12 GiB     216.01 GiB (90.00 %)

Node        GPU Model                     Compute Usage  Memory Usage   
node0397    NVIDIA A100 80GB PCIe         0 %            1.21 GiB       


Current Per Node Stats -- Oct  4 14:56:55
--------------------------
            CPU Cores                     Memory                        
Node        Requested   Usage             Requested   Current Use    Max Used            
node0397    2           1.00 (49.96 %)    240.00 GiB  201.49 GiB     216.01 GiB (90.00 %)

Node        GPU Model                     Compute Usage  Memory Usage   
node0397    NVIDIA A100 80GB PCIe         0 %            1.21 GiB       


Current Per Node Stats -- Oct  4 14:57:55
--------------------------
            CPU Cores                     Memory                        
Node        Requested   Usage             Requested   Current Use    Max Used            
node0397    2           1.00 (49.97 %)    240.00 GiB  201.87 GiB     216.01 GiB (90.00 %)

Node        GPU Model                     Compute Usage  Memory Usage   
node0397    NVIDIA A100 80GB PCIe         0 %            1.21 GiB       


Current Per Node Stats -- Oct  4 14:58:55
--------------------------
            CPU Cores                     Memory                        
Node        Requested   Usage             Requested   Current Use    Max Used            
node0397    2           1.00 (49.93 %)    240.00 GiB  200.53 GiB     216.01 GiB (90.00 %)

Node        GPU Model                     Compute Usage  Memory Usage   
node0397    NVIDIA A100 80GB PCIe         26 %           1.21 GiB       


Current Per Node Stats -- Oct  4 14:59:55
--------------------------
            CPU Cores                     Memory                        
Node        Requested   Usage             Requested   Current Use    Max Used            
node0397    2           1.00 (49.96 %)    240.00 GiB  202.43 GiB     216.01 GiB (90.00 %)

Node        GPU Model                     Compute Usage  Memory Usage   
node0397    NVIDIA A100 80GB PCIe         0 %            1.21 GiB       


Current Per Node Stats -- Oct  4 15:00:55
--------------------------
            CPU Cores                     Memory                        
Node        Requested   Usage             Requested   Current Use    Max Used            
node0397    2           1.00 (49.97 %)    240.00 GiB  202.81 GiB     216.01 GiB (90.00 %)

Node        GPU Model                     Compute Usage  Memory Usage   
node0397    NVIDIA A100 80GB PCIe         0 %            1.21 GiB       


Current Per Node Stats -- Oct  4 15:01:55
--------------------------
            CPU Cores                     Memory                        
Node        Requested   Usage             Requested   Current Use    Max Used            
node0397    2           1.00 (49.96 %)    240.00 GiB  203.25 GiB     216.01 GiB (90.00 %)

Node        GPU Model                     Compute Usage  Memory Usage   
node0397    NVIDIA A100 80GB PCIe         0 %            1.21 GiB       


Current Per Node Stats -- Oct  4 15:02:55
--------------------------
            CPU Cores                     Memory                        
Node        Requested   Usage             Requested   Current Use    Max Used            
node0397    2           1.00 (49.90 %)    240.00 GiB  203.69 GiB     216.01 GiB (90.00 %)

Node        GPU Model                     Compute Usage  Memory Usage   
node0397    NVIDIA A100 80GB PCIe         0 %            1.21 GiB       


Current Per Node Stats -- Oct  4 15:03:55
--------------------------
            CPU Cores                     Memory                        
Node        Requested   Usage             Requested   Current Use    Max Used            
node0397    2           1.00 (49.97 %)    240.00 GiB  204.00 GiB     216.01 GiB (90.00 %)

Node        GPU Model                     Compute Usage  Memory Usage   
node0397    NVIDIA A100 80GB PCIe         0 %            1.21 GiB       


Current Per Node Stats -- Oct  4 15:04:55
--------------------------
            CPU Cores                     Memory                        
Node        Requested   Usage             Requested   Current Use    Max Used            
node0397    2           1.00 (49.97 %)    240.00 GiB  204.44 GiB     216.01 GiB (90.00 %)

Node        GPU Model                     Compute Usage  Memory Usage   
node0397    NVIDIA A100 80GB PCIe         0 %            1.21 GiB       


Current Per Node Stats -- Oct  4 15:05:55
--------------------------
            CPU Cores                     Memory                        
Node        Requested   Usage             Requested   Current Use    Max Used            
node0397    2           1.00 (49.97 %)    240.00 GiB  203.55 GiB     216.01 GiB (90.00 %)

Node        GPU Model                     Compute Usage  Memory Usage   
node0397    NVIDIA A100 80GB PCIe         0 %            1.21 GiB       


Current Per Node Stats -- Oct  4 15:06:55
--------------------------
            CPU Cores                     Memory                        
Node        Requested   Usage             Requested   Current Use    Max Used            
node0397    2           1.00 (49.96 %)    240.00 GiB  203.93 GiB     216.01 GiB (90.00 %)

Node        GPU Model                     Compute Usage  Memory Usage   
node0397    NVIDIA A100 80GB PCIe         0 %            1.21 GiB       


Current Per Node Stats -- Oct  4 15:07:55
--------------------------
            CPU Cores                     Memory                        
Node        Requested   Usage             Requested   Current Use    Max Used            
node0397    2           1.00 (49.97 %)    240.00 GiB  204.30 GiB     216.01 GiB (90.00 %)

Node        GPU Model                     Compute Usage  Memory Usage   
node0397    NVIDIA A100 80GB PCIe         0 %            1.21 GiB       


Current Per Node Stats -- Oct  4 15:08:55
--------------------------
            CPU Cores                     Memory                        
Node        Requested   Usage             Requested   Current Use    Max Used            
node0397    2           1.00 (49.96 %)    240.00 GiB  204.75 GiB     216.01 GiB (90.00 %)

Node        GPU Model                     Compute Usage  Memory Usage   
node0397    NVIDIA A100 80GB PCIe         0 %            1.21 GiB       


Current Per Node Stats -- Oct  4 15:09:55
--------------------------
            CPU Cores                     Memory                        
Node        Requested   Usage             Requested   Current Use    Max Used            
node0397    2           1.00 (49.96 %)    240.00 GiB  205.12 GiB     216.01 GiB (90.00 %)

Node        GPU Model                     Compute Usage  Memory Usage   
node0397    NVIDIA A100 80GB PCIe         0 %            1.21 GiB       


Current Per Node Stats -- Oct  4 15:10:55
--------------------------
            CPU Cores                     Memory                        
Node        Requested   Usage             Requested   Current Use    Max Used            
node0397    2           1.00 (49.96 %)    240.00 GiB  205.56 GiB     216.01 GiB (90.00 %)

Node        GPU Model                     Compute Usage  Memory Usage   
node0397    NVIDIA A100 80GB PCIe         0 %            1.21 GiB       


Current Per Node Stats -- Oct  4 15:11:55
--------------------------
            CPU Cores                     Memory                        
Node        Requested   Usage             Requested   Current Use    Max Used            
node0397    2           1.00 (49.96 %)    240.00 GiB  204.87 GiB     216.01 GiB (90.00 %)

Node        GPU Model                     Compute Usage  Memory Usage   
node0397    NVIDIA A100 80GB PCIe         0 %            1.21 GiB       


Current Per Node Stats -- Oct  4 15:12:55
--------------------------
            CPU Cores                     Memory                        
Node        Requested   Usage             Requested   Current Use    Max Used            
node0397    2           1.00 (49.97 %)    240.00 GiB  205.24 GiB     216.01 GiB (90.00 %)

Node        GPU Model                     Compute Usage  Memory Usage   
node0397    NVIDIA A100 80GB PCIe         0 %            1.21 GiB       


Current Per Node Stats -- Oct  4 15:13:55
--------------------------
            CPU Cores                     Memory                        
Node        Requested   Usage             Requested   Current Use    Max Used            
node0397    2           1.00 (49.96 %)    240.00 GiB  205.74 GiB     216.01 GiB (90.00 %)

Node        GPU Model                     Compute Usage  Memory Usage   
node0397    NVIDIA A100 80GB PCIe         0 %            1.21 GiB       


Current Per Node Stats -- Oct  4 15:14:55
--------------------------
            CPU Cores                     Memory                        
Node        Requested   Usage             Requested   Current Use    Max Used            
node0397    2           1.00 (49.96 %)    240.00 GiB  206.18 GiB     216.01 GiB (90.00 %)

Node        GPU Model                     Compute Usage  Memory Usage   
node0397    NVIDIA A100 80GB PCIe         0 %            1.21 GiB       


Current Per Node Stats -- Oct  4 15:15:55
--------------------------
            CPU Cores                     Memory                        
Node        Requested   Usage             Requested   Current Use    Max Used            
node0397    2           1.00 (49.96 %)    240.00 GiB  206.56 GiB     216.01 GiB (90.00 %)

Node        GPU Model                     Compute Usage  Memory Usage   
node0397    NVIDIA A100 80GB PCIe         0 %            1.21 GiB       


Current Per Node Stats -- Oct  4 15:16:55
--------------------------
            CPU Cores                     Memory                        
Node        Requested   Usage             Requested   Current Use    Max Used            
node0397    2           1.00 (49.97 %)    240.00 GiB  207.00 GiB     216.01 GiB (90.00 %)

Node        GPU Model                     Compute Usage  Memory Usage   
node0397    NVIDIA A100 80GB PCIe         0 %            1.21 GiB       


Current Per Node Stats -- Oct  4 15:17:55
--------------------------
            CPU Cores                     Memory                        
Node        Requested   Usage             Requested   Current Use    Max Used            
node0397    2           1.00 (49.96 %)    240.00 GiB  207.44 GiB     216.01 GiB (90.00 %)

Node        GPU Model                     Compute Usage  Memory Usage   
node0397    NVIDIA A100 80GB PCIe         0 %            1.21 GiB       


Current Per Node Stats -- Oct  4 15:18:55
--------------------------
            CPU Cores                     Memory                        
Node        Requested   Usage             Requested   Current Use    Max Used            
node0397    2           1.00 (49.97 %)    240.00 GiB  207.87 GiB     216.01 GiB (90.00 %)

Node        GPU Model                     Compute Usage  Memory Usage   
node0397    NVIDIA A100 80GB PCIe         0 %            1.21 GiB       


Current Per Node Stats -- Oct  4 15:19:55
--------------------------
            CPU Cores                     Memory                        
Node        Requested   Usage             Requested   Current Use    Max Used            
node0397    2           1.00 (49.96 %)    240.00 GiB  208.37 GiB     216.01 GiB (90.00 %)

Node        GPU Model                     Compute Usage  Memory Usage   
node0397    NVIDIA A100 80GB PCIe         0 %            1.21 GiB       


Current Per Node Stats -- Oct  4 15:20:55
--------------------------
            CPU Cores                     Memory                        
Node        Requested   Usage             Requested   Current Use    Max Used            
node0397    2           1.00 (49.95 %)    240.00 GiB  206.30 GiB     216.01 GiB (90.00 %)

Node        GPU Model                     Compute Usage  Memory Usage   
node0397    NVIDIA A100 80GB PCIe         0 %            1.21 GiB       


Current Per Node Stats -- Oct  4 15:21:55
--------------------------
            CPU Cores                     Memory                        
Node        Requested   Usage             Requested   Current Use    Max Used            
node0397    2           1.00 (49.96 %)    240.00 GiB  206.73 GiB     216.01 GiB (90.00 %)

Node        GPU Model                     Compute Usage  Memory Usage   
node0397    NVIDIA A100 80GB PCIe         0 %            1.21 GiB       


Current Per Node Stats -- Oct  4 15:22:55
--------------------------
            CPU Cores                     Memory                        
Node        Requested   Usage             Requested   Current Use    Max Used            
node0397    2           1.00 (49.96 %)    240.00 GiB  207.11 GiB     216.01 GiB (90.00 %)

Node        GPU Model                     Compute Usage  Memory Usage   
node0397    NVIDIA A100 80GB PCIe         0 %            1.21 GiB       


Current Per Node Stats -- Oct  4 15:23:55
--------------------------
            CPU Cores                     Memory                        
Node        Requested   Usage             Requested   Current Use    Max Used            
node0397    2           1.00 (49.89 %)    240.00 GiB  202.32 GiB     216.01 GiB (90.00 %)

Node        GPU Model                     Compute Usage  Memory Usage   
node0397    NVIDIA A100 80GB PCIe         0 %            1.21 GiB       


Current Per Node Stats -- Oct  4 15:24:55
--------------------------
            CPU Cores                     Memory                        
Node        Requested   Usage             Requested   Current Use    Max Used            
node0397    2           1.00 (49.96 %)    240.00 GiB  202.76 GiB     216.01 GiB (90.00 %)

Node        GPU Model                     Compute Usage  Memory Usage   
node0397    NVIDIA A100 80GB PCIe         0 %            1.21 GiB       


Current Per Node Stats -- Oct  4 15:25:55
--------------------------
            CPU Cores                     Memory                        
Node        Requested   Usage             Requested   Current Use    Max Used            
node0397    2           1.00 (49.96 %)    240.00 GiB  203.13 GiB     216.01 GiB (90.00 %)

Node        GPU Model                     Compute Usage  Memory Usage   
node0397    NVIDIA A100 80GB PCIe         0 %            1.21 GiB       


Current Per Node Stats -- Oct  4 15:26:55
--------------------------
            CPU Cores                     Memory                        
Node        Requested   Usage             Requested   Current Use    Max Used            
node0397    2           1.00 (49.97 %)    240.00 GiB  203.51 GiB     216.01 GiB (90.00 %)

Node        GPU Model                     Compute Usage  Memory Usage   
node0397    NVIDIA A100 80GB PCIe         0 %            1.21 GiB       


Current Per Node Stats -- Oct  4 15:27:55
--------------------------
            CPU Cores                     Memory                        
Node        Requested   Usage             Requested   Current Use    Max Used            
node0397    2           1.00 (49.96 %)    240.00 GiB  203.95 GiB     216.01 GiB (90.00 %)

Node        GPU Model                     Compute Usage  Memory Usage   
node0397    NVIDIA A100 80GB PCIe         0 %            1.21 GiB       


Current Per Node Stats -- Oct  4 15:28:55
--------------------------
            CPU Cores                     Memory                        
Node        Requested   Usage             Requested   Current Use    Max Used            
node0397    2           1.00 (49.97 %)    240.00 GiB  204.45 GiB     216.01 GiB (90.00 %)

Node        GPU Model                     Compute Usage  Memory Usage   
node0397    NVIDIA A100 80GB PCIe         0 %            1.21 GiB       


Current Per Node Stats -- Oct  4 15:29:55
--------------------------
            CPU Cores                     Memory                        
Node        Requested   Usage             Requested   Current Use    Max Used            
node0397    2           1.00 (49.96 %)    240.00 GiB  203.69 GiB     216.01 GiB (90.00 %)

Node        GPU Model                     Compute Usage  Memory Usage   
node0397    NVIDIA A100 80GB PCIe         0 %            1.21 GiB       


Current Per Node Stats -- Oct  4 15:30:55
--------------------------
            CPU Cores                     Memory                        
Node        Requested   Usage             Requested   Current Use    Max Used            
node0397    2           1.00 (49.96 %)    240.00 GiB  204.19 GiB     216.01 GiB (90.00 %)

Node        GPU Model                     Compute Usage  Memory Usage   
node0397    NVIDIA A100 80GB PCIe         0 %            1.21 GiB       


Current Per Node Stats -- Oct  4 15:31:55
--------------------------
            CPU Cores                     Memory                        
Node        Requested   Usage             Requested   Current Use    Max Used            
node0397    2           1.00 (49.97 %)    240.00 GiB  204.57 GiB     216.01 GiB (90.00 %)

Node        GPU Model                     Compute Usage  Memory Usage   
node0397    NVIDIA A100 80GB PCIe         0 %            1.21 GiB       


Current Per Node Stats -- Oct  4 15:32:55
--------------------------
            CPU Cores                     Memory                        
Node        Requested   Usage             Requested   Current Use    Max Used            
node0397    2           1.00 (49.89 %)    240.00 GiB  205.01 GiB     216.01 GiB (90.00 %)

Node        GPU Model                     Compute Usage  Memory Usage   
node0397    NVIDIA A100 80GB PCIe         0 %            1.21 GiB       


Current Per Node Stats -- Oct  4 15:33:55
--------------------------
            CPU Cores                     Memory                        
Node        Requested   Usage             Requested   Current Use    Max Used            
node0397    2           1.00 (49.96 %)    240.00 GiB  205.38 GiB     216.01 GiB (90.00 %)

Node        GPU Model                     Compute Usage  Memory Usage   
node0397    NVIDIA A100 80GB PCIe         0 %            1.21 GiB       


Current Per Node Stats -- Oct  4 15:34:55
--------------------------
            CPU Cores                     Memory                        
Node        Requested   Usage             Requested   Current Use    Max Used            
node0397    2           1.00 (49.96 %)    240.00 GiB  205.82 GiB     216.01 GiB (90.00 %)

Node        GPU Model                     Compute Usage  Memory Usage   
node0397    NVIDIA A100 80GB PCIe         0 %            1.21 GiB       


Current Per Node Stats -- Oct  4 15:35:55
--------------------------
            CPU Cores                     Memory                        
Node        Requested   Usage             Requested   Current Use    Max Used            
node0397    2           1.00 (49.96 %)    240.00 GiB  206.26 GiB     216.01 GiB (90.00 %)

Node        GPU Model                     Compute Usage  Memory Usage   
node0397    NVIDIA A100 80GB PCIe         0 %            1.21 GiB       


Current Per Node Stats -- Oct  4 15:36:55
--------------------------
            CPU Cores                     Memory                        
Node        Requested   Usage             Requested   Current Use    Max Used            
node0397    2           1.00 (49.96 %)    240.00 GiB  206.64 GiB     216.01 GiB (90.00 %)

Node        GPU Model                     Compute Usage  Memory Usage   
node0397    NVIDIA A100 80GB PCIe         0 %            1.21 GiB       


Current Per Node Stats -- Oct  4 15:37:55
--------------------------
            CPU Cores                     Memory                        
Node        Requested   Usage             Requested   Current Use    Max Used            
node0397    2           1.00 (49.97 %)    240.00 GiB  207.08 GiB     216.01 GiB (90.00 %)

Node        GPU Model                     Compute Usage  Memory Usage   
node0397    NVIDIA A100 80GB PCIe         0 %            1.21 GiB       


Current Per Node Stats -- Oct  4 15:38:55
--------------------------
            CPU Cores                     Memory                        
Node        Requested   Usage             Requested   Current Use    Max Used            
node0397    2           1.00 (49.89 %)    240.00 GiB  202.29 GiB     216.01 GiB (90.00 %)

Node        GPU Model                     Compute Usage  Memory Usage   
node0397    NVIDIA A100 80GB PCIe         0 %            1.21 GiB       


Current Per Node Stats -- Oct  4 15:39:55
--------------------------
            CPU Cores                     Memory                        
Node        Requested   Usage             Requested   Current Use    Max Used            
node0397    2           1.00 (49.97 %)    240.00 GiB  202.72 GiB     216.01 GiB (90.00 %)

Node        GPU Model                     Compute Usage  Memory Usage   
node0397    NVIDIA A100 80GB PCIe         0 %            1.21 GiB       


Current Per Node Stats -- Oct  4 15:40:55
--------------------------
            CPU Cores                     Memory                        
Node        Requested   Usage             Requested   Current Use    Max Used            
node0397    2           1.00 (49.96 %)    240.00 GiB  203.10 GiB     216.01 GiB (90.00 %)

Node        GPU Model                     Compute Usage  Memory Usage   
node0397    NVIDIA A100 80GB PCIe         0 %            1.21 GiB       


Current Per Node Stats -- Oct  4 15:41:55
--------------------------
            CPU Cores                     Memory                        
Node        Requested   Usage             Requested   Current Use    Max Used            
node0397    2           1.00 (49.96 %)    240.00 GiB  203.54 GiB     216.01 GiB (90.00 %)

Node        GPU Model                     Compute Usage  Memory Usage   
node0397    NVIDIA A100 80GB PCIe         0 %            1.21 GiB       


Current Per Node Stats -- Oct  4 15:42:55
--------------------------
            CPU Cores                     Memory                        
Node        Requested   Usage             Requested   Current Use    Max Used            
node0397    2           1.00 (49.97 %)    240.00 GiB  203.92 GiB     216.01 GiB (90.00 %)

Node        GPU Model                     Compute Usage  Memory Usage   
node0397    NVIDIA A100 80GB PCIe         0 %            1.21 GiB       


Current Per Node Stats -- Oct  4 15:43:55
--------------------------
            CPU Cores                     Memory                        
Node        Requested   Usage             Requested   Current Use    Max Used            
node0397    2           1.00 (49.97 %)    240.00 GiB  204.35 GiB     216.01 GiB (90.00 %)

Node        GPU Model                     Compute Usage  Memory Usage   
node0397    NVIDIA A100 80GB PCIe         0 %            1.21 GiB       


Current Per Node Stats -- Oct  4 15:44:55
--------------------------
            CPU Cores                     Memory                        
Node        Requested   Usage             Requested   Current Use    Max Used            
node0397    2           1.00 (49.96 %)    240.00 GiB  203.53 GiB     216.01 GiB (90.00 %)

Node        GPU Model                     Compute Usage  Memory Usage   
node0397    NVIDIA A100 80GB PCIe         0 %            1.21 GiB       


Current Per Node Stats -- Oct  4 15:45:55
--------------------------
            CPU Cores                     Memory                        
Node        Requested   Usage             Requested   Current Use    Max Used            
node0397    2           1.00 (49.96 %)    240.00 GiB  203.91 GiB     216.01 GiB (90.00 %)

Node        GPU Model                     Compute Usage  Memory Usage   
node0397    NVIDIA A100 80GB PCIe         0 %            1.21 GiB       


Current Per Node Stats -- Oct  4 15:46:55
--------------------------
            CPU Cores                     Memory                        
Node        Requested   Usage             Requested   Current Use    Max Used            
node0397    2           1.00 (49.97 %)    240.00 GiB  204.29 GiB     216.01 GiB (90.00 %)

Node        GPU Model                     Compute Usage  Memory Usage   
node0397    NVIDIA A100 80GB PCIe         0 %            1.21 GiB       


Current Per Node Stats -- Oct  4 15:47:55
--------------------------
            CPU Cores                     Memory                        
Node        Requested   Usage             Requested   Current Use    Max Used            
node0397    2           1.00 (49.96 %)    240.00 GiB  204.73 GiB     216.01 GiB (90.00 %)

Node        GPU Model                     Compute Usage  Memory Usage   
node0397    NVIDIA A100 80GB PCIe         0 %            1.21 GiB       


Current Per Node Stats -- Oct  4 15:48:55
--------------------------
            CPU Cores                     Memory                        
Node        Requested   Usage             Requested   Current Use    Max Used            
node0397    2           1.00 (49.96 %)    240.00 GiB  205.17 GiB     216.01 GiB (90.00 %)

Node        GPU Model                     Compute Usage  Memory Usage   
node0397    NVIDIA A100 80GB PCIe         0 %            1.21 GiB       


Current Per Node Stats -- Oct  4 15:49:55
--------------------------
            CPU Cores                     Memory                        
Node        Requested   Usage             Requested   Current Use    Max Used            
node0397    2           1.00 (49.96 %)    240.00 GiB  205.60 GiB     216.01 GiB (90.00 %)

Node        GPU Model                     Compute Usage  Memory Usage   
node0397    NVIDIA A100 80GB PCIe         0 %            1.21 GiB       


Current Per Node Stats -- Oct  4 15:50:55
--------------------------
            CPU Cores                     Memory                        
Node        Requested   Usage             Requested   Current Use    Max Used            
node0397    2           1.00 (49.97 %)    240.00 GiB  204.85 GiB     216.01 GiB (90.00 %)

Node        GPU Model                     Compute Usage  Memory Usage   
node0397    NVIDIA A100 80GB PCIe         0 %            1.21 GiB       


Current Per Node Stats -- Oct  4 15:51:55
--------------------------
            CPU Cores                     Memory                        
Node        Requested   Usage             Requested   Current Use    Max Used            
node0397    2           1.00 (49.97 %)    240.00 GiB  205.35 GiB     216.01 GiB (90.00 %)

Node        GPU Model                     Compute Usage  Memory Usage   
node0397    NVIDIA A100 80GB PCIe         0 %            1.21 GiB       


Current Per Node Stats -- Oct  4 15:52:55
--------------------------
            CPU Cores                     Memory                        
Node        Requested   Usage             Requested   Current Use    Max Used            
node0397    2           1.00 (49.96 %)    240.00 GiB  205.79 GiB     216.01 GiB (90.00 %)

Node        GPU Model                     Compute Usage  Memory Usage   
node0397    NVIDIA A100 80GB PCIe         0 %            1.21 GiB       


Current Per Node Stats -- Oct  4 15:53:55
--------------------------
            CPU Cores                     Memory                        
Node        Requested   Usage             Requested   Current Use    Max Used            
node0397    2           1.00 (49.96 %)    240.00 GiB  206.23 GiB     216.01 GiB (90.00 %)

Node        GPU Model                     Compute Usage  Memory Usage   
node0397    NVIDIA A100 80GB PCIe         0 %            1.21 GiB       


Current Per Node Stats -- Oct  4 15:54:55
--------------------------
            CPU Cores                     Memory                        
Node        Requested   Usage             Requested   Current Use    Max Used            
node0397    2           1.00 (49.97 %)    240.00 GiB  206.66 GiB     216.01 GiB (90.00 %)

Node        GPU Model                     Compute Usage  Memory Usage   
node0397    NVIDIA A100 80GB PCIe         0 %            1.21 GiB       


Current Per Node Stats -- Oct  4 15:55:55
--------------------------
            CPU Cores                     Memory                        
Node        Requested   Usage             Requested   Current Use    Max Used            
node0397    2           1.00 (49.97 %)    240.00 GiB  207.10 GiB     216.01 GiB (90.00 %)

Node        GPU Model                     Compute Usage  Memory Usage   
node0397    NVIDIA A100 80GB PCIe         0 %            1.21 GiB       


Current Per Node Stats -- Oct  4 15:56:55
--------------------------
            CPU Cores                     Memory                        
Node        Requested   Usage             Requested   Current Use    Max Used            
node0397    2           1.00 (49.97 %)    240.00 GiB  207.54 GiB     216.01 GiB (90.00 %)

Node        GPU Model                     Compute Usage  Memory Usage   
node0397    NVIDIA A100 80GB PCIe         0 %            1.21 GiB       


Current Per Node Stats -- Oct  4 15:57:55
--------------------------
            CPU Cores                     Memory                        
Node        Requested   Usage             Requested   Current Use    Max Used            
node0397    2           1.00 (49.96 %)    240.00 GiB  207.98 GiB     216.01 GiB (90.00 %)

Node        GPU Model                     Compute Usage  Memory Usage   
node0397    NVIDIA A100 80GB PCIe         0 %            1.21 GiB       


Current Per Node Stats -- Oct  4 15:58:55
--------------------------
            CPU Cores                     Memory                        
Node        Requested   Usage             Requested   Current Use    Max Used            
node0397    2           1.00 (49.94 %)    240.00 GiB  208.45 GiB     216.01 GiB (90.00 %)

Node        GPU Model                     Compute Usage  Memory Usage   
node0397    NVIDIA A100 80GB PCIe         0 %            1.21 GiB       


Current Per Node Stats -- Oct  4 15:59:55
--------------------------
            CPU Cores                     Memory                        
Node        Requested   Usage             Requested   Current Use    Max Used            
node0397    2           1.00 (49.95 %)    240.00 GiB  206.40 GiB     216.01 GiB (90.00 %)

Node        GPU Model                     Compute Usage  Memory Usage   
node0397    NVIDIA A100 80GB PCIe         0 %            1.21 GiB       


Current Per Node Stats -- Oct  4 16:00:55
--------------------------
            CPU Cores                     Memory                        
Node        Requested   Usage             Requested   Current Use    Max Used            
node0397    2           1.00 (49.96 %)    240.00 GiB  206.84 GiB     216.01 GiB (90.00 %)

Node        GPU Model                     Compute Usage  Memory Usage   
node0397    NVIDIA A100 80GB PCIe         0 %            1.21 GiB       


Current Per Node Stats -- Oct  4 16:01:55
--------------------------
            CPU Cores                     Memory                        
Node        Requested   Usage             Requested   Current Use    Max Used            
node0397    2           1.00 (49.92 %)    240.00 GiB  206.46 GiB     216.01 GiB (90.00 %)

Node        GPU Model                     Compute Usage  Memory Usage   
node0397    NVIDIA A100 80GB PCIe         27 %           1.21 GiB       


Current Per Node Stats -- Oct  4 16:02:55
--------------------------
            CPU Cores                     Memory                        
Node        Requested   Usage             Requested   Current Use    Max Used            
node0397    2           1.00 (49.91 %)    240.00 GiB  207.53 GiB     216.01 GiB (90.00 %)

Node        GPU Model                     Compute Usage  Memory Usage   
node0397    NVIDIA A100 80GB PCIe         0 %            1.21 GiB       


Current Per Node Stats -- Oct  4 16:03:55
--------------------------
            CPU Cores                     Memory                        
Node        Requested   Usage             Requested   Current Use    Max Used            
node0397    2           1.00 (49.97 %)    240.00 GiB  207.91 GiB     216.01 GiB (90.00 %)

Node        GPU Model                     Compute Usage  Memory Usage   
node0397    NVIDIA A100 80GB PCIe         0 %            1.21 GiB       


Current Per Node Stats -- Oct  4 16:04:55
--------------------------
            CPU Cores                     Memory                        
Node        Requested   Usage             Requested   Current Use    Max Used            
node0397    2           1.00 (49.96 %)    240.00 GiB  208.35 GiB     216.01 GiB (90.00 %)

Node        GPU Model                     Compute Usage  Memory Usage   
node0397    NVIDIA A100 80GB PCIe         0 %            1.21 GiB       


Current Per Node Stats -- Oct  4 16:05:55
--------------------------
            CPU Cores                     Memory                        
Node        Requested   Usage             Requested   Current Use    Max Used            
node0397    2           1.00 (49.97 %)    240.00 GiB  208.78 GiB     216.01 GiB (90.00 %)

Node        GPU Model                     Compute Usage  Memory Usage   
node0397    NVIDIA A100 80GB PCIe         0 %            1.21 GiB       


Current Per Node Stats -- Oct  4 16:06:55
--------------------------
            CPU Cores                     Memory                        
Node        Requested   Usage             Requested   Current Use    Max Used            
node0397    2           1.00 (49.96 %)    240.00 GiB  209.16 GiB     216.01 GiB (90.00 %)

Node        GPU Model                     Compute Usage  Memory Usage   
node0397    NVIDIA A100 80GB PCIe         0 %            1.21 GiB       


Current Per Node Stats -- Oct  4 16:07:55
--------------------------
            CPU Cores                     Memory                        
Node        Requested   Usage             Requested   Current Use    Max Used            
node0397    2           1.00 (49.97 %)    240.00 GiB  209.60 GiB     216.01 GiB (90.00 %)

Node        GPU Model                     Compute Usage  Memory Usage   
node0397    NVIDIA A100 80GB PCIe         0 %            1.21 GiB       


Current Per Node Stats -- Oct  4 16:08:55
--------------------------
            CPU Cores                     Memory                        
Node        Requested   Usage             Requested   Current Use    Max Used            
node0397    2           1.00 (49.96 %)    240.00 GiB  210.04 GiB     216.01 GiB (90.00 %)

Node        GPU Model                     Compute Usage  Memory Usage   
node0397    NVIDIA A100 80GB PCIe         0 %            1.21 GiB       


Current Per Node Stats -- Oct  4 16:09:55
--------------------------
            CPU Cores                     Memory                        
Node        Requested   Usage             Requested   Current Use    Max Used            
node0397    2           1.00 (49.97 %)    240.00 GiB  210.48 GiB     216.01 GiB (90.00 %)

Node        GPU Model                     Compute Usage  Memory Usage   
node0397    NVIDIA A100 80GB PCIe         0 %            1.21 GiB       


Current Per Node Stats -- Oct  4 16:10:55
--------------------------
            CPU Cores                     Memory                        
Node        Requested   Usage             Requested   Current Use    Max Used            
node0397    2           1.00 (49.96 %)    240.00 GiB  210.91 GiB     216.01 GiB (90.00 %)

Node        GPU Model                     Compute Usage  Memory Usage   
node0397    NVIDIA A100 80GB PCIe         0 %            1.21 GiB       


Current Per Node Stats -- Oct  4 16:11:55
--------------------------
            CPU Cores                     Memory                        
Node        Requested   Usage             Requested   Current Use    Max Used            
node0397    2           1.00 (49.97 %)    240.00 GiB  210.16 GiB     216.01 GiB (90.00 %)

Node        GPU Model                     Compute Usage  Memory Usage   
node0397    NVIDIA A100 80GB PCIe         0 %            1.21 GiB       


Current Per Node Stats -- Oct  4 16:12:55
--------------------------
            CPU Cores                     Memory                        
Node        Requested   Usage             Requested   Current Use    Max Used            
node0397    2           1.00 (49.97 %)    240.00 GiB  210.59 GiB     216.01 GiB (90.00 %)

Node        GPU Model                     Compute Usage  Memory Usage   
node0397    NVIDIA A100 80GB PCIe         0 %            1.21 GiB       


Current Per Node Stats -- Oct  4 16:13:55
--------------------------
            CPU Cores                     Memory                        
Node        Requested   Usage             Requested   Current Use    Max Used            
node0397    2           1.00 (49.96 %)    240.00 GiB  211.10 GiB     216.01 GiB (90.00 %)

Node        GPU Model                     Compute Usage  Memory Usage   
node0397    NVIDIA A100 80GB PCIe         0 %            1.21 GiB       


Current Per Node Stats -- Oct  4 16:14:55
--------------------------
            CPU Cores                     Memory                        
Node        Requested   Usage             Requested   Current Use    Max Used            
node0397    2           1.00 (49.97 %)    240.00 GiB  211.60 GiB     216.01 GiB (90.00 %)

Node        GPU Model                     Compute Usage  Memory Usage   
node0397    NVIDIA A100 80GB PCIe         0 %            1.21 GiB       


Current Per Node Stats -- Oct  4 16:15:55
--------------------------
            CPU Cores                     Memory                        
Node        Requested   Usage             Requested   Current Use    Max Used            
node0397    2           1.00 (49.97 %)    240.00 GiB  212.10 GiB     216.01 GiB (90.00 %)

Node        GPU Model                     Compute Usage  Memory Usage   
node0397    NVIDIA A100 80GB PCIe         0 %            1.21 GiB       


Current Per Node Stats -- Oct  4 16:16:55
--------------------------
            CPU Cores                     Memory                        
Node        Requested   Usage             Requested   Current Use    Max Used            
node0397    2           1.00 (49.96 %)    240.00 GiB  211.34 GiB     216.01 GiB (90.00 %)

Node        GPU Model                     Compute Usage  Memory Usage   
node0397    NVIDIA A100 80GB PCIe         0 %            1.21 GiB       


Current Per Node Stats -- Oct  4 16:17:55
--------------------------
            CPU Cores                     Memory                        
Node        Requested   Usage             Requested   Current Use    Max Used            
node0397    2           1.00 (49.97 %)    240.00 GiB  211.78 GiB     216.01 GiB (90.00 %)

Node        GPU Model                     Compute Usage  Memory Usage   
node0397    NVIDIA A100 80GB PCIe         0 %            1.21 GiB       


Current Per Node Stats -- Oct  4 16:18:55
--------------------------
            CPU Cores                     Memory                        
Node        Requested   Usage             Requested   Current Use    Max Used            
node0397    2           1.00 (49.97 %)    240.00 GiB  212.28 GiB     216.01 GiB (90.00 %)

Node        GPU Model                     Compute Usage  Memory Usage   
node0397    NVIDIA A100 80GB PCIe         0 %            1.21 GiB       


Current Per Node Stats -- Oct  4 16:19:55
--------------------------
            CPU Cores                     Memory                        
Node        Requested   Usage             Requested   Current Use    Max Used            
node0397    2           1.00 (49.96 %)    240.00 GiB  212.78 GiB     216.01 GiB (90.00 %)

Node        GPU Model                     Compute Usage  Memory Usage   
node0397    NVIDIA A100 80GB PCIe         0 %            1.21 GiB       


Current Per Node Stats -- Oct  4 16:20:55
--------------------------
            CPU Cores                     Memory                        
Node        Requested   Usage             Requested   Current Use    Max Used            
node0397    2           1.00 (49.97 %)    240.00 GiB  213.35 GiB     216.01 GiB (90.00 %)

Node        GPU Model                     Compute Usage  Memory Usage   
node0397    NVIDIA A100 80GB PCIe         0 %            1.21 GiB       


Current Per Node Stats -- Oct  4 16:21:55
--------------------------
            CPU Cores                     Memory                        
Node        Requested   Usage             Requested   Current Use    Max Used            
node0397    2           1.00 (49.96 %)    240.00 GiB  213.85 GiB     216.01 GiB (90.00 %)

Node        GPU Model                     Compute Usage  Memory Usage   
node0397    NVIDIA A100 80GB PCIe         0 %            1.21 GiB       


Current Per Node Stats -- Oct  4 16:22:55
--------------------------
            CPU Cores                     Memory                        
Node        Requested   Usage             Requested   Current Use    Max Used            
node0397    2           1.00 (49.97 %)    240.00 GiB  214.35 GiB     216.01 GiB (90.00 %)

Node        GPU Model                     Compute Usage  Memory Usage   
node0397    NVIDIA A100 80GB PCIe         0 %            1.21 GiB       


Current Per Node Stats -- Oct  4 16:23:55
--------------------------
            CPU Cores                     Memory                        
Node        Requested   Usage             Requested   Current Use    Max Used            
node0397    2           1.00 (49.94 %)    240.00 GiB  212.39 GiB     216.01 GiB (90.00 %)

Node        GPU Model                     Compute Usage  Memory Usage   
node0397    NVIDIA A100 80GB PCIe         0 %            1.21 GiB       


Current Per Node Stats -- Oct  4 16:24:55
--------------------------
            CPU Cores                     Memory                        
Node        Requested   Usage             Requested   Current Use    Max Used            
node0397    2           1.00 (49.97 %)    240.00 GiB  212.89 GiB     216.01 GiB (90.00 %)

Node        GPU Model                     Compute Usage  Memory Usage   
node0397    NVIDIA A100 80GB PCIe         0 %            1.21 GiB       


Current Per Node Stats -- Oct  4 16:25:55
--------------------------
            CPU Cores                     Memory                        
Node        Requested   Usage             Requested   Current Use    Max Used            
node0397    2           1.00 (49.97 %)    240.00 GiB  213.40 GiB     216.01 GiB (90.00 %)

Node        GPU Model                     Compute Usage  Memory Usage   
node0397    NVIDIA A100 80GB PCIe         0 %            1.21 GiB       


Current Per Node Stats -- Oct  4 16:26:55
--------------------------
            CPU Cores                     Memory                        
Node        Requested   Usage             Requested   Current Use    Max Used            
node0397    2           1.00 (49.90 %)    240.00 GiB  202.30 GiB     216.01 GiB (90.00 %)

Node        GPU Model                     Compute Usage  Memory Usage   
node0397    NVIDIA A100 80GB PCIe         0 %            1.21 GiB       


Current Per Node Stats -- Oct  4 16:27:55
--------------------------
            CPU Cores                     Memory                        
Node        Requested   Usage             Requested   Current Use    Max Used            
node0397    2           1.00 (49.97 %)    240.00 GiB  202.74 GiB     216.01 GiB (90.00 %)

Node        GPU Model                     Compute Usage  Memory Usage   
node0397    NVIDIA A100 80GB PCIe         0 %            1.21 GiB       


Current Per Node Stats -- Oct  4 16:28:55
--------------------------
            CPU Cores                     Memory                        
Node        Requested   Usage             Requested   Current Use    Max Used            
node0397    2           1.00 (49.96 %)    240.00 GiB  203.24 GiB     216.01 GiB (90.00 %)

Node        GPU Model                     Compute Usage  Memory Usage   
node0397    NVIDIA A100 80GB PCIe         0 %            1.21 GiB       


Current Per Node Stats -- Oct  4 16:29:55
--------------------------
            CPU Cores                     Memory                        
Node        Requested   Usage             Requested   Current Use    Max Used            
node0397    2           1.00 (49.97 %)    240.00 GiB  203.74 GiB     216.01 GiB (90.00 %)

Node        GPU Model                     Compute Usage  Memory Usage   
node0397    NVIDIA A100 80GB PCIe         0 %            1.21 GiB       


Current Per Node Stats -- Oct  4 16:30:55
--------------------------
            CPU Cores                     Memory                        
Node        Requested   Usage             Requested   Current Use    Max Used            
node0397    2           1.00 (49.96 %)    240.00 GiB  204.18 GiB     216.01 GiB (90.00 %)

Node        GPU Model                     Compute Usage  Memory Usage   
node0397    NVIDIA A100 80GB PCIe         0 %            1.21 GiB       


Current Per Node Stats -- Oct  4 16:31:55
--------------------------
            CPU Cores                     Memory                        
Node        Requested   Usage             Requested   Current Use    Max Used            
node0397    2           1.00 (49.97 %)    240.00 GiB  203.42 GiB     216.01 GiB (90.00 %)

Node        GPU Model                     Compute Usage  Memory Usage   
node0397    NVIDIA A100 80GB PCIe         0 %            1.21 GiB       


Current Per Node Stats -- Oct  4 16:32:55
--------------------------
            CPU Cores                     Memory                        
Node        Requested   Usage             Requested   Current Use    Max Used            
node0397    2           1.00 (49.95 %)    240.00 GiB  203.92 GiB     216.01 GiB (90.00 %)

Node        GPU Model                     Compute Usage  Memory Usage   
node0397    NVIDIA A100 80GB PCIe         0 %            1.21 GiB       


Current Per Node Stats -- Oct  4 16:33:55
--------------------------
            CPU Cores                     Memory                        
Node        Requested   Usage             Requested   Current Use    Max Used            
node0397    2           1.00 (49.96 %)    240.00 GiB  204.36 GiB     216.01 GiB (90.00 %)

Node        GPU Model                     Compute Usage  Memory Usage   
node0397    NVIDIA A100 80GB PCIe         0 %            1.21 GiB       


Current Per Node Stats -- Oct  4 16:34:55
--------------------------
            CPU Cores                     Memory                        
Node        Requested   Usage             Requested   Current Use    Max Used            
node0397    2           1.00 (49.97 %)    240.00 GiB  204.80 GiB     216.01 GiB (90.00 %)

Node        GPU Model                     Compute Usage  Memory Usage   
node0397    NVIDIA A100 80GB PCIe         0 %            1.21 GiB       


Current Per Node Stats -- Oct  4 16:35:55
--------------------------
            CPU Cores                     Memory                        
Node        Requested   Usage             Requested   Current Use    Max Used            
node0397    2           1.00 (49.97 %)    240.00 GiB  205.24 GiB     216.01 GiB (90.00 %)

Node        GPU Model                     Compute Usage  Memory Usage   
node0397    NVIDIA A100 80GB PCIe         0 %            1.21 GiB       


Current Per Node Stats -- Oct  4 16:36:55
--------------------------
            CPU Cores                     Memory                        
Node        Requested   Usage             Requested   Current Use    Max Used            
node0397    2           1.00 (49.97 %)    240.00 GiB  205.68 GiB     216.01 GiB (90.00 %)

Node        GPU Model                     Compute Usage  Memory Usage   
node0397    NVIDIA A100 80GB PCIe         0 %            1.21 GiB       


Current Per Node Stats -- Oct  4 16:37:55
--------------------------
            CPU Cores                     Memory                        
Node        Requested   Usage             Requested   Current Use    Max Used            
node0397    2           1.00 (49.96 %)    240.00 GiB  204.86 GiB     216.01 GiB (90.00 %)

Node        GPU Model                     Compute Usage  Memory Usage   
node0397    NVIDIA A100 80GB PCIe         0 %            1.21 GiB       


Current Per Node Stats -- Oct  4 16:38:55
--------------------------
            CPU Cores                     Memory                        
Node        Requested   Usage             Requested   Current Use    Max Used            
node0397    2           1.00 (49.97 %)    240.00 GiB  205.30 GiB     216.01 GiB (90.00 %)

Node        GPU Model                     Compute Usage  Memory Usage   
node0397    NVIDIA A100 80GB PCIe         0 %            1.21 GiB       


Current Per Node Stats -- Oct  4 16:39:55
--------------------------
            CPU Cores                     Memory                        
Node        Requested   Usage             Requested   Current Use    Max Used            
node0397    2           1.00 (49.97 %)    240.00 GiB  205.74 GiB     216.01 GiB (90.00 %)

Node        GPU Model                     Compute Usage  Memory Usage   
node0397    NVIDIA A100 80GB PCIe         0 %            1.21 GiB       


Current Per Node Stats -- Oct  4 16:40:55
--------------------------
            CPU Cores                     Memory                        
Node        Requested   Usage             Requested   Current Use    Max Used            
node0397    2           1.00 (49.96 %)    240.00 GiB  206.18 GiB     216.01 GiB (90.00 %)

Node        GPU Model                     Compute Usage  Memory Usage   
node0397    NVIDIA A100 80GB PCIe         0 %            1.21 GiB       


Current Per Node Stats -- Oct  4 16:41:55
--------------------------
            CPU Cores                     Memory                        
Node        Requested   Usage             Requested   Current Use    Max Used            
node0397    2           1.00 (49.97 %)    240.00 GiB  206.61 GiB     216.01 GiB (90.00 %)

Node        GPU Model                     Compute Usage  Memory Usage   
node0397    NVIDIA A100 80GB PCIe         0 %            1.21 GiB       


Current Per Node Stats -- Oct  4 16:42:55
--------------------------
            CPU Cores                     Memory                        
Node        Requested   Usage             Requested   Current Use    Max Used            
node0397    2           1.00 (49.97 %)    240.00 GiB  207.12 GiB     216.01 GiB (90.00 %)

Node        GPU Model                     Compute Usage  Memory Usage   
node0397    NVIDIA A100 80GB PCIe         0 %            1.21 GiB       


Current Per Node Stats -- Oct  4 16:43:55
--------------------------
            CPU Cores                     Memory                        
Node        Requested   Usage             Requested   Current Use    Max Used            
node0397    2           1.00 (49.97 %)    240.00 GiB  207.56 GiB     216.01 GiB (90.00 %)

Node        GPU Model                     Compute Usage  Memory Usage   
node0397    NVIDIA A100 80GB PCIe         0 %            1.21 GiB       


Current Per Node Stats -- Oct  4 16:44:55
--------------------------
            CPU Cores                     Memory                        
Node        Requested   Usage             Requested   Current Use    Max Used            
node0397    2           1.00 (49.97 %)    240.00 GiB  207.99 GiB     216.01 GiB (90.00 %)

Node        GPU Model                     Compute Usage  Memory Usage   
node0397    NVIDIA A100 80GB PCIe         0 %            1.21 GiB       


Current Per Node Stats -- Oct  4 16:45:55
--------------------------
            CPU Cores                     Memory                        
Node        Requested   Usage             Requested   Current Use    Max Used            
node0397    2           1.00 (49.97 %)    240.00 GiB  208.43 GiB     216.01 GiB (90.00 %)

Node        GPU Model                     Compute Usage  Memory Usage   
node0397    NVIDIA A100 80GB PCIe         0 %            1.21 GiB       


Current Per Node Stats -- Oct  4 16:46:55
--------------------------
            CPU Cores                     Memory                        
Node        Requested   Usage             Requested   Current Use    Max Used            
node0397    2           1.00 (49.96 %)    240.00 GiB  206.42 GiB     216.01 GiB (90.00 %)

Node        GPU Model                     Compute Usage  Memory Usage   
node0397    NVIDIA A100 80GB PCIe         0 %            1.21 GiB       


Current Per Node Stats -- Oct  4 16:47:55
--------------------------
            CPU Cores                     Memory                        
Node        Requested   Usage             Requested   Current Use    Max Used            
node0397    2           1.00 (49.97 %)    240.00 GiB  206.79 GiB     216.01 GiB (90.00 %)

Node        GPU Model                     Compute Usage  Memory Usage   
node0397    NVIDIA A100 80GB PCIe         0 %            1.21 GiB       


Current Per Node Stats -- Oct  4 16:48:55
--------------------------
            CPU Cores                     Memory                        
Node        Requested   Usage             Requested   Current Use    Max Used            
node0397    2           1.00 (49.93 %)    240.00 GiB  205.97 GiB     216.01 GiB (90.00 %)

Node        GPU Model                     Compute Usage  Memory Usage   
node0397    NVIDIA A100 80GB PCIe         0 %            1.21 GiB       


Current Per Node Stats -- Oct  4 16:49:55
--------------------------
            CPU Cores                     Memory                        
Node        Requested   Usage             Requested   Current Use    Max Used            
node0397    2           1.00 (49.96 %)    240.00 GiB  206.41 GiB     216.01 GiB (90.00 %)

Node        GPU Model                     Compute Usage  Memory Usage   
node0397    NVIDIA A100 80GB PCIe         0 %            1.21 GiB       


Current Per Node Stats -- Oct  4 16:50:55
--------------------------
            CPU Cores                     Memory                        
Node        Requested   Usage             Requested   Current Use    Max Used            
node0397    2           1.00 (49.97 %)    240.00 GiB  206.91 GiB     216.01 GiB (90.00 %)

Node        GPU Model                     Compute Usage  Memory Usage   
node0397    NVIDIA A100 80GB PCIe         0 %            1.21 GiB       


Current Per Node Stats -- Oct  4 16:51:55
--------------------------
            CPU Cores                     Memory                        
Node        Requested   Usage             Requested   Current Use    Max Used            
node0397    2           1.00 (49.96 %)    240.00 GiB  207.29 GiB     216.01 GiB (90.00 %)

Node        GPU Model                     Compute Usage  Memory Usage   
node0397    NVIDIA A100 80GB PCIe         0 %            1.21 GiB       


Current Per Node Stats -- Oct  4 16:52:55
--------------------------
            CPU Cores                     Memory                        
Node        Requested   Usage             Requested   Current Use    Max Used            
node0397    2           1.00 (49.97 %)    240.00 GiB  207.73 GiB     216.01 GiB (90.00 %)

Node        GPU Model                     Compute Usage  Memory Usage   
node0397    NVIDIA A100 80GB PCIe         0 %            1.21 GiB       


Current Per Node Stats -- Oct  4 16:53:55
--------------------------
            CPU Cores                     Memory                        
Node        Requested   Usage             Requested   Current Use    Max Used            
node0397    2           1.00 (49.96 %)    240.00 GiB  208.17 GiB     216.01 GiB (90.00 %)

Node        GPU Model                     Compute Usage  Memory Usage   
node0397    NVIDIA A100 80GB PCIe         0 %            1.21 GiB       


Current Per Node Stats -- Oct  4 16:54:55
--------------------------
            CPU Cores                     Memory                        
Node        Requested   Usage             Requested   Current Use    Max Used            
node0397    2           1.00 (49.97 %)    240.00 GiB  208.54 GiB     216.01 GiB (90.00 %)

Node        GPU Model                     Compute Usage  Memory Usage   
node0397    NVIDIA A100 80GB PCIe         0 %            1.21 GiB       


Current Per Node Stats -- Oct  4 16:55:55
--------------------------
            CPU Cores                     Memory                        
Node        Requested   Usage             Requested   Current Use    Max Used            
node0397    2           1.00 (49.97 %)    240.00 GiB  208.98 GiB     216.01 GiB (90.00 %)

Node        GPU Model                     Compute Usage  Memory Usage   
node0397    NVIDIA A100 80GB PCIe         0 %            1.21 GiB       


Current Per Node Stats -- Oct  4 16:56:55
--------------------------
            CPU Cores                     Memory                        
Node        Requested   Usage             Requested   Current Use    Max Used            
node0397    2           1.00 (49.97 %)    240.00 GiB  209.42 GiB     216.01 GiB (90.00 %)

Node        GPU Model                     Compute Usage  Memory Usage   
node0397    NVIDIA A100 80GB PCIe         0 %            1.21 GiB       


Current Per Node Stats -- Oct  4 16:57:55
--------------------------
            CPU Cores                     Memory                        
Node        Requested   Usage             Requested   Current Use    Max Used            
node0397    2           1.00 (49.96 %)    240.00 GiB  208.60 GiB     216.01 GiB (90.00 %)

Node        GPU Model                     Compute Usage  Memory Usage   
node0397    NVIDIA A100 80GB PCIe         0 %            1.21 GiB       


Current Per Node Stats -- Oct  4 16:58:55
--------------------------
            CPU Cores                     Memory                        
Node        Requested   Usage             Requested   Current Use    Max Used            
node0397    2           1.00 (49.96 %)    240.00 GiB  209.10 GiB     216.01 GiB (90.00 %)

Node        GPU Model                     Compute Usage  Memory Usage   
node0397    NVIDIA A100 80GB PCIe         0 %            1.21 GiB       


Current Per Node Stats -- Oct  4 16:59:55
--------------------------
            CPU Cores                     Memory                        
Node        Requested   Usage             Requested   Current Use    Max Used            
node0397    2           1.00 (49.96 %)    240.00 GiB  209.54 GiB     216.01 GiB (90.00 %)

Node        GPU Model                     Compute Usage  Memory Usage   
node0397    NVIDIA A100 80GB PCIe         0 %            1.21 GiB       


Current Per Node Stats -- Oct  4 17:00:55
--------------------------
            CPU Cores                     Memory                        
Node        Requested   Usage             Requested   Current Use    Max Used            
node0397    2           1.00 (49.97 %)    240.00 GiB  209.98 GiB     216.01 GiB (90.00 %)

Node        GPU Model                     Compute Usage  Memory Usage   
node0397    NVIDIA A100 80GB PCIe         0 %            1.21 GiB       


Current Per Node Stats -- Oct  4 17:01:55
--------------------------
            CPU Cores                     Memory                        
Node        Requested   Usage             Requested   Current Use    Max Used            
node0397    2           1.00 (49.94 %)    240.00 GiB  210.42 GiB     216.01 GiB (90.00 %)

Node        GPU Model                     Compute Usage  Memory Usage   
node0397    NVIDIA A100 80GB PCIe         0 %            1.21 GiB       


Current Per Node Stats -- Oct  4 17:02:55
--------------------------
            CPU Cores                     Memory                        
Node        Requested   Usage             Requested   Current Use    Max Used            
node0397    2           1.00 (49.95 %)    240.00 GiB  209.72 GiB     216.01 GiB (90.00 %)

Node        GPU Model                     Compute Usage  Memory Usage   
node0397    NVIDIA A100 80GB PCIe         0 %            1.21 GiB       


Current Per Node Stats -- Oct  4 17:03:55
--------------------------
            CPU Cores                     Memory                        
Node        Requested   Usage             Requested   Current Use    Max Used            
node0397    2           1.00 (49.96 %)    240.00 GiB  210.22 GiB     216.01 GiB (90.00 %)

Node        GPU Model                     Compute Usage  Memory Usage   
node0397    NVIDIA A100 80GB PCIe         0 %            1.21 GiB       


Current Per Node Stats -- Oct  4 17:04:55
--------------------------
            CPU Cores                     Memory                        
Node        Requested   Usage             Requested   Current Use    Max Used            
node0397    2           1.00 (49.97 %)    240.00 GiB  210.66 GiB     216.01 GiB (90.00 %)

Node        GPU Model                     Compute Usage  Memory Usage   
node0397    NVIDIA A100 80GB PCIe         0 %            1.21 GiB       


Current Per Node Stats -- Oct  4 17:05:55
--------------------------
            CPU Cores                     Memory                        
Node        Requested   Usage             Requested   Current Use    Max Used            
node0397    2           1.00 (49.97 %)    240.00 GiB  211.10 GiB     216.01 GiB (90.00 %)

Node        GPU Model                     Compute Usage  Memory Usage   
node0397    NVIDIA A100 80GB PCIe         0 %            1.21 GiB       


Current Per Node Stats -- Oct  4 17:06:55
--------------------------
            CPU Cores                     Memory                        
Node        Requested   Usage             Requested   Current Use    Max Used            
node0397    2           1.00 (49.96 %)    240.00 GiB  211.60 GiB     216.01 GiB (90.00 %)

Node        GPU Model                     Compute Usage  Memory Usage   
node0397    NVIDIA A100 80GB PCIe         0 %            1.21 GiB       


Current Per Node Stats -- Oct  4 17:07:55
--------------------------
            CPU Cores                     Memory                        
Node        Requested   Usage             Requested   Current Use    Max Used            
node0397    2           1.00 (49.96 %)    240.00 GiB  212.10 GiB     216.01 GiB (90.00 %)

Node        GPU Model                     Compute Usage  Memory Usage   
node0397    NVIDIA A100 80GB PCIe         0 %            1.21 GiB       


Current Per Node Stats -- Oct  4 17:08:55
--------------------------
            CPU Cores                     Memory                        
Node        Requested   Usage             Requested   Current Use    Max Used            
node0397    2           1.00 (49.96 %)    240.00 GiB  212.61 GiB     216.01 GiB (90.00 %)

Node        GPU Model                     Compute Usage  Memory Usage   
node0397    NVIDIA A100 80GB PCIe         0 %            1.21 GiB       


Current Per Node Stats -- Oct  4 17:09:55
--------------------------
            CPU Cores                     Memory                        
Node        Requested   Usage             Requested   Current Use    Max Used            
node0397    2           1.00 (49.97 %)    240.00 GiB  213.11 GiB     216.01 GiB (90.00 %)

Node        GPU Model                     Compute Usage  Memory Usage   
node0397    NVIDIA A100 80GB PCIe         0 %            1.21 GiB       


Current Per Node Stats -- Oct  4 17:10:55
--------------------------
            CPU Cores                     Memory                        
Node        Requested   Usage             Requested   Current Use    Max Used            
node0397    2           1.00 (49.96 %)    240.00 GiB  211.15 GiB     216.01 GiB (90.00 %)

Node        GPU Model                     Compute Usage  Memory Usage   
node0397    NVIDIA A100 80GB PCIe         0 %            1.21 GiB       


Current Per Node Stats -- Oct  4 17:11:55
--------------------------
            CPU Cores                     Memory                        
Node        Requested   Usage             Requested   Current Use    Max Used            
node0397    2           1.00 (49.96 %)    240.00 GiB  211.65 GiB     216.01 GiB (90.00 %)

Node        GPU Model                     Compute Usage  Memory Usage   
node0397    NVIDIA A100 80GB PCIe         0 %            1.21 GiB       


Current Per Node Stats -- Oct  4 17:12:55
--------------------------
            CPU Cores                     Memory                        
Node        Requested   Usage             Requested   Current Use    Max Used            
node0397    2           1.00 (49.96 %)    240.00 GiB  212.09 GiB     216.01 GiB (90.00 %)

Node        GPU Model                     Compute Usage  Memory Usage   
node0397    NVIDIA A100 80GB PCIe         0 %            1.21 GiB       


Current Per Node Stats -- Oct  4 17:13:55
--------------------------
            CPU Cores                     Memory                        
Node        Requested   Usage             Requested   Current Use    Max Used            
node0397    2           1.00 (49.91 %)    240.00 GiB  203.83 GiB     216.01 GiB (90.00 %)

Node        GPU Model                     Compute Usage  Memory Usage   
node0397    NVIDIA A100 80GB PCIe         0 %            1.21 GiB       


Current Per Node Stats -- Oct  4 17:14:55
--------------------------
            CPU Cores                     Memory                        
Node        Requested   Usage             Requested   Current Use    Max Used            
node0397    2           1.00 (49.96 %)    240.00 GiB  204.27 GiB     216.01 GiB (90.00 %)

Node        GPU Model                     Compute Usage  Memory Usage   
node0397    NVIDIA A100 80GB PCIe         0 %            1.21 GiB       


Current Per Node Stats -- Oct  4 17:15:55
--------------------------
            CPU Cores                     Memory                        
Node        Requested   Usage             Requested   Current Use    Max Used            
node0397    2           1.00 (49.96 %)    240.00 GiB  204.71 GiB     216.01 GiB (90.00 %)

Node        GPU Model                     Compute Usage  Memory Usage   
node0397    NVIDIA A100 80GB PCIe         0 %            1.21 GiB       


Current Per Node Stats -- Oct  4 17:16:55
--------------------------
            CPU Cores                     Memory                        
Node        Requested   Usage             Requested   Current Use    Max Used            
node0397    2           1.00 (49.94 %)    240.00 GiB  214.75 GiB     216.01 GiB (90.00 %)

Node        GPU Model                     Compute Usage  Memory Usage   
node0397    NVIDIA A100 80GB PCIe         0 %            1.21 GiB       


Current Per Node Stats -- Oct  4 17:17:55
--------------------------
            CPU Cores                     Memory                        
Node        Requested   Usage             Requested   Current Use    Max Used            
node0397    2           1.00 (49.90 %)    240.00 GiB  208.24 GiB     221.05 GiB (92.11 %)

Node        GPU Model                     Compute Usage  Memory Usage   
node0397    NVIDIA A100 80GB PCIe         25 %           1.21 GiB       


Current Per Node Stats -- Oct  4 17:18:55
--------------------------
            CPU Cores                     Memory                        
Node        Requested   Usage             Requested   Current Use    Max Used            
node0397    2           1.00 (49.91 %)    240.00 GiB  185.16 GiB     222.31 GiB (92.63 %)

Node        GPU Model                     Compute Usage  Memory Usage   
node0397    NVIDIA A100 80GB PCIe         21 %           1.21 GiB       


Current Per Node Stats -- Oct  4 17:19:55
--------------------------
            CPU Cores                     Memory                        
Node        Requested   Usage             Requested   Current Use    Max Used            
node0397    2           1.00 (49.90 %)    240.00 GiB  191.25 GiB     222.31 GiB (92.63 %)

Node        GPU Model                     Compute Usage  Memory Usage   
node0397    NVIDIA A100 80GB PCIe         26 %           1.21 GiB       


Current Per Node Stats -- Oct  4 17:20:55
--------------------------
            CPU Cores                     Memory                        
Node        Requested   Usage             Requested   Current Use    Max Used            
node0397    2           0.98 (48.79 %)    240.00 GiB  197.14 GiB     222.31 GiB (92.63 %)

Node        GPU Model                     Compute Usage  Memory Usage   
node0397    NVIDIA A100 80GB PCIe         0 %            1.21 GiB       


Current Per Node Stats -- Oct  4 17:21:55
--------------------------
            CPU Cores                     Memory                        
Node        Requested   Usage             Requested   Current Use    Max Used            
node0397    2           1.00 (49.90 %)    240.00 GiB  192.09 GiB     222.31 GiB (92.63 %)

Node        GPU Model                     Compute Usage  Memory Usage   
node0397    NVIDIA A100 80GB PCIe         25 %           1.21 GiB       


Current Per Node Stats -- Oct  4 17:22:55
--------------------------
            CPU Cores                     Memory                        
Node        Requested   Usage             Requested   Current Use    Max Used            
node0397    2           1.00 (49.91 %)    240.00 GiB  193.12 GiB     222.31 GiB (92.63 %)

Node        GPU Model                     Compute Usage  Memory Usage   
node0397    NVIDIA A100 80GB PCIe         31 %           1.21 GiB       


Current Per Node Stats -- Oct  4 17:23:55
--------------------------
            CPU Cores                     Memory                        
Node        Requested   Usage             Requested   Current Use    Max Used            
node0397    2           1.00 (49.91 %)    240.00 GiB  192.80 GiB     222.31 GiB (92.63 %)

Node        GPU Model                     Compute Usage  Memory Usage   
node0397    NVIDIA A100 80GB PCIe         27 %           1.21 GiB       


Current Per Node Stats -- Oct  4 17:24:55
--------------------------
            CPU Cores                     Memory                        
Node        Requested   Usage             Requested   Current Use    Max Used            
node0397    2           1.00 (49.91 %)    240.00 GiB  205.03 GiB     222.31 GiB (92.63 %)

Node        GPU Model                     Compute Usage  Memory Usage   
node0397    NVIDIA A100 80GB PCIe         33 %           1.21 GiB       


Current Per Node Stats -- Oct  4 17:25:55
--------------------------
            CPU Cores                     Memory                        
Node        Requested   Usage             Requested   Current Use    Max Used            
node0397    2           1.00 (49.92 %)    240.00 GiB  208.56 GiB     222.31 GiB (92.63 %)

Node        GPU Model                     Compute Usage  Memory Usage   
node0397    NVIDIA A100 80GB PCIe         0 %            1.21 GiB       


Current Per Node Stats -- Oct  4 17:26:55
--------------------------
            CPU Cores                     Memory                        
Node        Requested   Usage             Requested   Current Use    Max Used            
node0397    2           1.00 (49.90 %)    240.00 GiB  205.83 GiB     222.31 GiB (92.63 %)

Node        GPU Model                     Compute Usage  Memory Usage   
node0397    NVIDIA A100 80GB PCIe         31 %           1.21 GiB       


Current Per Node Stats -- Oct  4 17:27:55
--------------------------
            CPU Cores                     Memory                        
Node        Requested   Usage             Requested   Current Use    Max Used            
node0397    2           1.00 (49.91 %)    240.00 GiB  206.76 GiB     222.31 GiB (92.63 %)

Node        GPU Model                     Compute Usage  Memory Usage   
node0397    NVIDIA A100 80GB PCIe         26 %           1.21 GiB       


Current Per Node Stats -- Oct  4 17:28:55
--------------------------
            CPU Cores                     Memory                        
Node        Requested   Usage             Requested   Current Use    Max Used            
node0397    2           1.00 (49.91 %)    240.00 GiB  206.40 GiB     222.31 GiB (92.63 %)

Node        GPU Model                     Compute Usage  Memory Usage   
node0397    NVIDIA A100 80GB PCIe         33 %           1.21 GiB       


Current Per Node Stats -- Oct  4 17:29:55
--------------------------
            CPU Cores                     Memory                        
Node        Requested   Usage             Requested   Current Use    Max Used            
node0397    2           1.00 (49.90 %)    240.00 GiB  206.15 GiB     222.31 GiB (92.63 %)

Node        GPU Model                     Compute Usage  Memory Usage   
node0397    NVIDIA A100 80GB PCIe         32 %           1.24 GiB       


Current Per Node Stats -- Oct  4 17:30:55
--------------------------
            CPU Cores                     Memory                        
Node        Requested   Usage             Requested   Current Use    Max Used            
node0397    2           1.00 (49.90 %)    240.00 GiB  218.99 GiB     222.31 GiB (92.63 %)

Node        GPU Model                     Compute Usage  Memory Usage   
node0397    NVIDIA A100 80GB PCIe         0 %            1.24 GiB       


Current Per Node Stats -- Oct  4 17:31:55
--------------------------
            CPU Cores                     Memory                        
Node        Requested   Usage             Requested   Current Use    Max Used            
node0397    2           1.00 (49.90 %)    240.00 GiB  214.42 GiB     222.35 GiB (92.65 %)

Node        GPU Model                     Compute Usage  Memory Usage   
node0397    NVIDIA A100 80GB PCIe         26 %           1.24 GiB       


Current Per Node Stats -- Oct  4 17:32:55
--------------------------
            CPU Cores                     Memory                        
Node        Requested   Usage             Requested   Current Use    Max Used            
node0397    2           1.00 (49.90 %)    240.00 GiB  220.41 GiB     222.35 GiB (92.65 %)

Node        GPU Model                     Compute Usage  Memory Usage   
node0397    NVIDIA A100 80GB PCIe         33 %           1.24 GiB       


Current Per Node Stats -- Oct  4 17:33:55
--------------------------
            CPU Cores                     Memory                        
Node        Requested   Usage             Requested   Current Use    Max Used            
node0397    2           1.00 (49.91 %)    240.00 GiB  197.45 GiB     228.66 GiB (95.27 %)

Node        GPU Model                     Compute Usage  Memory Usage   
node0397    NVIDIA A100 80GB PCIe         31 %           1.24 GiB       


Current Per Node Stats -- Oct  4 17:34:55
--------------------------
            CPU Cores                     Memory                        
Node        Requested   Usage             Requested   Current Use    Max Used            
node0397    2           0.97 (48.41 %)    240.00 GiB  193.44 GiB     228.66 GiB (95.27 %)

Node        GPU Model                     Compute Usage  Memory Usage   
node0397    NVIDIA A100 80GB PCIe         15 %           1.24 GiB       

Completed: NGC4151_DC3_EC1000_fit_unbinned_executed.ipynb
